1
vertices 4086
-0.0188608 0.0470068 0.00229979 0.333076 -0.208949 0.919457 0.622404 0.52351
-0.00310707 0.0533848 -0.00570536 0.553712 -0.109816 0.825435 0.626924 0.510488
-0.00203228 0.0251526 -0.00877786 0.446095 -0.465697 0.764281 0.606663 0.510029
-0.11634 0.577284 0.0877433 -0.0716978 -0.0844259 0.993847 0.838504 0.419827
-0.121323 0.637971 0.0906763 -0.00788803 -0.0319849 0.999457 0.792877 0.422317
-0.107222 0.603122 0.0881591 0.146988 -0.0303163 0.988674 0.820333 0.429353
-0.218279 0.933994 0.0476146 -0.688248 0.111286 0.716889 0.525962 0.12724
-0.1916 0.959108 0.0602093 -0.458981 0.125586 0.879525 0.510727 0.153312
-0.207434 0.933039 0.0556669 -0.519619 0.134664 0.843719 0.528504 0.137148
0.0550547 1.32346 -0.196701 0.853787 -0.00480839 0.520601 0.152181 0.330771
0.0467806 1.30623 -0.178289 0.877079 0.227193 0.423221 0.172301 0.329045
0.0383101 1.33848 -0.184682 0.666746 0.340423 0.662995 0.152057 0.310971
-0.0350513 1.35531 -0.119028 0.214148 0.868372 0.447293 0.185902 0.245534
-0.0501385 1.36828 -0.163459 -0.137807 0.990072 0.0277036 0.154144 0.230229
-0.0160236 1.35955 -0.140817 0.35463 0.842859 0.404755 0.169852 0.258839
0.1686 1.41336 -0.306016 0.842675 -0.169831 0.510936 0.0762932 0.222247
0.159081 1.45346 -0.314744 0.510587 0.230122 0.828459 0.0466071 0.232779
0.178991 1.42951 -0.325517 0.86562 -0.446896 0.2258 0.0697435 0.241543
-0.068758 0.0349145 -0.0477991 -0.827715 -0.514673 -0.223606 0.367736 0.893109
-0.0486002 0.010019 -0.0455332 -0.509561 -0.852435 -0.117058 0.387222 0.873685
-0.0631542 0.0330355 -0.0589299 -0.719522 -0.47123 -0.510128 0.364373 0.884472
-0.140343 0.192901 -0.0555179 -0.956132 -0.292462 -0.0166775 0.674385 0.671247
-0.150352 0.231985 -0.0517273 -0.969287 -0.243435 0.034974 0.701968 0.687455
-0.142072 0.208154 -0.0337305 -0.950671 -0.271544 0.149961 0.693972 0.665406
-0.183846 0.989027 -0.134946 -0.630607 -0.0707218 -0.772873 0.48188 0.765811
-0.201889 1.04092 -0.121244 -0.756518 -0.0255395 -0.653474 0.516129 0.741362
-0.213704 0.931484 -0.100568 -0.775586 -0.0497835 -0.629275 0.433041 0.740956
-0.200053 1.17192 -0.0131645 -0.8445 0.369975 0.387218 0.345926 0.137823
-0.197106 1.19716 -0.0493705 -0.92312 0.369415 0.106689 0.315199 0.12501
-0.179071 1.23209 -0.0350628 -0.816558 0.470823 0.334005 0.299547 0.150276
-0.176561 1.24698 -0.0621648 -0.889174 0.448911 0.0885961 0.278037 0.142527
-0.182218 1.23637 -0.102569 -0.912313 0.405692 -0.0556703 0.26245 0.115469
-0.150518 1.29525 -0.0972021 -0.831701 0.554951 -0.0173862 0.23151 0.156882
-0.0341282 1.1847 -0.225182 0.0868119 -0.242817 -0.96618 0.651189 0.863493
-0.0385246 1.21699 -0.229895 -0.154215 -0.120193 -0.980699 0.674349 0.856208
-0.0685549 1.18593 -0.218855 -0.290867 -0.135465 -0.947125 0.646783 0.838286
-0.174881 0.56075 0.0605021 -0.524667 -0.148744 0.838212 0.845644 0.370607
-0.197042 0.645966 0.05967 -0.662497 -0.128405 0.737977 0.781007 0.362021
-0.157989 0.583545 0.0724831 -0.428315 -0.121784 0.895385 0.830174 0.387546
0.00151682 1.04721 -0.119153 0.83778 -0.223751 -0.498056 0.537807 0.93102
0.00797701 1.00724 -0.0888463 0.920774 -0.129753 -0.367884 0.504899 0.949315
0.0178256 1.08237 -0.104148 0.921296 -0.218493 -0.321674 0.562397 0.950453
-0.075736 1.27621 -0.0291157 0.210457 0.51705 0.829679 0.271675 0.226969
-0.0802193 1.23448 -0.00565338 0.270959 0.386975 0.88138 0.304663 0.228061
-0.108688 1.24957 -0.00778794 -0.0480271 0.51605 0.855211 0.296624 0.206332
-0.0350513 1.35531 -0.119028 0.214148 0.868372 0.447293 0.185902 0.245534
-0.0250912 1.3359 -0.10196 0.471363 0.64671 0.599652 0.203093 0.255944
-0.0494452 1.34568 -0.0977734 0.16601 0.820109 0.547596 0.202708 0.236913
0.165967 1.4077 -0.309271 0.683859 -0.729178 0.0252133 0.953323 0.835774
0.138971 1.39959 -0.323746 0.230894 -0.836844 -0.496367 0.932227 0.84523
0.107329 1.37839 -0.292151 0.383529 -0.87645 -0.291103 0.925267 0.880292
-0.209102 0.596713 -0.0671015 -0.856988 -0.10529 -0.504465 0.293048 0.647827
-0.20938 0.550628 -0.0531306 -0.936772 -0.174787 -0.303162 0.326488 0.660548
-0.187409 0.519083 -0.0837996 -0.843984 -0.140301 -0.517693 0.352735 0.635365
-0.101107 1.24728 -0.208185 -0.511437 0.0436941 -0.858209 0.68562 0.804095
-0.0639648 1.23311 -0.225073 -0.329761 -0.0321433 -0.943517 0.681966 0.835394
-0.0818644 1.28178 -0.215055 -0.460491 0.166566 -0.871897 0.713655 0.813103
-0.0424104 0.67569 -0.141147 0.608417 0.0919077 -0.788278 0.25495 0.484838
-0.0221022 0.709592 -0.119698 0.711634 0.0747876 -0.698558 0.232394 0.459934
-0.0487292 0.733334 -0.141077 0.613468 0.0529382 -0.787943 0.211391 0.483117
-0.158649 0.621341 -0.124156 -0.558668 -0.0301659 -0.828843 0.281513 0.588699
-0.179311 0.640706 -0.109309 -0.66222 -0.0385331 -0.748318 0.264859 0.605573
-0.173257 0.59583 -0.111635 -0.642898 -0.0563721 -0.763875 0.298466 0.605546
-0.0201353 0.805465 0.0217788 0.770029 0.0675391 0.634424 0.820954 0.14415
-0.00383732 0.71155 0.0126519 0.797014 0.0801187 0.598623 0.7501 0.135155
-0.0218763 0.713181 0.0338795 0.718079 0.0657787 0.692846 0.752539 0.15578
-1.66893e-06 0.8555 -0.0147156 0.859147 0.0660941 0.507443 0.856801 0.111405
0.0121861 0.748729 -0.0170674 0.84098 0.0922028 0.533153 0.776652 0.108793
-0.0201353 0.805465 0.0217788 0.770029 0.0675391 0.634424 0.820954 0.14415
-0.129298 0.462253 -0.132688 -0.553559 -0.0831174 -0.828652 0.40215 0.584834
-0.0835919 0.455984 -0.158352 -0.447671 -0.0720158 -0.891293 0.412455 0.547049
-0.0891542 0.501439 -0.159269 -0.433565 -0.0488456 -0.899798 0.378395 0.54536
-0.215584 0.834351 0.0576682 -0.745037 -0.00273224 0.667017 0.64134 0.357754
-0.197644 0.832853 0.0695901 -0.479394 0.0287666 0.877128 0.643091 0.373692
-0.19875 0.764849 0.0693994 -0.500632 -0.0181668 0.86547 0.693327 0.370833
-0.192016 0.466334 -0.0244374 -0.966312 -0.206956 0.153004 0.917771 0.306112
-0.20562 0.532672 -0.018189 -0.964194 -0.189313 0.185716 0.867069 0.306158
-0.187164 0.481772 0.011384 -0.942039 -0.194827 0.273139 0.904913 0.332509
-0.188619 0.440914 -0.0507746 -0.971046 -0.187321 -0.148257 0.845621 0.765348
-0.186216 0.429193 -0.0353403 -0.979622 -0.186649 0.074184 0.843171 0.751023
-0.182877 0.416421 -0.052722 -0.966846 -0.183048 -0.178052 0.828172 0.757942
0.0497236 0.389707 -0.0165056 0.801903 0.0670081 0.593685 0.883135 0.501918
0.0578837 0.327316 -0.0207839 0.808523 0.0480443 0.5865 0.837726 0.486577
0.0247359 0.375103 0.0163507 0.737088 0.0437466 0.67438 0.8671 0.530286
-0.0636153 0.339646 -0.16001 -0.456825 -0.0789139 -0.886049 0.125423 0.849182
-0.107099 0.318567 -0.132116 -0.560801 -0.0901621 -0.823027 0.137437 0.88961
-0.0615606 0.243603 -0.150235 -0.463519 -0.150556 -0.873203 0.19507 0.859522
-0.0336042 0.761096 -0.127644 0.678824 0.0376168 -0.733337 0.192668 0.465315
-0.0443152 0.811763 -0.135693 0.661775 -0.0129798 -0.74959 0.153596 0.469991
-0.058929 0.776038 -0.147314 0.603839 0.00773184 -0.797069 0.17822 0.48763
-0.00912952 0.243661 -0.156967 0.50079 -0.0536902 -0.863902 0.200124 0.818509
-0.007658 0.185653 -0.149032 0.506253 -0.168364 -0.84579 0.240975 0.823623
0.0219393 0.221251 -0.133 0.646166 -0.085657 -0.758375 0.222205 0.794053
-0.170544 0.452192 -0.0920734 -0.819119 -0.141517 -0.555892 0.404042 0.628734
-0.187409 0.519083 -0.0837996 -0.843984 -0.140301 -0.517693 0.352735 0.635365
-0.192132 0.472422 -0.0613151 -0.924155 -0.16885 -0.342678 0.386148 0.654881
-0.0526142 1.22664 -0.0153716 0.501866 0.290305 0.814772 0.304168 0.249888
-0.0496931 1.27063 -0.0355639 0.420548 0.436322 0.795464 0.270245 0.246153
-0.0262642 1.25521 -0.0442954 0.60735 0.290523 0.739406 0.273796 0.266595
0.00221395 0.364113 0.0383446 0.61953 0.0227505 0.784643 0.855026 0.552004
-0.0205646 0.302145 0.0537169 0.434473 -0.0202923 0.900456 0.806896 0.563652
-0.0223565 0.376588 0.0540323 0.468979 0.0127036 0.883118 0.86021 0.575449
-0.12739 0.470578 0.0682335 -0.405063 -0.138831 0.903687 0.916752 0.397428
-0.128719 0.591604 0.0864105 -0.296791 -0.0940383 0.950301 0.826679 0.412179
-0.105279 0.482879 0.0785351 -0.247558 -0.11426 0.962112 0.909687 0.416615
-0.209783 1.15925 -0.0446479 -0.95032 0.289528 0.114303 0.342466 0.112182
-0.200053 1.17192 -0.0131645 -0.8445 0.369975 0.387218 0.345926 0.137823
-0.215728 1.11164 -0.00497627 -0.926933 0.240604 0.28793 0.388784 0.123434
-0.110232 0.217735 0.037004 -0.487179 -0.198147 0.850526 0.729478 0.617539
-0.0856895 0.170049 0.035603 -0.380113 -0.295272 0.876544 0.701084 0.591089
-0.112635 0.179388 0.0250897 -0.638036 -0.296681 0.710556 0.700617 0.613006
-0.091413 0.386882 -0.148523 -0.509297 -0.0771065 -0.85713 0.0883147 0.866655
-0.0637851 0.394601 -0.163746 -0.382768 -0.0441484 -0.922789 0.0857177 0.841772
-0.0835919 0.455984 -0.158352 -0.447671 -0.0720158 -0.891293 0.0385769 0.850508
0.0731878 0.29287 -0.0406268 0.965692 0.0404266 0.256525 0.814248 0.463479
0.05651 0.244089 -0.0166892 0.783848 -0.0302048 0.620218 0.774564 0.47933
0.0578837 0.327316 -0.0207839 0.808523 0.0480443 0.5865 0.837726 0.486577
-0.00763893 0.158446 0.0295999 0.453319 -0.267408 0.850291 0.70537 0.531096
-0.00103951 0.190061 0.0339704 0.534556 -0.159058 0.830031 0.729074 0.531113
0.0151072 0.16098 0.0143383 0.620236 -0.227274 0.750769 0.708759 0.511361
0.0353785 0.19249 0.00302696 0.711489 -0.121119 0.69218 0.733686 0.496209
-0.00103951 0.190061 0.0339704 0.534556 -0.159058 0.830031 0.729074 0.531113
0.00621319 0.239766 0.0352192 0.58839 -0.0659672 0.805882 0.765702 0.53203
-0.0476398 0.213465 0.0553546 0.138467 -0.165582 0.976427 0.740426 0.570644
-0.063242 0.247896 0.0611916 -0.0272113 -0.127588 0.991454 0.762247 0.587395
-0.0477872 0.288785 0.0628376 0.217993 -0.0623817 0.973955 0.793477 0.582731
-0.00103951 0.190061 0.0339704 0.534556 -0.159058 0.830031 0.729074 0.531113
-0.00763893 0.158446 0.0295999 0.453319 -0.267408 0.850291 0.70537 0.531096
-0.0230894 0.191998 0.0447917 0.321678 -0.193972 0.926767 0.728234 0.549013
0.0241661 0.117336 -0.00921416 0.617837 -0.264574 0.740458 0.675472 0.49313
0.0313416 0.0897319 -0.0254397 0.736635 -0.279674 0.615753 0.653509 0.480854
-0.00246143 0.0855085 -0.000235558 0.537039 -0.221121 0.81406 0.650595 0.512598
-0.0476398 0.213465 0.0553546 0.138467 -0.165582 0.976427 0.740426 0.570644
-0.0524778 0.151657 0.0410113 -0.0598434 -0.301852 0.951475 0.69538 0.56389
-0.0657253 0.200804 0.0524139 -0.204354 -0.225135 0.952656 0.72844 0.581261
0.0157671 0.0527986 -0.0210822 0.70991 -0.136546 0.690929 0.624974 0.49238
-0.00310707 0.0533848 -0.00570536 0.553712 -0.109816 0.825435 0.626924 0.510488
-0.00246143 0.0855085 -0.000235558 0.537039 -0.221121 0.81406 0.650595 0.512598
-0.0524778 0.151657 0.0410113 -0.0598434 -0.301852 0.951475 0.69538 0.56389
-0.0420189 0.0951179 0.0197215 0.0273784 -0.331188 0.943167 0.65482 0.547008
-0.0563936 0.100667 0.0198653 -0.244368 -0.347847 0.905145 0.656001 0.558686
-0.0188608 0.0470068 0.00229979 0.333076 -0.208949 0.919457 0.622404 0.52351
-0.0305824 0.0450132 0.00439358 0.0403779 -0.323826 0.945255 0.620106 0.531946
-0.0273609 0.0817232 0.0122082 0.352456 -0.238757 0.904859 0.646661 0.533725
-0.0305824 0.0450132 0.00439358 0.0403779 -0.323826 0.945255 0.620106 0.531946
-0.0236902 0.0207219 -0.00593853 0.0427472 -0.621959 0.781882 0.602899 0.524397
-0.0421467 0.0411304 0.00114775 -0.272597 -0.443777 0.85367 0.615206 0.539654
0.0157671 0.0527986 -0.0210822 0.70991 -0.136546 0.690929 0.624974 0.49238
-0.00203228 0.0251526 -0.00877786 0.446095 -0.465697 0.764281 0.606663 0.510029
-0.00310707 0.0533848 -0.00570536 0.553712 -0.109816 0.825435 0.626924 0.510488
0.0157671 0.0527986 -0.0210822 0.70991 -0.136546 0.690929 0.624974 0.49238
0.028574 0.0480395 -0.0416656 0.766185 0.0108145 0.642529 0.618492 0.475062
0.026145 0.0254472 -0.0356185 0.854355 -0.467321 0.22735 0.601261 0.48322
-0.0856895 0.170049 0.035603 -0.380113 -0.295272 0.876544 0.701084 0.591089
-0.0964499 0.141632 0.0191307 -0.503317 -0.364481 0.78347 0.676307 0.595281
-0.112635 0.179388 0.0250897 -0.638036 -0.296681 0.710556 0.700617 0.613006
-0.0964499 0.141632 0.0191307 -0.503317 -0.364481 0.78347 0.676307 0.595281
-0.0563936 0.100667 0.0198653 -0.244368 -0.347847 0.905145 0.656001 0.558686
-0.0751276 0.0977339 0.0116143 -0.422667 -0.339694 0.840214 0.648735 0.572469
-0.0436115 0.0239101 -0.0117996 -0.429876 -0.552763 0.713905 0.600029 0.538859
-0.0576906 0.0227498 -0.0239322 -0.630738 -0.64926 0.425007 0.591948 0.549481
-0.0709963 0.0600779 -0.00170565 -0.571824 -0.431246 0.697886 0.621398 0.563367
-0.0167613 0.446354 0.0485871 0.555358 0.0283057 0.831129 0.911816 0.579781
0.0067997 0.451063 0.0298882 0.689116 0.0536328 0.722664 0.919438 0.55803
0.00221395 0.364113 0.0383446 0.61953 0.0227505 0.784643 0.855026 0.552004
-0.0272801 0.513145 0.0536244 0.583216 0.0298818 0.811767 0.959059 0.597714
-0.0167613 0.446354 0.0485871 0.555358 0.0283057 0.831129 0.911816 0.579781
-0.0532713 0.497096 0.0690382 0.433341 -0.0171665 0.901067 0.942896 0.618175
-0.0532713 0.497096 0.0690382 0.433341 -0.0171665 0.901067 0.594368 0.202612
-0.0765438 0.492272 0.0778537 0.249865 -0.0476625 0.967107 0.592187 0.221398
-0.071563 0.548822 0.0784798 0.33529 -0.012984 0.942025 0.634034 0.214785
-0.0937061 0.522002 0.0829473 0.109715 -0.0708151 0.991437 0.882024 0.429897
-0.0765438 0.492272 0.0778537 0.249865 -0.0476625 0.967107 0.906187 0.439105
-0.106471 0.518683 0.082829 -0.104239 -0.104439 0.989053 0.882986 0.420103
-0.0694885 0.42814 0.0727406 0.249419 -0.0415397 0.967504 0.889996 0.620761
-0.0951471 0.486512 0.0802698 0.0174102 -0.0744923 0.99707 0.92808 0.64948
-0.0765438 0.492272 0.0778537 0.249865 -0.0476625 0.967107 0.935543 0.636241
-0.0694885 0.42814 0.0727406 0.249419 -0.0415397 0.967504 0.889996 0.620761
-0.0765438 0.492272 0.0778537 0.249865 -0.0476625 0.967107 0.935543 0.636241
-0.0532713 0.497096 0.0690382 0.433341 -0.0171665 0.901067 0.942896 0.618175
-0.100644 0.433698 0.0749989 -0.256304 -0.110531 0.960256 0.888645 0.645007
-0.0951471 0.486512 0.0802698 0.0174102 -0.0744923 0.99707 0.92808 0.64948
-0.0853815 0.340462 0.0677409 -0.237427 -0.115362 0.964531 0.82394 0.618533
-0.128719 0.591604 0.0864105 -0.296791 -0.0940383 0.950301 0.826679 0.412179
-0.106471 0.518683 0.082829 -0.104239 -0.104439 0.989053 0.882986 0.420103
-0.105279 0.482879 0.0785351 -0.247558 -0.11426 0.962112 0.909687 0.416615
-0.0477872 0.288785 0.0628376 0.217993 -0.0623817 0.973955 0.793477 0.582731
-0.063242 0.247896 0.0611916 -0.0272113 -0.127588 0.991454 0.762247 0.587395
-0.0757785 0.354137 0.0699272 0.0357791 -0.0634148 0.997346 0.835434 0.613697
-0.0951471 0.486512 0.0802698 0.0174102 -0.0744923 0.99707 0.92808 0.64948
-0.0694885 0.42814 0.0727406 0.249419 -0.0415397 0.967504 0.889996 0.620761
-0.0757785 0.354137 0.0699272 0.0357791 -0.0634148 0.997346 0.835434 0.613697
-0.12739 0.470578 0.0682335 -0.405063 -0.138831 0.903687 0.909533 0.672334
-0.105279 0.482879 0.0785351 -0.247558 -0.11426 0.962112 0.923618 0.656533
-0.100644 0.433698 0.0749989 -0.256304 -0.110531 0.960256 0.888645 0.645007
-0.145227 0.375706 0.0456996 -0.535378 -0.137267 0.833384 0.835338 0.671462
-0.13911 0.310547 0.0373964 -0.651132 -0.172075 0.739201 0.788843 0.65647
-0.156642 0.37497 0.0361218 -0.765988 -0.159861 0.622662 0.83104 0.681858
-0.100644 0.433698 0.0749989 -0.256304 -0.110531 0.960256 0.888645 0.645007
-0.111359 0.350005 0.0580859 -0.416195 -0.138088 0.898729 0.824897 0.640393
-0.151474 0.460541 0.0547366 -0.518495 -0.165831 0.838846 0.896006 0.690742
-0.12103 0.697723 0.0909276 0.115079 0.00568034 0.99334 0.747768 0.24344
-0.108204 0.777969 0.0864434 0.27677 0.0442135 0.959919 0.806432 0.228022
-0.0944967 0.699494 0.084959 0.298328 0.0220184 0.95421 0.747303 0.223149
-0.0754595 0.717137 0.0768309 0.459264 0.04549 0.887134 0.759102 0.20671
-0.0701207 0.633131 0.0770583 0.443076 0.0251701 0.896131 0.696476 0.208301
-0.0903232 0.621594 0.0849528 0.277649 -0.00027729 0.960683 0.68925 0.225133
-0.120058 0.84895 0.0848765 0.237987 0.0755779 0.968323 0.859946 0.231143
-0.0817094 0.81798 0.0729284 0.454833 0.0725093 0.88762 0.834261 0.203422
-0.108204 0.777969 0.0864434 0.27677 0.0442135 0.959919 0.806432 0.228022
-0.0903232 0.621594 0.0849528 0.277649 -0.00027729 0.960683 0.68925 0.225133
-0.121323 0.637971 0.0906763 -0.00788803 -0.0319849 0.999457 0.703371 0.247525
-0.12103 0.697723 0.0909276 0.115079 0.00568034 0.99334 0.747768 0.24344
-0.129734 0.801763 0.0899682 0.131365 0.0420358 0.990442 0.825635 0.242463
-0.108204 0.777969 0.0864434 0.27677 0.0442135 0.959919 0.806432 0.228022
-0.138427 0.77101 0.0915389 -0.0233874 -0.00637689 0.999706 0.803425 0.251243
-0.11634 0.577284 0.0877433 -0.0716978 -0.0844259 0.993847 0.838504 0.419827
-0.0958843 0.560952 0.0846963 0.16826 -0.0397276 0.984942 0.852988 0.432949
-0.106471 0.518683 0.082829 -0.104239 -0.104439 0.989053 0.882986 0.420103
-0.141799 0.740569 0.0913219 -0.171172 -0.0102484 0.985188 0.781034 0.255875
-0.138427 0.77101 0.0915389 -0.0233874 -0.00637689 0.999706 0.803425 0.251243
-0.12103 0.697723 0.0909276 0.115079 0.00568034 0.99334 0.747768 0.24344
-0.148343 0.791141 0.090888 -0.186252 0.0071929 0.982476 0.675848 0.412422
-0.157234 0.845122 0.0868583 -0.270625 0.0539269 0.961173 0.635067 0.406624
-0.142938 0.832077 0.0895238 0.00329136 0.0643642 0.997921 0.645053 0.417348
-0.11634 0.577284 0.0877433 -0.0716978 -0.0844259 0.993847 0.838504 0.419827
-0.107222 0.603122 0.0881591 0.146988 -0.0303163 0.988674 0.820333 0.429353
-0.0958843 0.560952 0.0846963 0.16826 -0.0397276 0.984942 0.852988 0.432949
-0.152208 0.690694 0.0852075 -0.364042 -0.0632787 0.929231 0.751028 0.403161
-0.194262 0.704118 0.067699 -0.507097 -0.0730155 0.858791 0.738334 0.370132
-0.161446 0.742487 0.0847688 -0.35709 -0.0341317 0.933446 0.711745 0.399644
-0.172503 0.822215 0.0811191 -0.391805 0.0130826 0.919955 0.651733 0.39395
-0.148343 0.791141 0.090888 -0.186252 0.0071929 0.982476 0.675848 0.412422
-0.19875 0.764849 0.0693994 -0.500632 -0.0181668 0.86547 0.693327 0.370833
-0.194262 0.704118 0.067699 -0.507097 -0.0730155 0.858791 0.738334 0.370132
-0.197042 0.645966 0.05967 -0.662497 -0.128405 0.737977 0.781007 0.362021
-0.209378 0.759546 0.0617037 -0.687501 -0.0444828 0.72482 0.696685 0.360916
-0.209378 0.759546 0.0617037 -0.687501 -0.0444828 0.72482 0.696685 0.360916
-0.218617 0.796142 0.0528355 -0.84226 -0.0358146 0.537881 0.669339 0.352617
-0.19875 0.764849 0.0693994 -0.500632 -0.0181668 0.86547 0.693327 0.370833
-0.0745318 0.891777 0.062917 0.492428 0.0781533 0.866837 0.888527 0.190871
-0.0491323 0.862286 0.0473564 0.645645 0.0590513 0.761351 0.865007 0.170332
-0.0817094 0.81798 0.0729284 0.454833 0.0725093 0.88762 0.834261 0.203422
-0.0491323 0.862286 0.0473564 0.645645 0.0590513 0.761351 0.865007 0.170332
-0.0745318 0.891777 0.062917 0.492428 0.0781533 0.866837 0.888527 0.190871
-0.0501375 0.937289 0.0415051 0.631102 0.0831965 0.771226 0.920747 0.164482
-0.0501375 0.937289 0.0415051 0.631102 0.0831965 0.771226 0.920747 0.164482
-0.0315051 0.933834 0.0235214 0.750171 0.0735521 0.657141 0.917005 0.145363
-0.0491323 0.862286 0.0473564 0.645645 0.0590513 0.761351 0.865007 0.170332
-0.140059 1.02688 0.0657563 0.0408213 0.193361 0.980278 0.46261 0.197034
-0.109681 0.998097 0.0659332 0.2608 0.155781 0.952741 0.482012 0.222072
-0.142435 0.957572 0.07792 0.0199432 0.137379 0.990318 0.514389 0.196956
-0.109681 0.998097 0.0659332 0.2608 0.155781 0.952741 0.482012 0.222072
-0.0828519 0.991348 0.0563481 0.449744 0.129498 0.88372 0.48362 0.244991
-0.112461 0.94885 0.0739846 0.277306 0.113683 0.954032 0.518996 0.22225
-0.114477 0.898995 0.0796123 0.275957 0.086691 0.957253 0.594341 0.438563
-0.14666 0.908102 0.0839467 -0.0321665 0.101955 0.994269 0.58808 0.41423
-0.112461 0.94885 0.0739846 0.277306 0.113683 0.954032 0.556823 0.439453
-0.109681 0.998097 0.0659332 0.2608 0.155781 0.952741 0.482012 0.222072
-0.140059 1.02688 0.0657563 0.0408213 0.193361 0.980278 0.46261 0.197034
-0.112465 1.07059 0.0525901 0.192296 0.21993 0.956375 0.428604 0.216439
-0.158131 0.961324 0.0755057 -0.263739 0.140082 0.954368 0.548096 0.404763
-0.142435 0.957572 0.07792 0.0199432 0.137379 0.990318 0.550921 0.416689
-0.162136 0.90992 0.0803556 -0.321987 0.101047 0.941336 0.586565 0.402414
-0.140059 1.02688 0.0657563 0.0408213 0.193361 0.980278 0.46261 0.197034
-0.155364 1.02764 0.0644784 -0.235292 0.202167 0.950666 0.462201 0.185155
-0.142035 1.0995 0.0486388 -0.0951582 0.267582 0.958825 0.409283 0.192592
-0.197644 0.832853 0.0695901 -0.479394 0.0287666 0.877128 0.643091 0.373692
-0.200286 0.887669 0.0648642 -0.469798 0.103469 0.876689 0.60232 0.371449
-0.157234 0.845122 0.0868583 -0.270625 0.0539269 0.961173 0.635067 0.406624
-0.0883012 1.06345 0.0470843 0.378146 0.180382 0.908002 0.431161 0.235798
-0.112465 1.07059 0.0525901 0.192296 0.21993 0.956375 0.428604 0.216439
-0.0794683 1.13296 0.027509 0.384142 0.235617 0.892703 0.378856 0.237947
-0.108743 1.1434 0.0331595 0.171063 0.275666 0.94591 0.375084 0.214834
-0.112465 1.07059 0.0525901 0.192296 0.21993 0.956375 0.428604 0.216439
-0.142035 1.0995 0.0486388 -0.0951582 0.267582 0.958825 0.409283 0.192592
-0.108743 1.1434 0.0331595 0.171063 0.275666 0.94591 0.375084 0.214834
-0.137634 1.1625 0.0287986 -0.169573 0.336008 0.926468 0.362742 0.19219
-0.122648 1.18941 0.0201871 -0.0167262 0.377714 0.925771 0.342629 0.201268
-0.0526142 1.22664 -0.0153716 0.501866 0.290305 0.814772 0.304168 0.249888
-0.0279503 1.19889 -0.0258014 0.676532 0.196124 0.709817 0.316097 0.274548
-0.0701475 1.18051 0.0097003 0.438823 0.259902 0.860166 0.342281 0.241
-0.160909 1.11334 0.0385385 -0.346007 0.299216 0.889241 0.398215 0.177111
-0.137634 1.1625 0.0287986 -0.169573 0.336008 0.926468 0.362742 0.19219
-0.142035 1.0995 0.0486388 -0.0951582 0.267582 0.958825 0.409283 0.192592
-0.138792 1.19911 0.0121474 -0.292314 0.435051 0.851636 0.335029 0.188466
-0.124823 1.23739 -0.00448155 -0.264413 0.495499 0.827386 0.305726 0.195647
-0.122648 1.18941 0.0201871 -0.0167262 0.377714 0.925771 0.342629 0.201268
-0.189108 1.12235 0.0215888 -0.494427 0.320807 0.807852 0.388615 0.153287
-0.201876 1.07525 0.0313897 -0.553278 0.246315 0.795746 0.423054 0.145176
-0.209661 1.09756 0.0165977 -0.742149 0.283779 0.607194 0.404266 0.136328
-0.122118 1.30674 -0.0633898 -0.3449 0.721737 0.600117 0.243134 0.189343
-0.117766 1.28496 -0.0386698 -0.287848 0.648241 0.704931 0.265347 0.19574
-0.143249 1.29542 -0.0647087 -0.51793 0.695722 0.497715 0.249518 0.173801
0.0617113 0.157225 -0.0388846 0.935415 -0.206135 0.287241 0.707695 0.458712
0.0543089 0.180643 -0.0215209 0.779665 -0.130827 0.612378 0.72583 0.473029
0.0679083 0.192421 -0.0377465 0.921145 -0.144042 0.361584 0.735813 0.457945
0.0724192 0.214322 -0.0422215 0.987832 -0.0867073 0.129109 0.753426 0.454642
0.0679083 0.192421 -0.0377465 0.921145 -0.144042 0.361584 0.735813 0.457945
0.0734482 0.244402 -0.0395316 0.971749 -0.0234653 0.234848 0.776815 0.458431
0.0731878 0.29287 -0.0406268 0.965692 0.0404266 0.256525 0.190796 0.70526
0.0727711 0.286564 -0.0481224 0.979443 0.0281147 -0.199751 0.194391 0.71145
0.0734482 0.244402 -0.0395316 0.971749 -0.0234653 0.234848 0.228622 0.712965
0.0617113 0.157225 -0.0388846 0.935415 -0.206135 0.287241 0.707695 0.458712
0.0514259 0.117515 -0.0391064 0.929737 -0.314454 0.191592 0.675451 0.462883
0.0489235 0.127005 -0.0289383 0.779773 -0.240701 0.577942 0.683861 0.470038
0.0514259 0.117515 -0.0391064 0.929737 -0.314454 0.191592 0.323641 0.755448
0.0617113 0.157225 -0.0388846 0.935415 -0.206135 0.287241 0.295526 0.7381
0.0637646 0.165424 -0.0505475 0.963317 -0.2116 -0.165065 0.285347 0.742545
0.0617113 0.157225 -0.0388846 0.935415 -0.206135 0.287241 0.295526 0.7381
0.0679083 0.192421 -0.0377465 0.921145 -0.144042 0.361584 0.269289 0.725108
0.0637646 0.165424 -0.0505475 0.963317 -0.2116 -0.165065 0.285347 0.742545
0.0656881 0.196643 -0.062 0.941951 -0.128517 -0.310179 0.259118 0.740817
0.0637646 0.165424 -0.0505475 0.963317 -0.2116 -0.165065 0.285347 0.742545
0.0724192 0.214322 -0.0422215 0.987832 -0.0867073 0.129109 0.251222 0.721738
0.0489235 0.127005 -0.0289383 0.779773 -0.240701 0.577942 0.683861 0.470038
0.0514259 0.117515 -0.0391064 0.929737 -0.314454 0.191592 0.675451 0.462883
0.0313416 0.0897319 -0.0254397 0.736635 -0.279674 0.615753 0.653509 0.480854
0.0514259 0.117515 -0.0391064 0.929737 -0.314454 0.191592 0.323641 0.755448
0.0391579 0.0869372 -0.0547757 0.888297 -0.294544 -0.35238 0.3387 0.779889
0.0339565 0.065783 -0.0490863 0.956846 -0.280545 -0.0757694 0.356124 0.787164
0.0656881 0.196643 -0.062 0.941951 -0.128517 -0.310179 0.259118 0.740817
0.0724192 0.214322 -0.0422215 0.987832 -0.0867073 0.129109 0.251222 0.721738
0.0685396 0.239365 -0.0643102 0.948615 -0.0271808 -0.315262 0.226812 0.731906
0.0607548 0.280222 -0.0821581 0.893989 0.0294277 -0.447122 0.192432 0.738449
0.0685396 0.239365 -0.0643102 0.948615 -0.0271808 -0.315262 0.226812 0.731906
0.0727711 0.286564 -0.0481224 0.979443 0.0281147 -0.199751 0.194391 0.71145
0.0571375 0.214441 -0.0871471 0.878158 -0.0820635 -0.47128 0.239426 0.754609
0.0532198 0.171313 -0.0811983 0.869731 -0.206872 -0.448076 0.271826 0.762773
0.0656881 0.196643 -0.062 0.941951 -0.128517 -0.310179 0.259118 0.740817
0.0731878 0.29287 -0.0406268 0.965692 0.0404266 0.256525 0.814248 0.463479
0.0617599 0.409885 -0.0363307 0.8983 0.0928945 0.42945 0.901264 0.487914
0.068738 0.352821 -0.0436223 0.995388 0.0902182 -0.032617 0.859951 0.471584
0.0595422 0.447576 -0.043945 0.99248 0.106741 -0.0599087 0.930029 0.489912
0.0645905 0.398222 -0.0416373 0.994428 0.0884849 0.0573092 0.89345 0.48167
0.0617599 0.409885 -0.0363307 0.8983 0.0928945 0.42945 0.901264 0.487914
0.0727711 0.286564 -0.0481224 0.979443 0.0281147 -0.199751 0.194391 0.71145
0.0731878 0.29287 -0.0406268 0.965692 0.0404266 0.256525 0.190796 0.70526
0.068738 0.352821 -0.0436223 0.995388 0.0902182 -0.032617 0.143918 0.700284
0.0727711 0.286564 -0.0481224 0.979443 0.0281147 -0.199751 0.194391 0.71145
0.068738 0.352821 -0.0436223 0.995388 0.0902182 -0.032617 0.143918 0.700284
0.0654898 0.315424 -0.0652276 0.93632 0.0737709 -0.343311 0.169119 0.720823
0.068738 0.352821 -0.0436223 0.995388 0.0902182 -0.032617 0.143918 0.700284
0.0645905 0.398222 -0.0416373 0.994428 0.0884849 0.0573092 0.109386 0.694589
0.0604978 0.399479 -0.0577004 0.947327 0.0854528 -0.308657 0.106325 0.706714
0.0522938 0.372321 -0.084328 0.892314 0.0801096 -0.44425 0.12265 0.730141
0.0604978 0.399479 -0.0577004 0.947327 0.0854528 -0.308657 0.106325 0.706714
0.0537648 0.438897 -0.065375 0.924254 0.107182 -0.366424 0.075594 0.70926
0.020839 0.571764 -0.094641 0.835414 0.131071 -0.533763 0.339294 0.435149
0.0367532 0.447545 -0.0985062 0.854751 0.102914 -0.508733 0.432737 0.438679
0.0403955 0.533024 -0.068279 0.907561 0.125942 -0.400589 0.370165 0.41308
0.0522938 0.372321 -0.084328 0.892314 0.0801096 -0.44425 0.12265 0.730141
0.0260534 0.446895 -0.114075 0.773081 0.0959767 -0.627004 0.0617725 0.751037
0.0339756 0.3464 -0.117866 0.793104 0.072194 -0.604792 0.136001 0.761665
0.0260534 0.446895 -0.114075 0.773081 0.0959767 -0.627004 0.0617725 0.751037
0.0522938 0.372321 -0.084328 0.892314 0.0801096 -0.44425 0.12265 0.730141
0.0367532 0.447545 -0.0985062 0.854751 0.102914 -0.508733 0.0638939 0.736364
0.0367532 0.447545 -0.0985062 0.854751 0.102914 -0.508733 0.432737 0.438679
0.00700331 0.521641 -0.123553 0.716854 0.11309 -0.68799 0.374596 0.461606
0.0260534 0.446895 -0.114075 0.773081 0.0959767 -0.627004 0.431947 0.452692
0.0224085 0.614819 -0.010016 0.806311 0.0889525 0.584765 0.676447 0.114031
0.0281827 0.681257 -0.0307264 0.881412 0.108776 0.459654 0.725416 0.0962331
0.0428636 0.578327 -0.0332037 0.906529 0.104833 0.408919 0.647909 0.0926626
0.0258753 0.717515 -0.0369806 0.990696 0.108982 0.0815141 0.752569 0.0916951
0.0455115 0.566846 -0.03857 0.992414 0.122045 0.0148267 0.639221 0.0884829
0.0428636 0.578327 -0.0332037 0.906529 0.104833 0.408919 0.647909 0.0926626
-1.66893e-06 0.8555 -0.0147156 0.859147 0.0660941 0.507443 0.856801 0.111405
0.0126746 0.848939 -0.0375041 0.914411 0.072046 0.398324 0.851089 0.0922077
0.0121861 0.748729 -0.0170674 0.84098 0.0922028 0.533153 0.776652 0.108793
0.0237597 0.732011 -0.0437042 0.965458 0.0884645 -0.245082 0.223044 0.391693
0.0383573 0.61203 -0.0441878 0.952569 0.128226 -0.275989 0.312016 0.393901
0.0258753 0.717515 -0.0369806 0.990696 0.108982 0.0815141 0.233996 0.387486
0.0237597 0.732011 -0.0437042 0.965458 0.0884645 -0.245082 0.223044 0.391693
0.0144128 0.836211 -0.050167 0.969543 0.0252635 -0.243614 0.146288 0.389577
0.0131064 0.767586 -0.0629652 0.89489 0.0626321 -0.44187 0.195356 0.405127
0.0237597 0.732011 -0.0437042 0.965458 0.0884645 -0.245082 0.223044 0.391693
0.0258753 0.717515 -0.0369806 0.990696 0.108982 0.0815141 0.233996 0.387486
0.0144128 0.836211 -0.050167 0.969543 0.0252635 -0.243614 0.146288 0.389577
0.0131064 0.767586 -0.0629652 0.89489 0.0626321 -0.44187 0.195356 0.405127
0.00712013 0.823936 -0.0695602 0.895683 0.0217215 -0.444162 0.153188 0.406145
-0.0074386 0.774323 -0.0980579 0.804568 0.0456984 -0.5921 0.186703 0.434676
0.0134634 0.652223 -0.0858574 0.836694 0.122726 -0.533743 0.279267 0.427928
0.0188155 0.702713 -0.0643559 0.895543 0.106789 -0.43197 0.243219 0.408977
0.00328332 0.721363 -0.0880583 0.822136 0.0786491 -0.563832 0.227217 0.428749
0.020839 0.571764 -0.094641 0.835414 0.131071 -0.533763 0.339294 0.435149
-0.00613701 0.628053 -0.117418 0.722169 0.126505 -0.680051 0.294595 0.457013
0.00700331 0.521641 -0.123553 0.716854 0.11309 -0.68799 0.374596 0.461606
0.0126321 0.920824 -0.0480357 0.954527 0.052235 0.293513 0.437229 0.971524
0.0125923 0.957448 -0.0623563 0.987052 -0.0358026 -0.156354 0.465572 0.964453
0.0136793 0.905113 -0.0503402 0.999036 0.0132646 -0.0418446 0.425807 0.968525
0.0128055 1.00296 -0.0621725 0.978548 0.00981601 0.205786 0.498713 0.969119
0.0125923 0.957448 -0.0623563 0.987052 -0.0358026 -0.156354 0.465572 0.964453
0.0126321 0.920824 -0.0480357 0.954527 0.052235 0.293513 0.437229 0.971524
0.0246749 1.11542 -0.0953914 0.962 -0.0639642 0.26545 0.584995 0.963435
0.0223932 1.09564 -0.0967074 0.980695 -0.164153 -0.106262 0.570988 0.95857
0.0140014 1.02342 -0.0757961 0.974891 -0.137397 -0.175242 0.51527 0.961771
0.00972199 0.872224 -0.0642762 0.927249 -0.00188293 -0.374441 0.118421 0.39648
-0.0035603 0.876526 -0.0896695 0.847238 -0.0312133 -0.530295 0.112156 0.417058
0.00712013 0.823936 -0.0695602 0.895683 0.0217215 -0.444162 0.153188 0.406145
0.0223932 1.09564 -0.0967074 0.980695 -0.164153 -0.106262 0.570988 0.95857
0.0178256 1.08237 -0.104148 0.921296 -0.218493 -0.321674 0.562397 0.950453
0.00797701 1.00724 -0.0888463 0.920774 -0.129753 -0.367884 0.504899 0.949315
0.0077877 1.1299 -0.159125 0.77894 -0.344319 -0.524115 0.605319 0.917248
0.00653458 1.08704 -0.132752 0.82449 -0.295551 -0.482561 0.569431 0.928388
0.0205278 1.11777 -0.125512 0.89291 -0.28483 -0.348688 0.591923 0.941857
-0.0243254 1.01441 -0.14326 0.736287 -0.193126 -0.648524 0.515233 0.902491
-0.0178041 1.05394 -0.149993 0.740918 -0.267424 -0.616056 0.545747 0.904334
-0.0460567 1.03663 -0.17071 0.628546 -0.248895 -0.736872 0.53356 0.87719
-0.00260115 1.154 -0.0469606 0.815316 0.102963 0.569789 0.336727 0.309886
-0.0279503 1.19889 -0.0258014 0.676532 0.196124 0.709817 0.316097 0.274548
0.0140839 1.18793 -0.0760612 0.827218 0.0758049 0.556744 0.301116 0.321642
-0.0496931 1.27063 -0.0355639 0.420548 0.436322 0.795464 0.270245 0.246153
-0.0391655 1.31069 -0.0676024 0.423508 0.570454 0.703721 0.23385 0.248698
-0.0106163 1.29362 -0.0768765 0.619094 0.428306 0.658237 0.236378 0.272911
-0.0391655 1.31069 -0.0676024 0.423508 0.570454 0.703721 0.23385 0.248698
-0.0496931 1.27063 -0.0355639 0.420548 0.436322 0.795464 0.270245 0.246153
-0.070735 1.30759 -0.0522461 0.187143 0.612399 0.768079 0.24467 0.226746
-0.0262642 1.25521 -0.0442954 0.60735 0.290523 0.739406 0.273796 0.266595
-0.0106163 1.29362 -0.0768765 0.619094 0.428306 0.658237 0.236378 0.272911
0.0113621 1.26862 -0.0884747 0.767529 0.248633 0.59083 0.243379 0.297367
0.0246749 1.11542 -0.0953914 0.962 -0.0639642 0.26545 0.584995 0.963435
0.0371761 1.17604 -0.127128 0.979209 -0.195732 -0.0532735 0.636101 0.954
0.0223932 1.09564 -0.0967074 0.980695 -0.164153 -0.106262 0.570988 0.95857
0.0245905 1.24201 -0.0998328 0.854135 0.121027 0.505773 0.253922 0.317709
0.0113621 1.26862 -0.0884747 0.767529 0.248633 0.59083 0.243379 0.297367
0.0315905 1.27882 -0.126712 0.86905 0.233019 0.436411 0.217168 0.31633
-0.000858307 1.32387 -0.112176 0.636128 0.554511 0.536525 0.201872 0.276505
0.0186253 1.29886 -0.116139 0.777021 0.385816 0.497377 0.211808 0.298082
-0.0106163 1.29362 -0.0768765 0.619094 0.428306 0.658237 0.236378 0.272911
0.0421572 1.20739 -0.131683 0.981442 -0.0508121 0.184904 0.660176 0.956975
0.0371761 1.17604 -0.127128 0.979209 -0.195732 -0.0532735 0.636101 0.954
0.0246749 1.11542 -0.0953914 0.962 -0.0639642 0.26545 0.584995 0.963435
0.0315905 1.27882 -0.126712 0.86905 0.233019 0.436411 0.217168 0.31633
0.0448837 1.26599 -0.151856 0.924403 0.13422 0.357021 0.211105 0.337985
0.0245905 1.24201 -0.0998328 0.854135 0.121027 0.505773 0.253922 0.317709
-0.0391655 1.31069 -0.0676024 0.423508 0.570454 0.703721 0.23385 0.248698
-0.070735 1.30759 -0.0522461 0.187143 0.612399 0.768079 0.24467 0.226746
-0.0661373 1.328 -0.0711941 0.080528 0.74706 0.659861 0.22554 0.227583
-0.0661373 1.328 -0.0711941 0.080528 0.74706 0.659861 0.22554 0.227583
-0.0494452 1.34568 -0.0977734 0.16601 0.820109 0.547596 0.202708 0.236913
-0.0250912 1.3359 -0.10196 0.471363 0.64671 0.599652 0.203093 0.255944
-0.0106163 1.29362 -0.0768765 0.619094 0.428306 0.658237 0.236378 0.272911
-0.0391655 1.31069 -0.0676024 0.423508 0.570454 0.703721 0.23385 0.248698
-0.0250912 1.3359 -0.10196 0.471363 0.64671 0.599652 0.203093 0.255944
0.00667572 1.34872 -0.155157 0.654645 0.575277 0.490405 0.16472 0.279954
0.0267191 1.31637 -0.148015 0.778801 0.458115 0.428485 0.184814 0.303852
-0.000858307 1.32387 -0.112176 0.636128 0.554511 0.536525 0.201872 0.276505
0.0322809 1.16659 -0.138032 0.912437 -0.286285 -0.292403 0.630822 0.943912
0.0371761 1.17604 -0.127128 0.979209 -0.195732 -0.0532735 0.636101 0.954
0.0460787 1.2431 -0.158521 0.971054 -0.179579 -0.1575 0.691551 0.94416
0.0460787 1.2431 -0.158521 0.971054 -0.179579 -0.1575 0.691551 0.94416
0.0371761 1.17604 -0.127128 0.979209 -0.195732 -0.0532735 0.636101 0.954
0.0421572 1.20739 -0.131683 0.981442 -0.0508121 0.184904 0.660176 0.956975
0.0467806 1.30623 -0.178289 0.877079 0.227193 0.423221 0.172301 0.329045
0.0315905 1.27882 -0.126712 0.86905 0.233019 0.436411 0.217168 0.31633
0.0267191 1.31637 -0.148015 0.778801 0.458115 0.428485 0.184814 0.303852
0.0205278 1.11777 -0.125512 0.89291 -0.28483 -0.348688 0.591923 0.941857
0.0322809 1.16659 -0.138032 0.912437 -0.286285 -0.292403 0.630822 0.943912
0.0077877 1.1299 -0.159125 0.77894 -0.344319 -0.524115 0.605319 0.917248
-0.0160236 1.35955 -0.140817 0.35463 0.842859 0.404755 0.169852 0.258839
0.00265026 1.36603 -0.172004 0.283628 0.83907 0.464237 0.146338 0.272209
0.00667572 1.34872 -0.155157 0.654645 0.575277 0.490405 0.16472 0.279954
0.0380411 1.23687 -0.176519 0.869299 -0.276853 -0.409477 0.689362 0.929048
0.0460787 1.2431 -0.158521 0.971054 -0.179579 -0.1575 0.691551 0.94416
0.0516825 1.30258 -0.188978 0.994946 -0.0996924 0.0119545 0.740543 0.931784
0.0383101 1.33848 -0.184682 0.666746 0.340423 0.662995 0.0787165 0.0780563
0.0495176 1.34955 -0.199308 0.608752 0.252372 0.75215 0.0753338 0.0937224
0.0550547 1.32346 -0.196701 0.853787 -0.00480839 0.520601 0.0945424 0.0881543
0.0825014 1.35994 -0.229366 0.730761 -0.0797051 0.677964 0.080772 0.127535
0.0706043 1.34084 -0.220574 0.85094 -0.48632 0.198479 0.0901996 0.112374
0.0550547 1.32346 -0.196701 0.853787 -0.00480839 0.520601 0.0945424 0.0881543
0.0495176 1.34955 -0.199308 0.608752 0.252372 0.75215 0.0753338 0.0937224
0.0825014 1.35994 -0.229366 0.730761 -0.0797051 0.677964 0.080772 0.127535
0.0550547 1.32346 -0.196701 0.853787 -0.00480839 0.520601 0.0945424 0.0881543
0.0466108 1.38564 -0.210544 0.278691 0.565272 0.776401 0.0507008 0.107608
0.0856009 1.38814 -0.234131 0.54965 0.257546 0.794704 0.0629131 0.139267
0.0495176 1.34955 -0.199308 0.608752 0.252372 0.75215 0.0753338 0.0937224
-0.0160236 1.35955 -0.140817 0.35463 0.842859 0.404755 0.169852 0.258839
-0.0103884 1.37334 -0.194913 -0.176223 0.978739 0.104955 0.127822 0.257362
0.00265026 1.36603 -0.172004 0.283628 0.83907 0.464237 0.146338 0.272209
0.0345182 1.38419 -0.207761 0.00477748 0.800874 0.598813 0.0462059 0.0995361
0.0328093 1.36469 -0.192717 0.533312 0.410868 0.739436 0.0593629 0.0861767
0.00265026 1.36603 -0.172004 0.283628 0.83907 0.464237 0.0486126 0.0610405
0.0508862 1.32587 -0.233851 0.573217 -0.747022 -0.33672 0.911648 0.950797
0.0410261 1.30675 -0.219181 0.71488 -0.550079 -0.431694 0.912274 0.97013
0.0547314 1.3164 -0.201697 0.903571 -0.428369 -0.0077178 0.92991 0.968874
0.0709324 1.40375 -0.234378 0.249369 0.621147 0.742962 0.0472997 0.136156
0.0856009 1.38814 -0.234131 0.54965 0.257546 0.794704 0.0629131 0.139267
0.0466108 1.38564 -0.210544 0.278691 0.565272 0.776401 0.0507008 0.107608
0.0508862 1.32587 -0.233851 0.573217 -0.747022 -0.33672 0.911648 0.950797
0.0710049 1.34016 -0.230796 0.662012 -0.746239 -0.0697663 0.926317 0.939134
0.099287 1.36437 -0.249796 0.722225 -0.658949 0.210184 0.937041 0.910536
-0.128181 1.32471 -0.0974722 -0.645216 0.741041 0.185889 0.217389 0.180016
-0.110737 1.32485 -0.0802692 -0.311254 0.789899 0.528376 0.22539 0.195521
-0.143249 1.29542 -0.0647087 -0.51793 0.695722 0.497715 0.249518 0.173801
-0.0501385 1.36828 -0.163459 -0.137807 0.990072 0.0277036 0.154144 0.230229
-0.0350513 1.35531 -0.119028 0.214148 0.868372 0.447293 0.185902 0.245534
-0.073391 1.3621 -0.140326 -0.221543 0.960576 0.167963 0.173193 0.215555
0.0077877 1.1299 -0.159125 0.77894 -0.344319 -0.524115 0.605319 0.917248
0.0239859 1.16572 -0.15666 0.841206 -0.319972 -0.435879 0.63267 0.928964
0.00659752 1.1693 -0.185817 0.732821 -0.338846 -0.590048 0.638423 0.904632
0.0345182 1.38419 -0.207761 0.00477748 0.800874 0.598813 0.0462059 0.0995361
0.00265026 1.36603 -0.172004 0.283628 0.83907 0.464237 0.0486126 0.0610405
-0.0103884 1.37334 -0.194913 -0.176223 0.978739 0.104955 0.0298105 0.0678498
0.0123329 1.25747 -0.223481 0.66903 -0.309874 -0.675557 0.709234 0.890938
0.0234823 1.24017 -0.203149 0.760802 -0.305466 -0.5726 0.694749 0.907063
0.0377398 1.28965 -0.208101 0.801342 -0.344161 -0.489289 0.733062 0.913036
0.0424681 1.40039 -0.237567 -0.457996 0.880292 0.123799 0.0316785 0.121259
0.0345182 1.38419 -0.207761 0.00477748 0.800874 0.598813 0.0462059 0.0995361
0.013917 1.38305 -0.214847 -0.282825 0.937981 0.200501 0.0318979 0.091693
0.0508862 1.32587 -0.233851 0.573217 -0.747022 -0.33672 0.911648 0.950797
0.0547314 1.3164 -0.201697 0.903571 -0.428369 -0.0077178 0.92991 0.968874
0.0710049 1.34016 -0.230796 0.662012 -0.746239 -0.0697663 0.926317 0.939134
0.0466108 1.38564 -0.210544 0.278691 0.565272 0.776401 0.0507008 0.107608
0.0345182 1.38419 -0.207761 0.00477748 0.800874 0.598813 0.0462059 0.0995361
0.0709324 1.40375 -0.234378 0.249369 0.621147 0.742962 0.0472997 0.136156
0.0424681 1.40039 -0.237567 -0.457996 0.880292 0.123799 0.0316785 0.121259
0.0654659 1.41281 -0.248058 -0.181661 0.804955 0.564842 0.0357733 0.141776
0.0724449 1.41316 -0.245941 -0.126273 0.802745 0.582799 0.0402405 0.144799
0.0875854 1.43284 -0.26884 -0.397582 0.857004 0.32783 0.862521 0.854292
0.0424681 1.40039 -0.237567 -0.457996 0.880292 0.123799 0.848498 0.900095
0.0611124 1.41263 -0.261529 -0.66671 0.732541 -0.137408 0.862636 0.880962
0.107329 1.37839 -0.292151 0.383529 -0.87645 -0.291103 0.925267 0.880292
0.0756989 1.35236 -0.264546 0.446066 -0.833106 -0.327047 0.914316 0.915434
0.123385 1.38338 -0.274177 0.597222 -0.797411 0.0863823 0.944129 0.882347
0.107329 1.37839 -0.292151 0.383529 -0.87645 -0.291103 0.925267 0.880292
0.138971 1.39959 -0.323746 0.230894 -0.836844 -0.496367 0.932227 0.84523
0.102864 1.38145 -0.302202 0.155333 -0.839792 -0.520213 0.918438 0.875224
0.102864 1.38145 -0.302202 0.155333 -0.839792 -0.520213 0.918438 0.875224
0.138971 1.39959 -0.323746 0.230894 -0.836844 -0.496367 0.932227 0.84523
0.104009 1.38812 -0.310652 -0.242433 -0.61219 -0.752629 0.915919 0.867843
0.104692 1.39001 -0.249293 0.626488 0.144131 0.765989 0.0684711 0.156583
0.124867 1.42209 -0.275045 0.501938 0.352699 0.789723 0.054855 0.187887
0.131856 1.39879 -0.272979 0.659629 0.0208451 0.751303 0.0726114 0.183943
0.124919 1.45971 -0.297325 -0.0321548 0.946137 0.322166 0.0298994 0.208878
0.145497 1.42697 -0.289931 0.561386 0.319529 0.763379 0.0590487 0.20668
0.124867 1.42209 -0.275045 0.501938 0.352699 0.789723 0.054855 0.187887
0.131856 1.39879 -0.272979 0.659629 0.0208451 0.751303 0.0726114 0.183943
0.145497 1.42697 -0.289931 0.561386 0.319529 0.763379 0.0590487 0.20668
0.1686 1.41336 -0.306016 0.842675 -0.169831 0.510936 0.0762932 0.222247
0.116472 1.45686 -0.292194 -0.249707 0.92641 0.281798 0.877244 0.822342
0.0973406 1.43841 -0.304144 -0.673752 0.641552 -0.366701 0.886139 0.842206
0.125528 1.45053 -0.318828 -0.570101 0.538422 -0.620553 0.899192 0.819892
0.125528 1.45053 -0.318828 -0.570101 0.538422 -0.620553 0.899192 0.819892
0.143692 1.46544 -0.311192 -0.0530011 0.887192 0.458346 0.894503 0.800274
0.124919 1.45971 -0.297325 -0.0321548 0.946137 0.322166 0.882091 0.815594
0.166245 1.42365 -0.330133 0.231149 -0.24434 -0.941737 0.939182 0.818972
0.159332 1.4402 -0.32858 -0.116004 -0.10746 -0.987419 0.927886 0.811539
0.144183 1.40954 -0.33294 0.0623594 -0.304885 -0.950345 0.929859 0.835357
0.144183 1.40954 -0.33294 0.0623594 -0.304885 -0.950345 0.929859 0.835357
0.159007 1.40949 -0.326771 0.466223 -0.672376 -0.574932 0.939613 0.831072
0.166245 1.42365 -0.330133 0.231149 -0.24434 -0.941737 0.939182 0.818972
0.193891 1.45551 -0.336506 0.816964 0.300695 -0.492089 0.941933 0.786273
0.174602 1.45295 -0.333942 -0.0452593 -0.0276095 -0.998594 0.931174 0.796203
0.159332 1.4402 -0.32858 -0.116004 -0.10746 -0.987419 0.927886 0.811539
0.159332 1.4402 -0.32858 -0.116004 -0.10746 -0.987419 0.927886 0.811539
0.149576 1.46375 -0.337519 -0.241539 0.458096 -0.855457 0.912908 0.80186
0.138705 1.44936 -0.328053 -0.398945 -0.0943219 -0.912111 0.910789 0.81469
0.0654659 1.41281 -0.248058 -0.181661 0.804955 0.564842 0.0357733 0.141776
0.0875854 1.43284 -0.26884 -0.397582 0.857004 0.32783 0.0312636 0.168398
0.0724449 1.41316 -0.245941 -0.126273 0.802745 0.582799 0.0402405 0.144799
0.0875854 1.43284 -0.26884 -0.397582 0.857004 0.32783 0.862521 0.854292
0.0654659 1.41281 -0.248058 -0.181661 0.804955 0.564842 0.852057 0.879655
0.0424681 1.40039 -0.237567 -0.457996 0.880292 0.123799 0.848498 0.900095
0.0445557 1.39459 -0.264205 -0.727761 0.495351 -0.474332 0.868949 0.898981
0.0973406 1.43841 -0.304144 -0.673752 0.641552 -0.366701 0.886139 0.842206
0.0611124 1.41263 -0.261529 -0.66671 0.732541 -0.137408 0.862636 0.880962
0.0875854 1.43284 -0.26884 -0.397582 0.857004 0.32783 0.862521 0.854292
0.0611124 1.41263 -0.261529 -0.66671 0.732541 -0.137408 0.862636 0.880962
0.0973406 1.43841 -0.304144 -0.673752 0.641552 -0.366701 0.886139 0.842206
0.0973406 1.43841 -0.304144 -0.673752 0.641552 -0.366701 0.886139 0.842206
0.0945959 1.42585 -0.310443 -0.656908 0.208975 -0.724431 0.893246 0.849766
0.106405 1.43777 -0.31488 -0.52361 0.425178 -0.738279 0.894805 0.837012
0.125528 1.45053 -0.318828 -0.570101 0.538422 -0.620553 0.899192 0.819892
0.0973406 1.43841 -0.304144 -0.673752 0.641552 -0.366701 0.886139 0.842206
0.106405 1.43777 -0.31488 -0.52361 0.425178 -0.738279 0.894805 0.837012
0.121067 1.40348 -0.328963 -0.262213 -0.323888 -0.909033 0.919792 0.847896
0.131469 1.43263 -0.325983 -0.285187 0.164066 -0.944325 0.912525 0.827174
0.106405 1.43777 -0.31488 -0.52361 0.425178 -0.738279 0.894805 0.837012
0.138971 1.39959 -0.323746 0.230894 -0.836844 -0.496367 0.932227 0.84523
0.159007 1.40949 -0.326771 0.466223 -0.672376 -0.574932 0.939613 0.831072
0.144183 1.40954 -0.33294 0.0623594 -0.304885 -0.950345 0.929859 0.835357
-0.100836 0.125402 0.0064702 -0.719875 -0.399457 0.567639 0.660951 0.597666
-0.112635 0.179388 0.0250897 -0.638036 -0.296681 0.710556 0.700617 0.613006
-0.0964499 0.141632 0.0191307 -0.503317 -0.364481 0.78347 0.676307 0.595281
-0.0751276 0.0977339 0.0116143 -0.422667 -0.339694 0.840214 0.648735 0.572469
-0.0563936 0.100667 0.0198653 -0.244368 -0.347847 0.905145 0.656001 0.558686
-0.0709963 0.0600779 -0.00170565 -0.571824 -0.431246 0.697886 0.621398 0.563367
-0.0436115 0.0239101 -0.0117996 -0.429876 -0.552763 0.713905 0.600029 0.538859
-0.0470476 0.00813295 -0.030453 -0.469117 -0.865401 0.176096 0.582776 0.538607
-0.0576906 0.0227498 -0.0239322 -0.630738 -0.64926 0.425007 0.591948 0.549481
-0.0392866 0.00895974 -0.0195868 -0.254627 -0.8317 0.493396 0.589487 0.533336
0.000730515 0.0136737 -0.0275197 0.328662 -0.866083 0.376671 0.592057 0.50351
-0.0277214 0.00729243 -0.0434687 -0.0177066 -0.998095 0.0591062 0.573228 0.523207
-0.134026 0.202385 -0.00213099 -0.924364 -0.26787 0.271656 0.703399 0.6433
-0.127112 0.202229 0.0156713 -0.844702 -0.256182 0.469945 0.710575 0.631204
-0.11689 0.154621 0.00255203 -0.862307 -0.355425 0.360694 0.676287 0.617145
-0.0702152 0.0456439 -0.0134883 -0.704341 -0.521057 0.482083 0.608153 0.561906
-0.0684452 0.0306576 -0.0328512 -0.81332 -0.573523 0.0978914 0.58965 0.561172
-0.0905409 0.0875986 -0.0104754 -0.8582 -0.425856 0.286599 0.631535 0.586571
-0.0684452 0.0306576 -0.0328512 -0.81332 -0.573523 0.0978914 0.58965 0.561172
-0.0868454 0.0727389 -0.0508459 -0.878609 -0.461277 -0.123571 0.600619 0.597445
-0.0905409 0.0875986 -0.0104754 -0.8582 -0.425856 0.286599 0.631535 0.586571
-0.0576906 0.0227498 -0.0239322 -0.630738 -0.64926 0.425007 0.591948 0.549481
-0.0486002 0.010019 -0.0455332 -0.509561 -0.852435 -0.117058 0.572234 0.542668
-0.0684452 0.0306576 -0.0328512 -0.81332 -0.573523 0.0978914 0.58965 0.561172
-0.0486002 0.010019 -0.0455332 -0.509561 -0.852435 -0.117058 0.387222 0.873685
-0.0277214 0.00729243 -0.0434687 -0.0177066 -0.998095 0.0591062 0.394483 0.855288
-0.042594 0.0107505 -0.0649261 -0.458347 -0.759069 -0.462312 0.375971 0.864538
-0.0107098 0.00964831 -0.07196 0.138216 -0.976182 -0.167226 0.374961 0.841626
-0.0289478 0.0176829 -0.0779493 -0.424288 -0.568594 -0.704755 0.366779 0.854623
-0.042594 0.0107505 -0.0649261 -0.458347 -0.759069 -0.462312 0.375971 0.864538
-0.153414 0.258174 -0.0225821 -0.954817 -0.223833 0.195508 0.731608 0.680276
-0.15613 0.299093 0.00111389 -0.936722 -0.193272 0.291888 0.767911 0.680112
-0.142174 0.265421 0.0182037 -0.870028 -0.209804 0.446131 0.752001 0.655334
-0.0799646 0.0659596 -0.0587268 -0.738473 -0.424849 -0.523604 0.340551 0.901395
-0.0631542 0.0330355 -0.0589299 -0.719522 -0.47123 -0.510128 0.364373 0.884472
-0.0422192 0.0631163 -0.0904365 -0.569114 -0.405357 -0.715399 0.333945 0.865342
-0.134026 0.202385 -0.00213099 -0.924364 -0.26787 0.271656 0.703399 0.6433
-0.142072 0.208154 -0.0337305 -0.950671 -0.271544 0.149961 0.693972 0.665406
-0.153414 0.258174 -0.0225821 -0.954817 -0.223833 0.195508 0.731608 0.680276
-0.150352 0.231985 -0.0517273 -0.969287 -0.243435 0.034974 0.701968 0.687455
-0.150617 0.235402 -0.0629969 -0.949077 -0.238589 -0.205738 0.699652 0.695873
-0.159326 0.268537 -0.0554996 -0.976151 -0.211297 -0.0498229 0.725649 0.705337
-0.0984221 0.0981234 -0.062474 -0.763816 -0.463039 -0.449645 0.314183 0.915532
-0.0868454 0.0727389 -0.0508459 -0.878609 -0.461277 -0.123571 0.337993 0.910617
-0.0799646 0.0659596 -0.0587268 -0.738473 -0.424849 -0.523604 0.340551 0.901395
-0.111606 0.120485 -0.0598018 -0.86836 -0.437581 -0.233397 0.625345 0.633485
-0.102617 0.103444 -0.0364389 -0.893874 -0.437467 0.0980398 0.627282 0.61057
-0.0868454 0.0727389 -0.0508459 -0.878609 -0.461277 -0.123571 0.600619 0.597445
-0.0799646 0.0659596 -0.0587268 -0.738473 -0.424849 -0.523604 0.340551 0.901395
-0.0422192 0.0631163 -0.0904365 -0.569114 -0.405357 -0.715399 0.333945 0.865342
-0.0984221 0.0981234 -0.062474 -0.763816 -0.463039 -0.449645 0.314183 0.915532
-0.150352 0.231985 -0.0517273 -0.969287 -0.243435 0.034974 0.701968 0.687455
-0.140343 0.192901 -0.0555179 -0.956132 -0.292462 -0.0166775 0.674385 0.671247
-0.150617 0.235402 -0.0629969 -0.949077 -0.238589 -0.205738 0.69879 0.69567
-0.138636 0.192999 -0.0657125 -0.909323 -0.282678 -0.305327 0.669398 0.677089
-0.140343 0.192901 -0.0555179 -0.956132 -0.292462 -0.0166775 0.674385 0.671247
-0.124752 0.147495 -0.0582585 -0.916735 -0.373281 -0.14233 0.643575 0.648916
-0.111606 0.120485 -0.0598018 -0.86836 -0.437581 -0.233397 0.296895 0.927454
-0.11848 0.145393 -0.0695877 -0.781015 -0.369258 -0.503652 0.274479 0.928996
-0.124752 0.147495 -0.0582585 -0.916735 -0.373281 -0.14233 0.274831 0.938845
-0.0984221 0.0981234 -0.062474 -0.763816 -0.463039 -0.449645 0.314183 0.915532
-0.083971 0.120325 -0.0910628 -0.610805 -0.41871 -0.672011 0.291329 0.896765
-0.11848 0.145393 -0.0695877 -0.781015 -0.369258 -0.503652 0.274479 0.928996
-0.0436878 0.125257 -0.123703 -0.530535 -0.354273 -0.77008 0.283318 0.858958
-0.0829573 0.152977 -0.111922 -0.567577 -0.361898 -0.739518 0.263221 0.889224
-0.083971 0.120325 -0.0910628 -0.610805 -0.41871 -0.672011 0.291329 0.896765
-0.11848 0.145393 -0.0695877 -0.781015 -0.369258 -0.503652 0.274479 0.928996
-0.132804 0.194563 -0.0784843 -0.815399 -0.279031 -0.507214 0.23329 0.934591
-0.124752 0.147495 -0.0582585 -0.916735 -0.373281 -0.14233 0.274831 0.938845
-0.11848 0.145393 -0.0695877 -0.781015 -0.369258 -0.503652 0.274479 0.928996
-0.104907 0.153138 -0.0912728 -0.686147 -0.369514 -0.626627 0.265262 0.911236
-0.132804 0.194563 -0.0784843 -0.815399 -0.279031 -0.507214 0.23329 0.934591
-0.156642 0.37497 0.0361218 -0.765988 -0.159861 0.622662 0.83104 0.681858
-0.166995 0.393207 0.0235085 -0.907549 -0.159139 0.388625 0.839025 0.698021
-0.162916 0.438277 0.040803 -0.739606 -0.164076 0.652734 0.875595 0.698411
-0.162916 0.438277 0.040803 -0.739606 -0.164076 0.652734 0.875595 0.698411
-0.17398 0.462878 0.036736 -0.805725 -0.228449 0.546459 0.890544 0.712266
-0.151474 0.460541 0.0547366 -0.518495 -0.165831 0.838846 0.896006 0.690742
-0.17398 0.462878 0.036736 -0.805725 -0.228449 0.546459 0.890544 0.712266
-0.178903 0.485717 0.0386691 -0.847481 -0.200622 0.491454 0.906431 0.719551
-0.168413 0.473734 0.0466084 -0.627603 -0.226889 0.744739 0.901265 0.707374
-0.13911 0.310547 0.0373964 -0.651132 -0.172075 0.739201 0.788843 0.65647
-0.117592 0.263717 0.0411906 -0.480033 -0.158953 0.86273 0.760495 0.631538
-0.12646 0.233502 0.0290098 -0.695781 -0.198826 0.690187 0.735578 0.633832
-0.12646 0.233502 0.0290098 -0.695781 -0.198826 0.690187 0.735578 0.633832
-0.142174 0.265421 0.0182037 -0.870028 -0.209804 0.446131 0.752001 0.655334
-0.13911 0.310547 0.0373964 -0.651132 -0.172075 0.739201 0.788843 0.65647
-0.156642 0.37497 0.0361218 -0.765988 -0.159861 0.622662 0.83104 0.681858
-0.156883 0.338671 0.0208001 -0.895504 -0.190341 0.402298 0.801413 0.680674
-0.166995 0.393207 0.0235085 -0.907549 -0.159139 0.388625 0.839025 0.698021
-0.176898 0.437336 0.0174141 -0.920498 -0.181531 0.34602 0.866846 0.717398
-0.17398 0.462878 0.036736 -0.805725 -0.228449 0.546459 0.890544 0.712266
-0.162916 0.438277 0.040803 -0.739606 -0.164076 0.652734 0.875595 0.698411
-0.176898 0.437336 0.0174141 -0.920498 -0.181531 0.34602 0.866846 0.717398
-0.187164 0.481772 0.011384 -0.942039 -0.194827 0.273139 0.894524 0.73764
-0.17398 0.462878 0.036736 -0.805725 -0.228449 0.546459 0.890544 0.712266
-0.186216 0.429193 -0.0353403 -0.979622 -0.186649 0.074184 0.843171 0.751023
-0.178323 0.389177 -0.0222526 -0.975706 -0.160326 0.149308 0.820539 0.72841
-0.182877 0.416421 -0.052722 -0.966846 -0.183048 -0.178052 0.828172 0.757942
-0.153414 0.258174 -0.0225821 -0.954817 -0.223833 0.195508 0.731608 0.680276
-0.159326 0.268537 -0.0554996 -0.976151 -0.211297 -0.0498229 0.725649 0.705337
-0.170072 0.333198 -0.0287981 -0.970376 -0.17138 0.170294 0.7801 0.713087
-0.179294 0.387678 -0.0478768 -0.988617 -0.138365 -0.0590828 0.810431 0.744761
-0.178323 0.389177 -0.0222526 -0.975706 -0.160326 0.149308 0.820539 0.72841
-0.170072 0.333198 -0.0287981 -0.970376 -0.17138 0.170294 0.7801 0.713087
-0.179294 0.387678 -0.0478768 -0.988617 -0.138365 -0.0590828 0.0823889 0.970703
-0.172435 0.334816 -0.0506058 -0.984947 -0.150685 -0.0846928 0.123002 0.968237
-0.174266 0.369173 -0.0599017 -0.938071 -0.120144 -0.324942 0.0964102 0.961298
-0.182877 0.416421 -0.052722 -0.966846 -0.183048 -0.178052 0.0603583 0.967608
-0.179294 0.387678 -0.0478768 -0.988617 -0.138365 -0.0590828 0.0823889 0.970703
-0.174266 0.369173 -0.0599017 -0.938071 -0.120144 -0.324942 0.0964102 0.961298
-0.188619 0.440914 -0.0507746 -0.971046 -0.187321 -0.148257 0.845621 0.765348
-0.194506 0.467911 -0.0456657 -0.977193 -0.203548 -0.0605134 0.865655 0.77171
-0.192016 0.466334 -0.0244374 -0.966312 -0.206956 0.153004 0.871925 0.756923
-0.194506 0.467911 -0.0456657 -0.977193 -0.203548 -0.0605134 0.389028 0.666769
-0.188619 0.440914 -0.0507746 -0.971046 -0.187321 -0.148257 0.409642 0.663066
-0.184935 0.445746 -0.0646453 -0.904109 -0.172221 -0.391059 0.40667 0.652179
-0.184935 0.445746 -0.0646453 -0.904109 -0.172221 -0.391059 0.0379474 0.959395
-0.172833 0.398982 -0.0719078 -0.888408 -0.130069 -0.440242 0.073724 0.951796
-0.170544 0.452192 -0.0920734 -0.819119 -0.141517 -0.555892 0.033726 0.935757
-0.188619 0.440914 -0.0507746 -0.971046 -0.187321 -0.148257 0.0416313 0.970155
-0.182877 0.416421 -0.052722 -0.966846 -0.183048 -0.178052 0.0603583 0.967608
-0.184935 0.445746 -0.0646453 -0.904109 -0.172221 -0.391059 0.0379474 0.959395
-0.170544 0.452192 -0.0920734 -0.819119 -0.141517 -0.555892 0.404042 0.628734
-0.192132 0.472422 -0.0613151 -0.924155 -0.16885 -0.342678 0.386148 0.654881
-0.184935 0.445746 -0.0646453 -0.904109 -0.172221 -0.391059 0.40667 0.652179
-0.146605 0.237638 -0.0754328 -0.873514 -0.207078 -0.440558 0.198943 0.943775
-0.133705 0.240167 -0.0962062 -0.772261 -0.183735 -0.608157 0.196022 0.925759
-0.16276 0.294959 -0.065412 -0.926417 -0.162604 -0.339577 0.153935 0.955896
-0.129298 0.462253 -0.132688 -0.553559 -0.0831174 -0.828652 0.0292969 0.890422
-0.155618 0.454497 -0.111545 -0.699839 -0.112279 -0.705421 0.0329397 0.916921
-0.139314 0.397689 -0.117414 -0.660709 -0.11747 -0.741394 0.0764026 0.909012
-0.209378 0.759546 0.0617037 -0.687501 -0.0444828 0.72482 0.696685 0.360916
-0.197042 0.645966 0.05967 -0.662497 -0.128405 0.737977 0.781007 0.362021
-0.216818 0.75583 0.0514555 -0.885275 -0.0766452 0.458709 0.699084 0.351474
-0.204941 0.654521 0.050776 -0.873646 -0.126509 0.469828 0.774381 0.353427
-0.197042 0.645966 0.05967 -0.662497 -0.128405 0.737977 0.781007 0.362021
-0.186936 0.539235 0.044517 -0.85323 -0.178168 0.490158 0.860891 0.354817
-0.216818 0.75583 0.0514555 -0.885275 -0.0766452 0.458709 0.699084 0.351474
-0.218617 0.796142 0.0528355 -0.84226 -0.0358146 0.537881 0.669339 0.352617
-0.209378 0.759546 0.0617037 -0.687501 -0.0444828 0.72482 0.696685 0.360916
-0.222082 0.611659 -0.0395474 -0.98838 -0.139883 -0.0594863 0.807859 0.285558
-0.20562 0.532672 -0.018189 -0.964194 -0.189313 0.185716 0.867069 0.306158
-0.20815 0.534291 -0.0385365 -0.978694 -0.202742 -0.0324776 0.866759 0.290861
-0.235014 0.721865 -0.0340767 -0.994923 -0.100199 -0.00937919 0.198121 0.669345
-0.235631 0.749556 -0.0450001 -0.936739 -0.0794812 -0.340886 0.178176 0.660181
-0.237407 0.749423 -0.0369253 -0.995333 -0.0762563 -0.0591442 0.177881 0.666404
-0.237407 0.749423 -0.0369253 -0.995333 -0.0762563 -0.0591442 0.703335 0.28382
-0.241422 0.828622 -0.0375142 -0.996491 -0.0446544 -0.0707886 0.643479 0.283621
-0.238019 0.782634 -0.0209017 -0.987807 -0.0524541 0.146577 0.678279 0.295627
-0.241422 0.828622 -0.0375142 -0.996491 -0.0446544 -0.0707886 0.119575 0.66263
-0.237407 0.749423 -0.0369253 -0.995333 -0.0762563 -0.0591442 0.177881 0.666404
-0.235631 0.749556 -0.0450001 -0.936739 -0.0794812 -0.340886 0.178176 0.660181
-0.1997 0.511399 -0.053679 -0.930336 -0.165426 -0.327275 0.356513 0.660016
-0.20938 0.550628 -0.0531306 -0.936772 -0.174787 -0.303162 0.326488 0.660548
-0.20815 0.534291 -0.0385365 -0.978694 -0.202742 -0.0324776 0.33853 0.671544
-0.219944 0.61287 -0.0492787 -0.933133 -0.11136 -0.34185 0.279655 0.661993
-0.222082 0.611659 -0.0395474 -0.98838 -0.139883 -0.0594863 0.280057 0.669462
-0.20938 0.550628 -0.0531306 -0.936772 -0.174787 -0.303162 0.326488 0.660548
-0.235014 0.721865 -0.0340767 -0.994923 -0.100199 -0.00937919 0.198121 0.669345
-0.222082 0.611659 -0.0395474 -0.98838 -0.139883 -0.0594863 0.280057 0.669462
-0.235631 0.749556 -0.0450001 -0.936739 -0.0794812 -0.340886 0.178176 0.660181
-0.238856 0.840003 -0.0505695 -0.928407 -0.0601412 -0.366666 0.11183 0.652277
-0.241422 0.828622 -0.0375142 -0.996491 -0.0446544 -0.0707886 0.119575 0.66263
-0.235631 0.749556 -0.0450001 -0.936739 -0.0794812 -0.340886 0.178176 0.660181
-0.209102 0.596713 -0.0671015 -0.856988 -0.10529 -0.504465 0.293048 0.647827
-0.219944 0.61287 -0.0492787 -0.933133 -0.11136 -0.34185 0.279655 0.661993
-0.20938 0.550628 -0.0531306 -0.936772 -0.174787 -0.303162 0.326488 0.660548
-0.220856 0.719652 -0.0670443 -0.845874 -0.076516 -0.527866 0.20192 0.642566
-0.219944 0.61287 -0.0492787 -0.933133 -0.11136 -0.34185 0.279655 0.661993
-0.209102 0.596713 -0.0671015 -0.856988 -0.10529 -0.504465 0.293048 0.647827
-0.220856 0.719652 -0.0670443 -0.845874 -0.076516 -0.527866 0.20192 0.642566
-0.202093 0.722897 -0.0937111 -0.745417 -0.0605539 -0.663842 0.201956 0.61807
-0.22954 0.778649 -0.0612841 -0.861246 -0.0649966 -0.504014 0.157866 0.64563
-0.146933 0.5377 -0.127798 -0.570941 -0.0559459 -0.819083 0.344432 0.589251
-0.173257 0.59583 -0.111635 -0.642898 -0.0563721 -0.763875 0.298466 0.605546
-0.178934 0.551236 -0.102406 -0.737229 -0.0939427 -0.66908 0.330456 0.617755
-0.223993 0.933924 0.0401864 -0.891963 0.064969 0.447416 0.524594 0.119994
-0.220076 1.02344 0.0295601 -0.820099 0.152961 0.551398 0.458688 0.128405
-0.218279 0.933994 0.0476146 -0.688248 0.111286 0.716889 0.525962 0.12724
-0.201876 1.07525 0.0313897 -0.553278 0.246315 0.795746 0.423054 0.145176
-0.203301 1.00448 0.0472727 -0.530345 0.160443 0.832461 0.475688 0.144659
-0.220076 1.02344 0.0295601 -0.820099 0.152961 0.551398 0.458688 0.128405
-0.217358 1.07417 0.0143533 -0.891667 0.192805 0.40958 0.419763 0.128027
-0.220076 1.02344 0.0295601 -0.820099 0.152961 0.551398 0.458688 0.128405
-0.227073 1.04973 -0.00589371 -0.964675 0.14148 0.222229 0.431875 0.106988
-0.238019 0.782634 -0.0209017 -0.987807 -0.0524541 0.146577 0.678279 0.295627
-0.241209 0.856968 -0.0230179 -0.989275 -0.0166008 0.145122 0.622378 0.295043
-0.227468 0.816929 0.0307198 -0.951482 -0.0322275 0.306013 0.653457 0.335368
-0.241422 0.828622 -0.0375142 -0.996491 -0.0446544 -0.0707886 0.643479 0.283621
-0.243045 0.883968 -0.0437083 -0.989592 -0.0147301 -0.143147 0.601535 0.280532
-0.241209 0.856968 -0.0230179 -0.989275 -0.0166008 0.145122 0.622378 0.295043
-0.240944 0.951829 -0.0310121 -0.986654 0.00707296 0.162675 0.496847 0.0684538
-0.242967 0.952645 -0.0459566 -0.998221 0.0205117 -0.0559839 0.493048 0.0576962
-0.238053 0.990018 -0.0273132 -0.981615 0.0806009 0.173018 0.469811 0.0787395
-0.22987 1.08009 -0.0722041 -0.970182 0.124401 -0.208017 0.390453 0.067695
-0.234064 1.05215 -0.0481758 -0.984976 0.148665 0.0878637 0.418543 0.0772982
-0.239083 1.01573 -0.0531125 -0.994567 0.0854171 -0.0594952 0.444582 0.0652862
-0.242114 0.936355 -0.0492415 -0.952749 -0.012086 -0.303519 0.427452 0.697091
-0.233511 0.93975 -0.0702314 -0.886296 -0.0250821 -0.462439 0.433429 0.713151
-0.239296 0.986675 -0.0584435 -0.949802 0.0205975 -0.312171 0.465585 0.69632
-0.239083 1.01573 -0.0531125 -0.994567 0.0854171 -0.0594952 0.485998 0.688147
-0.23095 1.05274 -0.0741222 -0.929311 0.0429483 -0.366793 0.516254 0.698957
-0.22987 1.08009 -0.0722041 -0.970182 0.124401 -0.208017 0.536032 0.693745
-0.217296 1.08169 -0.099299 -0.867403 0.0467742 -0.495404 0.54155 0.715265
-0.23095 1.05274 -0.0741222 -0.929311 0.0429483 -0.366793 0.516254 0.698957
-0.22459 1.0101 -0.0886827 -0.859837 -0.00506042 -0.510543 0.487741 0.717208
-0.217612 0.820696 -0.0843079 -0.785985 -0.0626895 -0.615059 0.128552 0.623674
-0.2165 0.889342 -0.093456 -0.775003 -0.0620067 -0.628908 0.0782107 0.6137
-0.234588 0.871937 -0.064054 -0.885975 -0.0460138 -0.461444 0.0890167 0.640218
-0.2165 0.889342 -0.093456 -0.775003 -0.0620067 -0.628908 0.0782107 0.6137
-0.217612 0.820696 -0.0843079 -0.785985 -0.0626895 -0.615059 0.128552 0.623674
-0.183837 0.927111 -0.129844 -0.612175 -0.0772258 -0.786942 0.0535169 0.575282
-0.183846 0.989027 -0.134946 -0.630607 -0.0707218 -0.772873 0.48188 0.765811
-0.183837 0.927111 -0.129844 -0.612175 -0.0772258 -0.786942 0.436142 0.772201
-0.143548 0.977754 -0.159826 -0.453384 -0.105285 -0.885075 0.480426 0.80232
-0.183837 0.927111 -0.129844 -0.612175 -0.0772258 -0.786942 0.0535169 0.575282
-0.183962 0.813979 -0.116949 -0.628619 -0.0663308 -0.774879 0.137026 0.589251
-0.145296 0.836056 -0.144714 -0.480565 -0.0755491 -0.873699 0.124465 0.552093
-0.217358 1.07417 0.0143533 -0.891667 0.192805 0.40958 0.419763 0.128027
-0.215728 1.11164 -0.00497627 -0.926933 0.240604 0.28793 0.388784 0.123434
-0.209661 1.09756 0.0165977 -0.742149 0.283779 0.607194 0.404266 0.136328
-0.169283 1.21197 -0.0098722 -0.49039 0.46599 0.736459 0.320901 0.163022
-0.195431 1.16337 -0.00138283 -0.666066 0.365886 0.649987 0.355115 0.144398
-0.173643 1.23321 -0.0281672 -0.604473 0.522565 0.601281 0.301483 0.156449
-0.146577 1.26926 -0.0386469 -0.457616 0.612574 0.644469 0.275411 0.175134
-0.136847 1.25141 -0.0191624 -0.356418 0.556941 0.750189 0.292792 0.184911
-0.173643 1.23321 -0.0281672 -0.604473 0.522565 0.601281 0.301483 0.156449
-0.156697 1.28333 -0.064605 -0.750714 0.592985 0.291198 0.256584 0.163085
-0.143249 1.29542 -0.0647087 -0.51793 0.695722 0.497715 0.249518 0.173801
-0.146577 1.26926 -0.0386469 -0.457616 0.612574 0.644469 0.275411 0.175134
-0.173643 1.23321 -0.0281672 -0.604473 0.522565 0.601281 0.301483 0.156449
-0.200053 1.17192 -0.0131645 -0.8445 0.369975 0.387218 0.345926 0.137823
-0.179071 1.23209 -0.0350628 -0.816558 0.470823 0.334005 0.299547 0.150276
-0.156697 1.28333 -0.064605 -0.750714 0.592985 0.291198 0.256584 0.163085
-0.179071 1.23209 -0.0350628 -0.816558 0.470823 0.334005 0.299547 0.150276
-0.176561 1.24698 -0.0621648 -0.889174 0.448911 0.0885961 0.278037 0.142527
-0.182218 1.23637 -0.102569 -0.912313 0.405692 -0.0556703 0.26245 0.115469
-0.155247 1.28339 -0.126416 -0.845111 0.517963 -0.132292 0.218521 0.137942
-0.150518 1.29525 -0.0972021 -0.831701 0.554951 -0.0173862 0.23151 0.156882
-0.224706 1.11017 -0.0671117 -0.977661 0.210176 0.00210812 0.369261 0.0801565
-0.22987 1.08009 -0.0722041 -0.970182 0.124401 -0.208017 0.390453 0.067695
-0.217383 1.13782 -0.0846801 -0.959512 0.205734 -0.192382 0.341504 0.0780042
-0.201889 1.04092 -0.121244 -0.756518 -0.0255395 -0.653474 0.516129 0.741362
-0.192453 1.11358 -0.133976 -0.762787 0.0142429 -0.646493 0.570994 0.741206
-0.217296 1.08169 -0.099299 -0.867403 0.0467742 -0.495404 0.54155 0.715265
-0.192453 1.11358 -0.133976 -0.762787 0.0142429 -0.646493 0.570994 0.741206
-0.172025 1.18173 -0.153873 -0.732049 0.0621355 -0.678412 0.624565 0.750592
-0.187714 1.18968 -0.13211 -0.846624 0.144871 -0.512093 0.626552 0.729915
0.0393829 0.215315 -0.115274 0.772856 -0.0890549 -0.628302 0.231325 0.777644
0.0353718 0.290953 -0.121727 0.769246 0.0252246 -0.638454 0.175842 0.770349
0.017149 0.27522 -0.138669 0.633262 -0.00126293 -0.773936 0.182916 0.790712
0.00766563 0.15859 -0.130094 0.607638 -0.241935 -0.756468 0.264279 0.812466
0.0219393 0.221251 -0.133 0.646166 -0.085657 -0.758375 0.222205 0.794053
-0.007658 0.185653 -0.149032 0.506253 -0.168364 -0.84579 0.240975 0.823623
0.0219393 0.221251 -0.133 0.646166 -0.085657 -0.758375 0.222205 0.794053
0.017149 0.27522 -0.138669 0.633262 -0.00126293 -0.773936 0.182916 0.790712
-0.00912952 0.243661 -0.156967 0.50079 -0.0536902 -0.863902 0.200124 0.818509
-0.0170898 0.0501057 -0.10148 -0.170806 -0.438997 -0.882104 0.339692 0.843073
-0.0114708 0.00935748 -0.0836685 -0.0584859 -0.849069 -0.525035 0.368502 0.842062
-0.00529671 0.0119311 -0.0829473 0.543811 -0.667956 -0.50804 0.368085 0.838646
-0.0100069 0.057919 -0.103064 0.481866 -0.364548 -0.796812 0.335031 0.836578
-0.0171108 0.108477 -0.130983 0.198139 -0.367506 -0.908669 0.294966 0.837723
-0.0170898 0.0501057 -0.10148 -0.170806 -0.438997 -0.882104 0.339692 0.843073
-0.0422192 0.0631163 -0.0904365 -0.569114 -0.405357 -0.715399 0.333945 0.865342
-0.0170898 0.0501057 -0.10148 -0.170806 -0.438997 -0.882104 0.339692 0.843073
-0.0262356 0.0951935 -0.122962 -0.371687 -0.422148 -0.826825 0.304506 0.845769
-0.0436878 0.125257 -0.123703 -0.530535 -0.354273 -0.77008 0.283318 0.858958
-0.083971 0.120325 -0.0910628 -0.610805 -0.41871 -0.672011 0.291329 0.896765
-0.0262356 0.0951935 -0.122962 -0.371687 -0.422148 -0.826825 0.304506 0.845769
-0.0243654 0.229376 -0.162791 0.0750348 -0.134533 -0.988064 0.207741 0.831899
-0.00912952 0.243661 -0.156967 0.50079 -0.0536902 -0.863902 0.200124 0.818509
-0.0184131 0.293429 -0.163502 0.401855 -0.000156969 -0.915704 0.163537 0.819642
0.0197744 0.332097 -0.134355 0.650509 0.0615613 -0.756999 0.143029 0.779463
0.0339756 0.3464 -0.117866 0.793104 0.072194 -0.604792 0.136001 0.761665
0.0260534 0.446895 -0.114075 0.773081 0.0959767 -0.627004 0.0617725 0.751037
0.00945854 0.441304 -0.131757 0.654766 0.0805517 -0.751527 0.0623095 0.77053
-0.0233178 0.409542 -0.158354 0.522871 0.0442948 -0.85126 0.0801127 0.806765
0.0103278 0.391063 -0.135963 0.624128 0.0757362 -0.777643 0.0989216 0.778253
0.0103278 0.391063 -0.135963 0.624128 0.0757362 -0.777643 0.0989216 0.778253
-0.0233178 0.409542 -0.158354 0.522871 0.0442948 -0.85126 0.0801127 0.806765
-0.0367231 0.373754 -0.167047 0.373817 0.0604714 -0.925529 0.103954 0.823148
-0.0413537 0.327053 -0.169029 -0.11843 -0.0445405 -0.991963 0.136846 0.83268
-0.0243654 0.229376 -0.162791 0.0750348 -0.134533 -0.988064 0.207741 0.831899
-0.0184131 0.293429 -0.163502 0.401855 -0.000156969 -0.915704 0.163537 0.819642
-0.0413537 0.327053 -0.169029 -0.11843 -0.0445405 -0.991963 0.136846 0.83268
-0.0419283 0.265788 -0.163586 -0.314318 -0.108659 -0.943079 0.180385 0.840585
-0.0243654 0.229376 -0.162791 0.0750348 -0.134533 -0.988064 0.207741 0.831899
-0.0184131 0.293429 -0.163502 0.401855 -0.000156969 -0.915704 0.163537 0.819642
-0.0271235 0.33451 -0.166714 0.368028 0.0385265 -0.929016 0.13324 0.821257
-0.0413537 0.327053 -0.169029 -0.11843 -0.0445405 -0.991963 0.136846 0.83268
-0.0271235 0.33451 -0.166714 0.368028 0.0385265 -0.929016 0.13324 0.821257
-0.0494142 0.405501 -0.168539 -0.0692237 -0.00132738 -0.9976 0.0795786 0.828879
-0.0413537 0.327053 -0.169029 -0.11843 -0.0445405 -0.991963 0.136846 0.83268
-0.0233178 0.409542 -0.158354 0.522871 0.0442948 -0.85126 0.0801127 0.806765
-0.0384541 0.460923 -0.163595 0.478979 0.0641375 -0.87548 0.0404893 0.812939
-0.044868 0.460259 -0.166539 0.282482 0.0395189 -0.958458 0.0402158 0.818385
-0.044868 0.460259 -0.166539 0.282482 0.0395189 -0.958458 0.413878 0.51678
-0.0565014 0.565404 -0.164352 0.349569 0.0685401 -0.9344 0.335173 0.512954
-0.0565066 0.46174 -0.168137 -0.0267653 0.00612428 -0.999623 0.411444 0.525182
-0.091413 0.386882 -0.148523 -0.509297 -0.0771065 -0.85713 0.0883147 0.866655
-0.0636153 0.339646 -0.16001 -0.456825 -0.0789139 -0.886049 0.125423 0.849182
-0.0637851 0.394601 -0.163746 -0.382768 -0.0441484 -0.922789 0.0857177 0.841772
-0.146933 0.5377 -0.127798 -0.570941 -0.0559459 -0.819083 0.344432 0.589251
-0.0891542 0.501439 -0.159269 -0.433565 -0.0488456 -0.899798 0.378395 0.54536
-0.111192 0.581027 -0.150468 -0.476512 -0.0266412 -0.878764 0.317026 0.553378
-0.0636153 0.339646 -0.16001 -0.456825 -0.0789139 -0.886049 0.125423 0.849182
-0.0419283 0.265788 -0.163586 -0.314318 -0.108659 -0.943079 0.180385 0.840585
-0.0413537 0.327053 -0.169029 -0.11843 -0.0445405 -0.991963 0.136846 0.83268
-0.0637851 0.394601 -0.163746 -0.382768 -0.0441484 -0.922789 0.0857177 0.841772
-0.0413537 0.327053 -0.169029 -0.11843 -0.0445405 -0.991963 0.136846 0.83268
-0.0494142 0.405501 -0.168539 -0.0692237 -0.00132738 -0.9976 0.0795786 0.828879
-0.0674276 0.460068 -0.165899 -0.307686 -0.0499149 -0.950178 0.037396 0.836094
-0.0494142 0.405501 -0.168539 -0.0692237 -0.00132738 -0.9976 0.0795786 0.828879
-0.0565066 0.46174 -0.168137 -0.0267653 0.00612428 -0.999623 0.0375471 0.827299
-0.0565014 0.565404 -0.164352 0.349569 0.0685401 -0.9344 0.335173 0.512954
-0.0787748 0.715958 -0.160909 0.213372 0.0150937 -0.976854 0.220748 0.511943
-0.0843195 0.687801 -0.161739 -0.0884002 0.0101838 -0.996033 0.241186 0.519192
-0.07548 0.797982 -0.159114 0.509008 -0.00354797 -0.860755 0.159671 0.500456
-0.0861588 0.833802 -0.164027 0.202412 -0.0441703 -0.978304 0.131613 0.505348
-0.0787748 0.715958 -0.160909 0.213372 0.0150937 -0.976854 0.220748 0.511943
-0.0861588 0.833802 -0.164027 0.202412 -0.0441703 -0.978304 0.131613 0.505348
-0.0914942 0.769885 -0.162071 -0.148866 -0.0324223 -0.988326 0.17898 0.515761
-0.0787748 0.715958 -0.160909 0.213372 0.0150937 -0.976854 0.220748 0.511943
-0.0951143 0.671127 -0.159499 -0.313093 -0.0140601 -0.949618 0.252362 0.529318
-0.0699556 0.579774 -0.165534 -0.00865403 0.0359766 -0.999315 0.323028 0.521155
-0.0843195 0.687801 -0.161739 -0.0884002 0.0101838 -0.996033 0.241186 0.519192
-0.0951143 0.671127 -0.159499 -0.313093 -0.0140601 -0.949618 0.252362 0.529318
-0.123296 0.695589 -0.14806 -0.457852 -0.0391492 -0.888166 0.230956 0.549274
-0.129629 0.645217 -0.142478 -0.487589 -0.0270307 -0.872655 0.267368 0.560732
-0.0244665 1.08898 -0.173882 0.675389 -0.328332 -0.660339 0.574477 0.890008
-0.0506821 1.08619 -0.194094 0.475015 -0.328659 -0.816299 0.573155 0.864917
-0.0460567 1.03663 -0.17071 0.628546 -0.248895 -0.736872 0.53356 0.87719
0.00653458 1.08704 -0.132752 0.82449 -0.295551 -0.482561 0.569431 0.928388
0.0077877 1.1299 -0.159125 0.77894 -0.344319 -0.524115 0.605319 0.917248
-0.0244665 1.08898 -0.173882 0.675389 -0.328332 -0.660339 0.574477 0.890008
-0.0790265 0.856416 -0.16293 0.464158 -0.0575654 -0.88388 0.115495 0.497668
-0.07548 0.797982 -0.159114 0.509008 -0.00354797 -0.860755 0.159671 0.500456
-0.0605206 0.882557 -0.151928 0.614812 -0.0711867 -0.785454 0.098464 0.478822
-0.0720315 0.981686 -0.175358 0.473442 -0.178432 -0.862563 0.491381 0.858292
-0.0545745 0.967021 -0.15964 0.623829 -0.155077 -0.766021 0.480079 0.875649
-0.0460567 1.03663 -0.17071 0.628546 -0.248895 -0.736872 0.53356 0.87719
-0.0720315 0.981686 -0.175358 0.473442 -0.178432 -0.862563 0.491381 0.858292
-0.0610766 1.04992 -0.186374 0.533953 -0.271323 -0.800799 0.54421 0.861118
-0.0820374 0.986681 -0.180378 0.0820425 -0.172397 -0.981605 0.494848 0.849803
-0.0623922 1.0844 -0.198162 0.287773 -0.297099 -0.91045 0.571255 0.855664
-0.0820374 0.986681 -0.180378 0.0820425 -0.172397 -0.981605 0.494848 0.849803
-0.0610766 1.04992 -0.186374 0.533953 -0.271323 -0.800799 0.54421 0.861118
-0.0779452 1.13893 -0.208212 -0.278715 -0.149969 -0.948592 0.610427 0.837193
-0.0988836 1.06143 -0.189086 -0.288915 -0.148016 -0.945843 0.549303 0.830271
-0.079371 1.05065 -0.191641 -0.124943 -0.173183 -0.976932 0.543732 0.846389
-0.0506821 1.08619 -0.194094 0.475015 -0.328659 -0.816299 0.573155 0.864917
-0.0623922 1.0844 -0.198162 0.287773 -0.297099 -0.91045 0.571255 0.855664
-0.0610766 1.04992 -0.186374 0.533953 -0.271323 -0.800799 0.54421 0.861118
-0.136961 0.922824 -0.156469 -0.42183 -0.0892188 -0.902274 0.0609946 0.536275
-0.145296 0.836056 -0.144714 -0.480565 -0.0755491 -0.873699 0.124465 0.552093
-0.113682 0.868584 -0.161363 -0.326537 -0.072582 -0.942393 0.103168 0.523086
-0.104729 0.926234 -0.168525 -0.263451 -0.0919909 -0.960277 0.447137 0.837145
-0.0866094 0.92465 -0.171843 0.0938552 -0.107 -0.989819 0.447741 0.850685
-0.107037 0.984199 -0.174728 -0.281095 -0.132027 -0.950555 0.490195 0.830883
-0.183846 0.989027 -0.134946 -0.630607 -0.0707218 -0.772873 0.48188 0.765811
-0.165553 1.07071 -0.157298 -0.596615 -0.0643419 -0.799944 0.545436 0.774197
-0.201889 1.04092 -0.121244 -0.756518 -0.0255395 -0.653474 0.516129 0.741362
-0.128181 1.32471 -0.0974722 -0.645216 0.741041 0.185889 0.217389 0.180016
-0.127639 1.32056 -0.130906 -0.75355 0.636869 -0.162971 0.196701 0.16797
-0.0978613 1.35115 -0.13236 -0.547085 0.834097 -0.0705732 0.183782 0.197758
-0.0501385 1.36828 -0.163459 -0.137807 0.990072 0.0277036 0.154144 0.230229
-0.0103884 1.37334 -0.194913 -0.176223 0.978739 0.104955 0.127822 0.257362
-0.0160236 1.35955 -0.140817 0.35463 0.842859 0.404755 0.169852 0.258839
-0.0678339 1.36372 -0.157013 -0.413567 0.887532 -0.203099 0.161147 0.217038
-0.0127926 1.37182 -0.201536 -0.446189 0.854647 -0.265506 0.122723 0.253856
-0.0501385 1.36828 -0.163459 -0.137807 0.990072 0.0277036 0.154144 0.230229
0.00659752 1.1693 -0.185817 0.732821 -0.338846 -0.590048 0.638423 0.904632
-0.00800991 1.18286 -0.207689 0.626994 -0.33749 -0.702125 0.650207 0.886493
-0.0263476 1.12345 -0.193776 0.622388 -0.35967 -0.695176 0.602697 0.880726
0.00659752 1.1693 -0.185817 0.732821 -0.338846 -0.590048 0.638423 0.904632
0.0234823 1.24017 -0.203149 0.760802 -0.305466 -0.5726 0.694749 0.907063
-0.00800991 1.18286 -0.207689 0.626994 -0.33749 -0.702125 0.650207 0.886493
0.0123329 1.25747 -0.223481 0.66903 -0.309874 -0.675557 0.709234 0.890938
0.0231056 1.30251 -0.235865 0.57917 -0.487348 -0.653494 0.745282 0.890322
0.00945473 1.29085 -0.240077 0.187421 -0.196235 -0.962479 0.735704 0.880489
0.013917 1.38305 -0.214847 -0.282825 0.937981 0.200501 0.834494 0.925433
-0.0103884 1.37334 -0.194913 -0.176223 0.978739 0.104955 0.820152 0.944912
-0.0127926 1.37182 -0.201536 -0.446189 0.854647 -0.265506 0.825062 0.946891
0.0357265 1.3219 -0.245569 0.394928 -0.686292 -0.610766 0.896958 0.952574
0.0410261 1.30675 -0.219181 0.71488 -0.550079 -0.431694 0.912274 0.97013
0.0508862 1.32587 -0.233851 0.573217 -0.747022 -0.33672 0.911648 0.950797
0.0756989 1.35236 -0.264546 0.446066 -0.833106 -0.327047 0.914316 0.915434
0.0543051 1.34413 -0.265291 0.171846 -0.734412 -0.656588 0.900011 0.925759
0.0357265 1.3219 -0.245569 0.394928 -0.686292 -0.610766 0.896958 0.952574
0.0663223 1.36149 -0.280205 -0.375466 -0.378278 -0.846127 0.901408 0.906293
0.044693 1.38135 -0.26869 -0.627658 0.0426284 -0.777322 0.877329 0.905818
0.0296736 1.32784 -0.252155 -0.215121 -0.377146 -0.900824 0.889548 0.948336
0.0445557 1.39459 -0.264205 -0.727761 0.495351 -0.474332 0.868949 0.898981
0.0611124 1.41263 -0.261529 -0.66671 0.732541 -0.137408 0.862636 0.880962
0.0424681 1.40039 -0.237567 -0.457996 0.880292 0.123799 0.848498 0.900095
-0.128181 1.32471 -0.0974722 -0.645216 0.741041 0.185889 0.217389 0.180016
-0.156697 1.28333 -0.064605 -0.750714 0.592985 0.291198 0.256584 0.163085
-0.150518 1.29525 -0.0972021 -0.831701 0.554951 -0.0173862 0.23151 0.156882
-0.128181 1.32471 -0.0974722 -0.645216 0.741041 0.185889 0.217389 0.180016
-0.150518 1.29525 -0.0972021 -0.831701 0.554951 -0.0173862 0.23151 0.156882
-0.127639 1.32056 -0.130906 -0.75355 0.636869 -0.162971 0.196701 0.16797
-0.0978613 1.35115 -0.13236 -0.547085 0.834097 -0.0705732 0.183782 0.197758
-0.106359 1.34453 -0.114486 -0.505401 0.842098 0.188257 0.19798 0.194355
-0.128181 1.32471 -0.0974722 -0.645216 0.741041 0.185889 0.217389 0.180016
-0.0978613 1.35115 -0.13236 -0.547085 0.834097 -0.0705732 0.183782 0.197758
-0.073391 1.3621 -0.140326 -0.221543 0.960576 0.167963 0.173193 0.215555
-0.106359 1.34453 -0.114486 -0.505401 0.842098 0.188257 0.19798 0.194355
-0.0678339 1.36372 -0.157013 -0.413567 0.887532 -0.203099 0.161147 0.217038
-0.090703 1.33533 -0.180968 -0.580961 0.71195 -0.394477 0.148626 0.185866
-0.0710611 1.33888 -0.200849 -0.506891 0.58289 -0.63506 0.129202 0.199491
-0.0342522 1.34689 -0.217661 -0.42223 0.317523 -0.849059 0.769415 0.834403
-0.0124302 1.30552 -0.234779 -0.28723 0.113586 -0.951103 0.742936 0.861264
-0.00785923 1.34152 -0.231722 -0.479328 0.0858468 -0.873427 0.770035 0.85722
-0.00785923 1.34152 -0.231722 -0.479328 0.0858468 -0.873427 0.770035 0.85722
-0.0200729 1.35616 -0.220842 -0.523696 0.545199 -0.654599 0.778929 0.843038
-0.0342522 1.34689 -0.217661 -0.42223 0.317523 -0.849059 0.769415 0.834403
-0.00665474 1.24442 -0.234074 0.413148 -0.279828 -0.866606 0.698816 0.875546
0.0123329 1.25747 -0.223481 0.66903 -0.309874 -0.675557 0.709234 0.890938
0.00945473 1.29085 -0.240077 0.187421 -0.196235 -0.962479 0.735704 0.880489
0.00980568 1.36752 -0.242728 -0.657623 0.315945 -0.683893 0.858072 0.933869
-0.00785923 1.34152 -0.231722 -0.479328 0.0858468 -0.873427 0.857159 0.958475
0.0296736 1.32784 -0.252155 -0.215121 -0.377146 -0.900824 0.889548 0.948336
0.0296736 1.32784 -0.252155 -0.215121 -0.377146 -0.900824 0.889548 0.948336
0.044693 1.38135 -0.26869 -0.627658 0.0426284 -0.777322 0.877329 0.905818
0.00980568 1.36752 -0.242728 -0.657623 0.315945 -0.683893 0.858072 0.933869
-0.0506821 1.08619 -0.194094 0.475015 -0.328659 -0.816299 0.573155 0.864917
-0.0263476 1.12345 -0.193776 0.622388 -0.35967 -0.695176 0.602697 0.880726
-0.0300102 1.16976 -0.218575 0.425688 -0.339677 -0.838695 0.639997 0.868712
-0.0622387 1.31948 -0.213578 -0.419658 0.279499 -0.863578 0.744416 0.819057
-0.0342522 1.34689 -0.217661 -0.42223 0.317523 -0.849059 0.769415 0.834403
-0.0710611 1.33888 -0.200849 -0.506891 0.58289 -0.63506 0.757168 0.805619
-0.0300102 1.16976 -0.218575 0.425688 -0.339677 -0.838695 0.639997 0.868712
-0.00665474 1.24442 -0.234074 0.413148 -0.279828 -0.866606 0.698816 0.875546
-0.0341282 1.1847 -0.225182 0.0868119 -0.242817 -0.96618 0.651189 0.863493
-0.0385246 1.21699 -0.229895 -0.154215 -0.120193 -0.980699 0.674349 0.856208
-0.0341282 1.1847 -0.225182 0.0868119 -0.242817 -0.96618 0.651189 0.863493
-0.00786877 1.26252 -0.238527 0.0232869 -0.0964326 -0.995067 0.712241 0.872046
-0.0394182 1.26263 -0.232543 -0.256195 0.024873 -0.966305 0.707356 0.849067
-0.00786877 1.26252 -0.238527 0.0232869 -0.0964326 -0.995067 0.712241 0.872046
-0.0124302 1.30552 -0.234779 -0.28723 0.113586 -0.951103 0.742936 0.861264
-0.155247 1.28339 -0.126416 -0.845111 0.517963 -0.132292 0.218521 0.137942
-0.182218 1.23637 -0.102569 -0.912313 0.405692 -0.0556703 0.26245 0.115469
-0.158486 1.27176 -0.143354 -0.849675 0.409029 -0.33279 0.212687 0.123762
-0.127639 1.32056 -0.130906 -0.75355 0.636869 -0.162971 0.196701 0.16797
-0.155247 1.28339 -0.126416 -0.845111 0.517963 -0.132292 0.218521 0.137942
-0.136012 1.29844 -0.161137 -0.794218 0.477782 -0.375424 0.183732 0.143284
-0.0506821 1.08619 -0.194094 0.475015 -0.328659 -0.816299 0.573155 0.864917
-0.0300102 1.16976 -0.218575 0.425688 -0.339677 -0.838695 0.639997 0.868712
-0.0341282 1.1847 -0.225182 0.0868119 -0.242817 -0.96618 0.651189 0.863493
-0.0818644 1.28178 -0.215055 -0.460491 0.166566 -0.871897 0.713655 0.813103
-0.0512781 1.28872 -0.226424 -0.329271 0.161905 -0.930251 0.724068 0.835335
-0.0622387 1.31948 -0.213578 -0.419658 0.279499 -0.863578 0.744416 0.819057
-0.0394182 1.26263 -0.232543 -0.256195 0.024873 -0.966305 0.707356 0.849067
-0.0639648 1.23311 -0.225073 -0.329761 -0.0321433 -0.943517 0.681966 0.835394
-0.0385246 1.21699 -0.229895 -0.154215 -0.120193 -0.980699 0.674349 0.856208
-0.174712 1.2462 -0.129252 -0.888803 0.368814 -0.27204 0.669836 0.725359
-0.155573 1.25513 -0.158226 -0.790615 0.231908 -0.566698 0.680618 0.749559
-0.158486 1.27176 -0.143354 -0.849675 0.409029 -0.33279 0.691999 0.737238
-0.144773 1.24786 -0.173023 -0.711425 0.148071 -0.686985 0.67767 0.763793
-0.12246 1.27327 -0.188652 -0.642425 0.197949 -0.740342 0.700179 0.779533
-0.155573 1.25513 -0.158226 -0.790615 0.231908 -0.566698 0.680618 0.749559
-0.155573 1.25513 -0.158226 -0.790615 0.231908 -0.566698 0.680618 0.749559
-0.127576 1.29985 -0.173003 -0.725014 0.362051 -0.585895 0.718524 0.765287
-0.158486 1.27176 -0.143354 -0.849675 0.409029 -0.33279 0.691999 0.737238
-0.0997353 1.32074 -0.190411 -0.599098 0.463976 -0.65254 0.738567 0.786512
-0.12246 1.27327 -0.188652 -0.642425 0.197949 -0.740342 0.700179 0.779533
-0.0818644 1.28178 -0.215055 -0.460491 0.166566 -0.871897 0.713655 0.813103
-0.0639648 1.23311 -0.225073 -0.329761 -0.0321433 -0.943517 0.681966 0.835394
-0.101107 1.24728 -0.208185 -0.511437 0.0436941 -0.858209 0.68562 0.804095
-0.101034 1.19196 -0.205763 -0.465266 -0.070711 -0.882342 0.645543 0.812276
-0.172025 1.18173 -0.153873 -0.732049 0.0621355 -0.678412 0.624565 0.750592
-0.192453 1.11358 -0.133976 -0.762787 0.0142429 -0.646493 0.570994 0.741206
-0.154612 1.1465 -0.169735 -0.596328 -0.0312238 -0.802133 0.60266 0.773537
-0.187714 1.18968 -0.13211 -0.846624 0.144871 -0.512093 0.626552 0.729915
-0.172025 1.18173 -0.153873 -0.732049 0.0621355 -0.678412 0.624565 0.750592
-0.155573 1.25513 -0.158226 -0.790615 0.231908 -0.566698 0.680618 0.749559
-0.165553 1.07071 -0.157298 -0.596615 -0.0643419 -0.799944 0.545436 0.774197
-0.125907 1.08649 -0.182199 -0.43927 -0.10132 -0.892623 0.563848 0.80603
-0.154612 1.1465 -0.169735 -0.596328 -0.0312238 -0.802133 0.60266 0.773537
-0.187714 1.18968 -0.13211 -0.846624 0.144871 -0.512093 0.626552 0.729915
-0.155573 1.25513 -0.158226 -0.790615 0.231908 -0.566698 0.680618 0.749559
-0.174712 1.2462 -0.129252 -0.888803 0.368814 -0.27204 0.669836 0.725359
-0.140073 1.19322 -0.181261 -0.589444 -0.00565012 -0.80779 0.639302 0.778994
-0.172025 1.18173 -0.153873 -0.732049 0.0621355 -0.678412 0.624565 0.750592
-0.154612 1.1465 -0.169735 -0.596328 -0.0312238 -0.802133 0.60266 0.773537
-0.101034 1.19196 -0.205763 -0.465266 -0.070711 -0.882342 0.645543 0.812276
-0.140073 1.19322 -0.181261 -0.589444 -0.00565012 -0.80779 0.639302 0.778994
-0.104361 1.13728 -0.198301 -0.417481 -0.103546 -0.902767 0.604822 0.816998
-0.131901 1.23308 -0.186346 -0.618728 0.0471202 -0.784191 0.669581 0.779376
-0.140073 1.19322 -0.181261 -0.589444 -0.00565012 -0.80779 0.639302 0.778994
-0.101034 1.19196 -0.205763 -0.465266 -0.070711 -0.882342 0.645543 0.812276
-0.172025 1.18173 -0.153873 -0.732049 0.0621355 -0.678412 0.624565 0.750592
-0.140073 1.19322 -0.181261 -0.589444 -0.00565012 -0.80779 0.639302 0.778994
-0.131901 1.23308 -0.186346 -0.618728 0.0471202 -0.784191 0.669581 0.779376
0.0663223 1.36149 -0.280205 -0.375466 -0.378278 -0.846127 0.901408 0.906293
0.104009 1.38812 -0.310652 -0.242433 -0.61219 -0.752629 0.915919 0.867843
0.0880365 1.39076 -0.301644 -0.559877 -0.167314 -0.811507 0.904044 0.874991
0.0945959 1.42585 -0.310443 -0.656908 0.208975 -0.724431 0.893246 0.849766
0.044693 1.38135 -0.26869 -0.627658 0.0426284 -0.777322 0.877329 0.905818
0.0880365 1.39076 -0.301644 -0.559877 -0.167314 -0.811507 0.904044 0.874991
0.0445557 1.39459 -0.264205 -0.727761 0.495351 -0.474332 0.868949 0.898981
0.0945959 1.42585 -0.310443 -0.656908 0.208975 -0.724431 0.893246 0.849766
0.0973406 1.43841 -0.304144 -0.673752 0.641552 -0.366701 0.886139 0.842206
0.0353785 0.19249 0.00302696 0.711489 -0.121119 0.69218 0.733686 0.496209
0.0303278 0.246076 0.0137923 0.713913 -0.0419066 0.698979 0.772973 0.509204
0.05651 0.244089 -0.0166892 0.783848 -0.0302048 0.620218 0.774564 0.47933
-0.0524778 0.151657 0.0410113 -0.0598434 -0.301852 0.951475 0.69538 0.56389
-0.0856895 0.170049 0.035603 -0.380113 -0.295272 0.876544 0.701084 0.591089
-0.0657253 0.200804 0.0524139 -0.204354 -0.225135 0.952656 0.72844 0.581261
-0.0420189 0.0951179 0.0197215 0.0273784 -0.331188 0.943167 0.65482 0.547008
-0.0305824 0.0450132 0.00439358 0.0403779 -0.323826 0.945255 0.620106 0.531946
-0.0421467 0.0411304 0.00114775 -0.272597 -0.443777 0.85367 0.615206 0.539654
-0.0273609 0.0817232 0.0122082 0.352456 -0.238757 0.904859 0.646661 0.533725
-0.00246143 0.0855085 -0.000235558 0.537039 -0.221121 0.81406 0.650595 0.512598
-0.00310707 0.0533848 -0.00570536 0.553712 -0.109816 0.825435 0.626924 0.510488
-0.0305824 0.0450132 0.00439358 0.0403779 -0.323826 0.945255 0.620106 0.531946
-0.0188608 0.0470068 0.00229979 0.333076 -0.208949 0.919457 0.622404 0.52351
-0.0236902 0.0207219 -0.00593853 0.0427472 -0.621959 0.781882 0.602899 0.524397
-0.0524778 0.151657 0.0410113 -0.0598434 -0.301852 0.951475 0.69538 0.56389
-0.0563936 0.100667 0.0198653 -0.244368 -0.347847 0.905145 0.656001 0.558686
-0.0856895 0.170049 0.035603 -0.380113 -0.295272 0.876544 0.701084 0.591089
0.0264158 0.453815 0.00701666 0.782854 0.0726474 0.61795 0.925721 0.536039
0.0497236 0.389707 -0.0165056 0.801903 0.0670081 0.593685 0.883135 0.501918
0.0247359 0.375103 0.0163507 0.737088 0.0437466 0.67438 0.8671 0.530286
-0.0272801 0.513145 0.0536244 0.583216 0.0298818 0.811767 0.959059 0.597714
0.000966549 0.521783 0.028919 0.699793 0.0676374 0.711136 0.970703 0.570937
0.0067997 0.451063 0.0298882 0.689116 0.0536328 0.722664 0.919438 0.55803
-0.100644 0.433698 0.0749989 -0.256304 -0.110531 0.960256 0.888645 0.645007
-0.0853815 0.340462 0.0677409 -0.237427 -0.115362 0.964531 0.82394 0.618533
-0.111359 0.350005 0.0580859 -0.416195 -0.138088 0.898729 0.824897 0.640393
-0.0753784 0.255905 0.0600801 -0.292337 -0.13989 0.946028 0.765618 0.597478
-0.117592 0.263717 0.0411906 -0.480033 -0.158953 0.86273 0.760495 0.631538
-0.111359 0.350005 0.0580859 -0.416195 -0.138088 0.898729 0.824897 0.640393
-0.108204 0.777969 0.0864434 0.27677 0.0442135 0.959919 0.806432 0.228022
-0.0754595 0.717137 0.0768309 0.459264 0.04549 0.887134 0.759102 0.20671
-0.0944967 0.699494 0.084959 0.298328 0.0220184 0.95421 0.747303 0.223149
-0.0701207 0.633131 0.0770583 0.443076 0.0251701 0.896131 0.696476 0.208301
-0.0483009 0.662105 0.0618777 0.610922 0.0459716 0.790355 0.716476 0.186905
-0.0524766 0.558146 0.0695317 0.505122 0.021412 0.862783 0.639728 0.198604
-0.128719 0.591604 0.0864105 -0.296791 -0.0940383 0.950301 0.826679 0.412179
-0.12739 0.470578 0.0682335 -0.405063 -0.138831 0.903687 0.916752 0.397428
-0.157989 0.583545 0.0724831 -0.428315 -0.121784 0.895385 0.830174 0.387546
-0.174881 0.56075 0.0605021 -0.524667 -0.148744 0.838212 0.845644 0.370607
-0.181491 0.536635 0.0505123 -0.674403 -0.175512 0.7172 0.863073 0.360763
-0.197042 0.645966 0.05967 -0.662497 -0.128405 0.737977 0.781007 0.362021
-0.194262 0.704118 0.067699 -0.507097 -0.0730155 0.858791 0.738334 0.370132
-0.152208 0.690694 0.0852075 -0.364042 -0.0632787 0.929231 0.751028 0.403161
-0.181166 0.657749 0.069994 -0.441661 -0.0924796 0.892403 0.77342 0.37666
-0.0598083 1.05567 0.0329745 0.551035 0.14046 0.822576 0.431826 0.260639
-0.0334668 1.04368 0.012917 0.724739 0.105503 0.680899 0.433907 0.287182
-0.0541329 0.988055 0.0389276 0.604253 0.103616 0.790027 0.480724 0.271365
-0.0794683 1.13296 0.027509 0.384142 0.235617 0.892703 0.378856 0.237947
-0.0508847 1.1157 0.0152242 0.577164 0.172131 0.798281 0.385335 0.263276
-0.0883012 1.06345 0.0470843 0.378146 0.180382 0.908002 0.431161 0.235798
-0.200286 0.887669 0.0648642 -0.469798 0.103469 0.876689 0.60232 0.371449
-0.197644 0.832853 0.0695901 -0.479394 0.0287666 0.877128 0.643091 0.373692
-0.213958 0.894979 0.0558772 -0.617508 0.0749678 0.782984 0.596555 0.359437
-0.1916 0.959108 0.0602093 -0.458981 0.125586 0.879525 0.510727 0.153312
-0.218279 0.933994 0.0476146 -0.688248 0.111286 0.716889 0.525962 0.12724
-0.203301 1.00448 0.0472727 -0.530345 0.160443 0.832461 0.475688 0.144659
-0.207434 0.933039 0.0556669 -0.519619 0.134664 0.843719 0.568182 0.364224
-0.1916 0.959108 0.0602093 -0.458981 0.125586 0.879525 0.548998 0.377082
-0.162136 0.90992 0.0803556 -0.321987 0.101047 0.941336 0.586565 0.402414
-0.0802193 1.23448 -0.00565338 0.270959 0.386975 0.88138 0.304663 0.228061
-0.0526142 1.22664 -0.0153716 0.501866 0.290305 0.814772 0.304168 0.249888
-0.0701475 1.18051 0.0097003 0.438823 0.259902 0.860166 0.342281 0.241
-0.0794683 1.13296 0.027509 0.384142 0.235617 0.892703 0.378856 0.237947
-0.108743 1.1434 0.0331595 0.171063 0.275666 0.94591 0.375084 0.214834
-0.0701475 1.18051 0.0097003 0.438823 0.259902 0.860166 0.342281 0.241
-0.0802193 1.23448 -0.00565338 0.270959 0.386975 0.88138 0.304663 0.228061
-0.090188 1.1902 0.0144939 0.254917 0.318 0.913178 0.338779 0.224817
-0.108688 1.24957 -0.00778794 -0.0480271 0.51605 0.855211 0.296624 0.206332
-0.0920258 1.29711 -0.0414832 -0.0729252 0.658865 0.748718 0.256295 0.213227
-0.108688 1.24957 -0.00778794 -0.0480271 0.51605 0.855211 0.296624 0.206332
-0.117766 1.28496 -0.0386698 -0.287848 0.648241 0.704931 0.265347 0.19574
-0.136847 1.25141 -0.0191624 -0.356418 0.556941 0.750189 0.292792 0.184911
-0.124823 1.23739 -0.00448155 -0.264413 0.495499 0.827386 0.305726 0.195647
-0.169283 1.21197 -0.0098722 -0.49039 0.46599 0.736459 0.320901 0.163022
0.0543089 0.180643 -0.0215209 0.779665 -0.130827 0.612378 0.72583 0.473029
0.05651 0.244089 -0.0166892 0.783848 -0.0302048 0.620218 0.774564 0.47933
0.0679083 0.192421 -0.0377465 0.921145 -0.144042 0.361584 0.735813 0.457945
0.0128813 0.0790431 -0.0901082 0.73445 -0.284823 -0.616003 0.328971 0.811995
0.0391579 0.0869372 -0.0547757 0.888297 -0.294544 -0.35238 0.3387 0.779889
0.0438709 0.135275 -0.0776497 0.822639 -0.285559 -0.491651 0.297351 0.774668
0.0417542 0.485639 -0.0188392 0.818327 0.0838015 0.568611 0.953331 0.518739
0.0549898 0.484267 -0.0389035 0.960554 0.11244 0.254347 0.955849 0.500807
0.0617599 0.409885 -0.0363307 0.8983 0.0928945 0.42945 0.901264 0.487914
0.0403955 0.533024 -0.068279 0.907561 0.125942 -0.400589 0.370165 0.41308
0.0537648 0.438897 -0.065375 0.924254 0.107182 -0.366424 0.441118 0.411517
0.0491993 0.52487 -0.0468441 0.963665 0.119873 -0.238705 0.37725 0.396202
0.0258753 0.717515 -0.0369806 0.990696 0.108982 0.0815141 0.752569 0.0916951
0.0126746 0.848939 -0.0375041 0.914411 0.072046 0.398324 0.851089 0.0922077
0.0154748 0.833336 -0.0425781 0.994598 0.0769082 0.0697068 0.839315 0.0882542
-0.00260115 1.154 -0.0469606 0.815316 0.102963 0.569789 0.336727 0.309886
-0.00281954 1.10197 -0.0385654 0.846498 0.0687708 0.527932 0.376336 0.318109
-0.0282049 1.12386 -0.00668013 0.733141 0.13363 0.666818 0.371909 0.284325
-0.00281954 1.10197 -0.0385654 0.846498 0.0687708 0.527932 0.376336 0.318109
-0.00260115 1.154 -0.0469606 0.815316 0.102963 0.569789 0.336727 0.309886
0.0177712 1.1297 -0.07858 0.893157 0.0188347 0.44935 0.341445 0.342386
0.00712013 0.823936 -0.0695602 0.895683 0.0217215 -0.444162 0.153188 0.406145
0.0144128 0.836211 -0.050167 0.969543 0.0252635 -0.243614 0.146288 0.389577
0.00972199 0.872224 -0.0642762 0.927249 -0.00188293 -0.374441 0.118421 0.39648
0.0154748 0.833336 -0.0425781 0.994598 0.0769082 0.0697068 0.839315 0.0882542
0.0126746 0.848939 -0.0375041 0.914411 0.072046 0.398324 0.851089 0.0922077
0.0136793 0.905113 -0.0503402 0.999036 0.0132646 -0.0418446 0.892702 0.0815382
-0.0178041 1.05394 -0.149993 0.740918 -0.267424 -0.616056 0.545747 0.904334
-0.0243254 1.01441 -0.14326 0.736287 -0.193126 -0.648524 0.515233 0.902491
0.00151682 1.04721 -0.119153 0.83778 -0.223751 -0.498056 0.537807 0.93102
-0.0250378 0.967442 -0.133025 0.742217 -0.135238 -0.656372 0.479288 0.90542
-0.0401201 0.926332 -0.140595 0.684862 -0.108663 -0.720525 0.449026 0.892018
-0.00807452 0.921326 -0.101598 0.823003 -0.0838762 -0.56181 0.442612 0.928762
0.00151682 1.04721 -0.119153 0.83778 -0.223751 -0.498056 0.537807 0.93102
0.00653458 1.08704 -0.132752 0.82449 -0.295551 -0.482561 0.569431 0.928388
-0.0178041 1.05394 -0.149993 0.740918 -0.267424 -0.616056 0.545747 0.904334
-0.075736 1.27621 -0.0291157 0.210457 0.51705 0.829679 0.271675 0.226969
-0.0496931 1.27063 -0.0355639 0.420548 0.436322 0.795464 0.270245 0.246153
-0.0802193 1.23448 -0.00565338 0.270959 0.386975 0.88138 0.304663 0.228061
0.0467806 1.30623 -0.178289 0.877079 0.227193 0.423221 0.172301 0.329045
0.0267191 1.31637 -0.148015 0.778801 0.458115 0.428485 0.184814 0.303852
0.0386868 1.31696 -0.170922 0.795176 0.376804 0.475093 0.17101 0.31719
-0.0895052 1.34736 -0.108363 -0.193913 0.890107 0.412442 0.199037 0.207417
-0.0645704 1.3416 -0.0910919 -0.071422 0.860458 0.504491 0.209113 0.226931
-0.110737 1.32485 -0.0802692 -0.311254 0.789899 0.528376 0.22539 0.195521
-0.0645704 1.3416 -0.0910919 -0.071422 0.860458 0.504491 0.209113 0.226931
-0.0895052 1.34736 -0.108363 -0.193913 0.890107 0.412442 0.199037 0.207417
-0.073391 1.3621 -0.140326 -0.221543 0.960576 0.167963 0.173193 0.215555
0.117216 1.38296 -0.261933 0.750821 -0.323527 0.575845 0.0783786 0.166855
0.0825014 1.35994 -0.229366 0.730761 -0.0797051 0.677964 0.080772 0.127535
0.104692 1.39001 -0.249293 0.626488 0.144131 0.765989 0.0684711 0.156583
0.165967 1.4077 -0.309271 0.683859 -0.729178 0.0252133 0.953323 0.835774
0.107329 1.37839 -0.292151 0.383529 -0.87645 -0.291103 0.925267 0.880292
0.123385 1.38338 -0.274177 0.597222 -0.797411 0.0863823 0.944129 0.882347
-0.0277214 0.00729243 -0.0434687 -0.0177066 -0.998095 0.0591062 0.573228 0.523207
0.000730515 0.0136737 -0.0275197 0.328662 -0.866083 0.376671 0.592057 0.50351
2.47955e-05 0.00986379 -0.0404539 0.290282 -0.944573 0.153358 0.582538 0.500615
-0.0905409 0.0875986 -0.0104754 -0.8582 -0.425856 0.286599 0.631535 0.586571
-0.0709963 0.0600779 -0.00170565 -0.571824 -0.431246 0.697886 0.621398 0.563367
-0.0702152 0.0456439 -0.0134883 -0.704341 -0.521057 0.482083 0.608153 0.561906
-0.178903 0.485717 0.0386691 -0.847481 -0.200622 0.491454 0.901392 0.353783
-0.181491 0.536635 0.0505123 -0.674403 -0.175512 0.7172 0.863073 0.360763
-0.168413 0.473734 0.0466084 -0.627603 -0.226889 0.744739 0.910949 0.363132
-0.181491 0.536635 0.0505123 -0.674403 -0.175512 0.7172 0.863073 0.360763
-0.178903 0.485717 0.0386691 -0.847481 -0.200622 0.491454 0.901392 0.353783
-0.186936 0.539235 0.044517 -0.85323 -0.178168 0.490158 0.860891 0.354817
-0.142174 0.265421 0.0182037 -0.870028 -0.209804 0.446131 0.752001 0.655334
-0.15613 0.299093 0.00111389 -0.936722 -0.193272 0.291888 0.767911 0.680112
-0.156883 0.338671 0.0208001 -0.895504 -0.190341 0.402298 0.801413 0.680674
-0.186216 0.429193 -0.0353403 -0.979622 -0.186649 0.074184 0.843171 0.751023
-0.176898 0.437336 0.0174141 -0.920498 -0.181531 0.34602 0.866846 0.717398
-0.178323 0.389177 -0.0222526 -0.975706 -0.160326 0.149308 0.820539 0.72841
-0.160173 0.334889 -0.0801241 -0.838006 -0.108816 -0.5347 0.122755 0.944269
-0.172833 0.398982 -0.0719078 -0.888408 -0.130069 -0.440242 0.073724 0.951796
-0.174266 0.369173 -0.0599017 -0.938071 -0.120144 -0.324942 0.0964102 0.961298
-0.144997 0.288443 -0.0929244 -0.800787 -0.128628 -0.584975 0.158733 0.93185
-0.160173 0.334889 -0.0801241 -0.838006 -0.108816 -0.5347 0.122755 0.944269
-0.16276 0.294959 -0.065412 -0.926417 -0.162604 -0.339577 0.153935 0.955896
-0.133705 0.240167 -0.0962062 -0.772261 -0.183735 -0.608157 0.196022 0.925759
-0.116063 0.239869 -0.114652 -0.65348 -0.171536 -0.737251 0.196028 0.90709
-0.127617 0.291925 -0.113528 -0.678015 -0.104808 -0.727538 0.156293 0.911828
-0.194262 0.704118 0.067699 -0.507097 -0.0730155 0.858791 0.738334 0.370132
-0.181166 0.657749 0.069994 -0.441661 -0.0924796 0.892403 0.77342 0.37666
-0.197042 0.645966 0.05967 -0.662497 -0.128405 0.737977 0.781007 0.362021
-0.216102 0.623276 0.00243807 -0.957217 -0.139952 0.253275 0.798129 0.316938
-0.1983 0.560661 0.0259809 -0.932197 -0.171276 0.318862 0.844952 0.338598
-0.20562 0.532672 -0.018189 -0.964194 -0.189313 0.185716 0.867069 0.306158
-0.220856 0.719652 -0.0670443 -0.845874 -0.076516 -0.527866 0.20192 0.642566
-0.195421 0.62371 -0.0907099 -0.775434 -0.0703001 -0.627503 0.275249 0.625351
-0.202093 0.722897 -0.0937111 -0.745417 -0.0605539 -0.663842 0.201956 0.61807
-0.187409 0.519083 -0.0837996 -0.843984 -0.140301 -0.517693 0.352735 0.635365
-0.178934 0.551236 -0.102406 -0.737229 -0.0939427 -0.66908 0.330456 0.617755
-0.209102 0.596713 -0.0671015 -0.856988 -0.10529 -0.504465 0.293048 0.647827
-0.141609 0.75758 -0.140556 -0.481504 -0.0426654 -0.875405 0.182978 0.557796
-0.145296 0.836056 -0.144714 -0.480565 -0.0755491 -0.873699 0.124465 0.552093
-0.183962 0.813979 -0.116949 -0.628619 -0.0663308 -0.774879 0.137026 0.589251
-0.223337 0.891807 0.0457711 -0.869888 0.0316292 0.492234 0.598472 0.349159
-0.218279 0.933994 0.0476146 -0.688248 0.111286 0.716889 0.567275 0.353984
-0.213958 0.894979 0.0558772 -0.617508 0.0749678 0.782984 0.596555 0.359437
-0.227073 1.04973 -0.00589371 -0.964675 0.14148 0.222229 0.431875 0.106988
-0.215728 1.11164 -0.00497627 -0.926933 0.240604 0.28793 0.388784 0.123434
-0.217358 1.07417 0.0143533 -0.891667 0.192805 0.40958 0.419763 0.128027
-0.238053 0.990018 -0.0273132 -0.981615 0.0806009 0.173018 0.469811 0.0787395
-0.234064 1.05215 -0.0481758 -0.984976 0.148665 0.0878637 0.418543 0.0772982
-0.227073 1.04973 -0.00589371 -0.964675 0.14148 0.222229 0.431875 0.106988
-0.177836 1.16699 0.00988054 -0.465779 0.380349 0.79899 0.355893 0.159922
-0.189108 1.12235 0.0215888 -0.494427 0.320807 0.807852 0.388615 0.153287
-0.195431 1.16337 -0.00138283 -0.666066 0.365886 0.649987 0.355115 0.144398
-0.221135 1.11312 -0.0390444 -0.966349 0.219241 0.134547 0.376627 0.100318
-0.224706 1.11017 -0.0671117 -0.977661 0.210176 0.00210812 0.369261 0.0801565
-0.209783 1.15925 -0.0446479 -0.95032 0.289528 0.114303 0.342466 0.112182
-0.22987 1.08009 -0.0722041 -0.970182 0.124401 -0.208017 0.536032 0.693745
-0.217296 1.08169 -0.099299 -0.867403 0.0467742 -0.495404 0.54155 0.715265
-0.217383 1.13782 -0.0846801 -0.959512 0.205734 -0.192382 0.580799 0.696997
-0.211042 1.12743 -0.104274 -0.887915 0.0973018 -0.449598 0.575883 0.713485
-0.187714 1.18968 -0.13211 -0.846624 0.144871 -0.512093 0.626552 0.729915
-0.217383 1.13782 -0.0846801 -0.959512 0.205734 -0.192382 0.580799 0.696997
0.00246716 0.114709 -0.117145 0.66663 -0.291989 -0.685818 0.296561 0.819549
0.0438709 0.135275 -0.0776497 0.822639 -0.285559 -0.491651 0.297351 0.774668
0.0340986 0.16797 -0.109669 0.739955 -0.232022 -0.631374 0.264824 0.787363
0.0122452 0.0231656 -0.0674387 0.747743 -0.490163 -0.447908 0.371162 0.821537
-0.0100069 0.057919 -0.103064 0.481866 -0.364548 -0.796812 0.335031 0.836578
-0.00529671 0.0119311 -0.0829473 0.543811 -0.667956 -0.50804 0.368085 0.838646
0.0340986 0.16797 -0.109669 0.739955 -0.232022 -0.631374 0.264824 0.787363
0.00766563 0.15859 -0.130094 0.607638 -0.241935 -0.756468 0.264279 0.812466
0.00246716 0.114709 -0.117145 0.66663 -0.291989 -0.685818 0.296561 0.819549
-0.0207233 0.165292 -0.151094 0.207348 -0.243205 -0.947554 0.252931 0.835791
-0.0171108 0.108477 -0.130983 0.198139 -0.367506 -0.908669 0.294966 0.837723
-0.007658 0.185653 -0.149032 0.506253 -0.168364 -0.84579 0.240975 0.823623
0.0103278 0.391063 -0.135963 0.624128 0.0757362 -0.777643 0.0989216 0.778253
-0.0367231 0.373754 -0.167047 0.373817 0.0604714 -0.925529 0.103954 0.823148
-0.0271235 0.33451 -0.166714 0.368028 0.0385265 -0.929016 0.13324 0.821257
-0.0124888 0.517308 -0.140298 0.600718 0.0921996 -0.794127 0.375569 0.480829
-0.0302212 0.582194 -0.144822 0.594368 0.108024 -0.796905 0.325665 0.487505
-0.0565014 0.565404 -0.164352 0.349569 0.0685401 -0.9344 0.335173 0.512954
-0.0637851 0.394601 -0.163746 -0.382768 -0.0441484 -0.922789 0.0857177 0.841772
-0.0494142 0.405501 -0.168539 -0.0692237 -0.00132738 -0.9976 0.0795786 0.828879
-0.0835919 0.455984 -0.158352 -0.447671 -0.0720158 -0.891293 0.0385769 0.850508
-0.0674276 0.460068 -0.165899 -0.307686 -0.0499149 -0.950178 0.411382 0.533544
-0.0726733 0.524272 -0.166382 -0.206325 -0.00559498 -0.978467 0.363622 0.529633
-0.0891542 0.501439 -0.159269 -0.433565 -0.0488456 -0.899798 0.378395 0.54536
-0.0424104 0.67569 -0.141147 0.608417 0.0919077 -0.788278 0.25495 0.484838
-0.0302212 0.582194 -0.144822 0.594368 0.108024 -0.796905 0.325665 0.487505
-0.00613701 0.628053 -0.117418 0.722169 0.126505 -0.680051 0.294595 0.457013
-0.07548 0.797982 -0.159114 0.509008 -0.00354797 -0.860755 0.159671 0.500456
-0.0736266 0.745414 -0.158601 0.490324 0.020488 -0.871299 0.199251 0.504573
-0.058929 0.776038 -0.147314 0.603839 0.00773184 -0.797069 0.17822 0.48763
-0.0316007 0.870932 -0.126412 0.725224 -0.0405614 -0.687317 0.111408 0.451797
-0.0035603 0.876526 -0.0896695 0.847238 -0.0312133 -0.530295 0.112156 0.417058
-0.00807452 0.921326 -0.101598 0.823003 -0.0838762 -0.56181 0.0779055 0.42095
-0.0401201 0.926332 -0.140595 0.684862 -0.108663 -0.720525 0.449026 0.892018
-0.0250378 0.967442 -0.133025 0.742217 -0.135238 -0.656372 0.479288 0.90542
-0.0545745 0.967021 -0.15964 0.623829 -0.155077 -0.766021 0.480079 0.875649
-0.104729 0.926234 -0.168525 -0.263451 -0.0919909 -0.960277 0.0610006 0.511003
-0.136961 0.922824 -0.156469 -0.42183 -0.0892188 -0.902274 0.0609946 0.536275
-0.113682 0.868584 -0.161363 -0.326537 -0.072582 -0.942393 0.103168 0.523086
-0.0988836 1.06143 -0.189086 -0.288915 -0.148016 -0.945843 0.549303 0.830271
-0.129698 1.02474 -0.172553 -0.412339 -0.118254 -0.903323 0.517449 0.809505
-0.107037 0.984199 -0.174728 -0.281095 -0.132027 -0.950555 0.490195 0.830883
-0.106359 1.34453 -0.114486 -0.505401 0.842098 0.188257 0.19798 0.194355
-0.073391 1.3621 -0.140326 -0.221543 0.960576 0.167963 0.173193 0.215555
-0.0895052 1.34736 -0.108363 -0.193913 0.890107 0.412442 0.199037 0.207417
-0.00800991 1.18286 -0.207689 0.626994 -0.33749 -0.702125 0.650207 0.886493
0.0234823 1.24017 -0.203149 0.760802 -0.305466 -0.5726 0.694749 0.907063
0.0123329 1.25747 -0.223481 0.66903 -0.309874 -0.675557 0.709234 0.890938
0.0147963 1.3842 -0.224201 -0.578547 0.796856 -0.17408 0.841421 0.924227
0.00980568 1.36752 -0.242728 -0.657623 0.315945 -0.683893 0.858072 0.933869
0.0445557 1.39459 -0.264205 -0.727761 0.495351 -0.474332 0.868949 0.898981
0.0231056 1.30251 -0.235865 0.57917 -0.487348 -0.653494 0.89455 0.971407
0.0410261 1.30675 -0.219181 0.71488 -0.550079 -0.431694 0.912274 0.97013
0.0357265 1.3219 -0.245569 0.394928 -0.686292 -0.610766 0.896958 0.952574
0.0231056 1.30251 -0.235865 0.57917 -0.487348 -0.653494 0.89455 0.971407
0.0357265 1.3219 -0.245569 0.394928 -0.686292 -0.610766 0.896958 0.952574
0.0158091 1.30677 -0.243266 0.021574 -0.275134 -0.961164 0.887367 0.968605
-0.0200729 1.35616 -0.220842 -0.523696 0.545199 -0.654599 0.107115 0.240926
-0.0127926 1.37182 -0.201536 -0.446189 0.854647 -0.265506 0.122723 0.253856
-0.0678339 1.36372 -0.157013 -0.413567 0.887532 -0.203099 0.161147 0.217038
0.0147963 1.3842 -0.224201 -0.578547 0.796856 -0.17408 0.841421 0.924227
-0.0127926 1.37182 -0.201536 -0.446189 0.854647 -0.265506 0.825062 0.946891
0.00980568 1.36752 -0.242728 -0.657623 0.315945 -0.683893 0.858072 0.933869
-0.090703 1.33533 -0.180968 -0.580961 0.71195 -0.394477 0.75287 0.784443
-0.0997353 1.32074 -0.190411 -0.599098 0.463976 -0.65254 0.738567 0.786512
-0.0710611 1.33888 -0.200849 -0.506891 0.58289 -0.63506 0.757168 0.805619
-0.0342522 1.34689 -0.217661 -0.42223 0.317523 -0.849059 0.769415 0.834403
-0.0622387 1.31948 -0.213578 -0.419658 0.279499 -0.863578 0.744416 0.819057
-0.0124302 1.30552 -0.234779 -0.28723 0.113586 -0.951103 0.742936 0.861264
-0.0512781 1.28872 -0.226424 -0.329271 0.161905 -0.930251 0.724068 0.835335
-0.0818644 1.28178 -0.215055 -0.460491 0.166566 -0.871897 0.713655 0.813103
-0.0394182 1.26263 -0.232543 -0.256195 0.024873 -0.966305 0.707356 0.849067
-0.12246 1.27327 -0.188652 -0.642425 0.197949 -0.740342 0.700179 0.779533
-0.144773 1.24786 -0.173023 -0.711425 0.148071 -0.686985 0.67767 0.763793
-0.131901 1.23308 -0.186346 -0.618728 0.0471202 -0.784191 0.669581 0.779376
-0.0385246 1.21699 -0.229895 -0.154215 -0.120193 -0.980699 0.674349 0.856208
-0.0639648 1.23311 -0.225073 -0.329761 -0.0321433 -0.943517 0.681966 0.835394
-0.0685549 1.18593 -0.218855 -0.290867 -0.135465 -0.947125 0.646783 0.838286
0.0663223 1.36149 -0.280205 -0.375466 -0.378278 -0.846127 0.901408 0.906293
0.102864 1.38145 -0.302202 0.155333 -0.839792 -0.520213 0.918438 0.875224
0.104009 1.38812 -0.310652 -0.242433 -0.61219 -0.752629 0.915919 0.867843
-0.090703 1.33533 -0.180968 -0.580961 0.71195 -0.394477 0.148626 0.185866
-0.0678339 1.36372 -0.157013 -0.413567 0.887532 -0.203099 0.161147 0.217038
-0.0978613 1.35115 -0.13236 -0.547085 0.834097 -0.0705732 0.183782 0.197758
0.0445557 1.39459 -0.264205 -0.727761 0.495351 -0.474332 0.868949 0.898981
0.0424681 1.40039 -0.237567 -0.457996 0.880292 0.123799 0.848498 0.900095
0.0147963 1.3842 -0.224201 -0.578547 0.796856 -0.17408 0.841421 0.924227
-0.165553 1.07071 -0.157298 -0.596615 -0.0643419 -0.799944 0.545436 0.774197
-0.183846 0.989027 -0.134946 -0.630607 -0.0707218 -0.772873 0.48188 0.765811
-0.143548 0.977754 -0.159826 -0.453384 -0.105285 -0.885075 0.480426 0.80232
-0.0988836 1.06143 -0.189086 -0.288915 -0.148016 -0.945843 0.549303 0.830271
-0.0779452 1.13893 -0.208212 -0.278715 -0.149969 -0.948592 0.610427 0.837193
-0.125907 1.08649 -0.182199 -0.43927 -0.10132 -0.892623 0.563848 0.80603
-0.07548 0.797982 -0.159114 0.509008 -0.00354797 -0.860755 0.159671 0.500456
-0.0790265 0.856416 -0.16293 0.464158 -0.0575654 -0.88388 0.115495 0.497668
-0.0861588 0.833802 -0.164027 0.202412 -0.0441703 -0.978304 0.131613 0.505348
-0.0401201 0.926332 -0.140595 0.684862 -0.108663 -0.720525 0.449026 0.892018
-0.0545745 0.967021 -0.15964 0.623829 -0.155077 -0.766021 0.480079 0.875649
-0.0735302 0.925527 -0.166587 0.500438 -0.117036 -0.857826 0.448837 0.860969
-0.0316007 0.870932 -0.126412 0.725224 -0.0405614 -0.687317 0.111408 0.451797
-0.0401201 0.926332 -0.140595 0.684862 -0.108663 -0.720525 0.068653 0.456987
-0.0605206 0.882557 -0.151928 0.614812 -0.0711867 -0.785454 0.098464 0.478822
-0.058929 0.776038 -0.147314 0.603839 0.00773184 -0.797069 0.17822 0.48763
-0.0443152 0.811763 -0.135693 0.661775 -0.0129798 -0.74959 0.153596 0.469991
-0.07548 0.797982 -0.159114 0.509008 -0.00354797 -0.860755 0.159671 0.500456
-0.0424104 0.67569 -0.141147 0.608417 0.0919077 -0.788278 0.25495 0.484838
-0.065817 0.674668 -0.157608 0.542518 0.0871513 -0.835511 0.253065 0.506254
-0.0302212 0.582194 -0.144822 0.594368 0.108024 -0.796905 0.325665 0.487505
-0.00613701 0.628053 -0.117418 0.722169 0.126505 -0.680051 0.294595 0.457013
-0.0221022 0.709592 -0.119698 0.711634 0.0747876 -0.698558 0.232394 0.459934
-0.0424104 0.67569 -0.141147 0.608417 0.0919077 -0.788278 0.25495 0.484838
-0.044868 0.460259 -0.166539 0.282482 0.0395189 -0.958458 0.0402158 0.818385
-0.0494142 0.405501 -0.168539 -0.0692237 -0.00132738 -0.9976 0.0795786 0.828879
-0.0367231 0.373754 -0.167047 0.373817 0.0604714 -0.925529 0.103954 0.823148
-0.0419283 0.265788 -0.163586 -0.314318 -0.108659 -0.943079 0.180385 0.840585
-0.0274897 0.160527 -0.149315 -0.274243 -0.293692 -0.915716 0.255825 0.840826
-0.0243654 0.229376 -0.162791 0.0750348 -0.134533 -0.988064 0.207741 0.831899
-0.00683498 0.0887931 -0.115085 0.608674 -0.32565 -0.723511 0.312579 0.830968
-0.0171108 0.108477 -0.130983 0.198139 -0.367506 -0.908669 0.294966 0.837723
-0.0100069 0.057919 -0.103064 0.481866 -0.364548 -0.796812 0.335031 0.836578
-0.0170898 0.0501057 -0.10148 -0.170806 -0.438997 -0.882104 0.339692 0.843073
-0.0171108 0.108477 -0.130983 0.198139 -0.367506 -0.908669 0.294966 0.837723
-0.0262356 0.0951935 -0.122962 -0.371687 -0.422148 -0.826825 0.304506 0.845769
-0.0114708 0.00935748 -0.0836685 -0.0584859 -0.849069 -0.525035 0.368502 0.842062
-0.0170898 0.0501057 -0.10148 -0.170806 -0.438997 -0.882104 0.339692 0.843073
-0.0422192 0.0631163 -0.0904365 -0.569114 -0.405357 -0.715399 0.333945 0.865342
-0.173643 1.23321 -0.0281672 -0.604473 0.522565 0.601281 0.301483 0.156449
-0.136847 1.25141 -0.0191624 -0.356418 0.556941 0.750189 0.292792 0.184911
-0.169283 1.21197 -0.0098722 -0.49039 0.46599 0.736459 0.320901 0.163022
-0.213704 0.931484 -0.100568 -0.775586 -0.0497835 -0.629275 0.0473549 0.605855
-0.233511 0.93975 -0.0702314 -0.886296 -0.0250821 -0.462439 0.0390625 0.632205
-0.2165 0.889342 -0.093456 -0.775003 -0.0620067 -0.628908 0.0782107 0.6137
-0.234588 0.871937 -0.064054 -0.885975 -0.0460138 -0.461444 0.0890167 0.640218
-0.243045 0.883968 -0.0437083 -0.989592 -0.0147301 -0.143147 0.078915 0.655962
-0.238856 0.840003 -0.0505695 -0.928407 -0.0601412 -0.366666 0.11183 0.652277
-0.235631 0.749556 -0.0450001 -0.936739 -0.0794812 -0.340886 0.178176 0.660181
-0.219944 0.61287 -0.0492787 -0.933133 -0.11136 -0.34185 0.279655 0.661993
-0.220856 0.719652 -0.0670443 -0.845874 -0.076516 -0.527866 0.20192 0.642566
-0.2203 0.60914 -0.0268092 -0.976019 -0.152122 0.155712 0.809354 0.295322
-0.228123 0.677268 -0.0203314 -0.977544 -0.11747 0.174955 0.75768 0.297635
-0.216102 0.623276 0.00243807 -0.957217 -0.139952 0.253275 0.798129 0.316938
-0.228123 0.677268 -0.0203314 -0.977544 -0.11747 0.174955 0.75768 0.297635
-0.21963 0.710812 0.030323 -0.948877 -0.109427 0.296072 0.732358 0.335562
-0.21154 0.645279 0.0276752 -0.945528 -0.134161 0.296611 0.781395 0.335656
-0.174881 0.56075 0.0605021 -0.524667 -0.148744 0.838212 0.845644 0.370607
-0.151474 0.460541 0.0547366 -0.518495 -0.165831 0.838846 0.922102 0.376113
-0.181491 0.536635 0.0505123 -0.674403 -0.175512 0.7172 0.863073 0.360763
-0.107099 0.318567 -0.132116 -0.560801 -0.0901621 -0.823027 0.137437 0.88961
-0.134995 0.347311 -0.11262 -0.708582 -0.110535 -0.696917 0.114327 0.912797
-0.127617 0.291925 -0.113528 -0.678015 -0.104808 -0.727538 0.156293 0.911828
-0.091413 0.386882 -0.148523 -0.509297 -0.0771065 -0.85713 0.0883147 0.866655
-0.139314 0.397689 -0.117414 -0.660709 -0.11747 -0.741394 0.0764026 0.909012
-0.107099 0.318567 -0.132116 -0.560801 -0.0901621 -0.823027 0.137437 0.88961
-0.187409 0.519083 -0.0837996 -0.843984 -0.140301 -0.517693 0.352735 0.635365
-0.20938 0.550628 -0.0531306 -0.936772 -0.174787 -0.303162 0.326488 0.660548
-0.1997 0.511399 -0.053679 -0.930336 -0.165426 -0.327275 0.356513 0.660016
-0.159326 0.268537 -0.0554996 -0.976151 -0.211297 -0.0498229 0.175405 0.961665
-0.150617 0.235402 -0.0629969 -0.949077 -0.238589 -0.205738 0.201585 0.953204
-0.16276 0.294959 -0.065412 -0.926417 -0.162604 -0.339577 0.153935 0.955896
-0.145227 0.375706 0.0456996 -0.535378 -0.137267 0.833384 0.835338 0.671462
-0.156642 0.37497 0.0361218 -0.765988 -0.159861 0.622662 0.83104 0.681858
-0.162916 0.438277 0.040803 -0.739606 -0.164076 0.652734 0.875595 0.698411
-0.0981522 0.19272 -0.116521 -0.599495 -0.260563 -0.756778 0.232216 0.896933
-0.11607 0.194627 -0.0999477 -0.712662 -0.276777 -0.644599 0.231637 0.91476
-0.104907 0.153138 -0.0912728 -0.686147 -0.369514 -0.626627 0.265262 0.911236
-0.138636 0.192999 -0.0657125 -0.909323 -0.282678 -0.305327 0.23595 0.944646
-0.132804 0.194563 -0.0784843 -0.815399 -0.279031 -0.507214 0.23329 0.934591
-0.150617 0.235402 -0.0629969 -0.949077 -0.238589 -0.205738 0.201585 0.953204
-0.0107098 0.00964831 -0.07196 0.138216 -0.976182 -0.167226 0.374961 0.841626
0.00364304 0.0111437 -0.0566249 0.472327 -0.863735 -0.175695 0.383367 0.829549
0.0122452 0.0231656 -0.0674387 0.747743 -0.490163 -0.447908 0.371162 0.821537
-0.110232 0.217735 0.037004 -0.487179 -0.198147 0.850526 0.729478 0.617539
-0.112635 0.179388 0.0250897 -0.638036 -0.296681 0.710556 0.700617 0.613006
-0.12646 0.233502 0.0290098 -0.695781 -0.198826 0.690187 0.735578 0.633832
0.159007 1.40949 -0.326771 0.466223 -0.672376 -0.574932 0.939613 0.831072
0.178991 1.42951 -0.325517 0.86562 -0.446896 0.2258 0.948189 0.811545
0.166245 1.42365 -0.330133 0.231149 -0.24434 -0.941737 0.939182 0.818972
0.145497 1.42697 -0.289931 0.561386 0.319529 0.763379 0.0590487 0.20668
0.124919 1.45971 -0.297325 -0.0321548 0.946137 0.322166 0.0298994 0.208878
0.159081 1.45346 -0.314744 0.510587 0.230122 0.828459 0.0466071 0.232779
0.1686 1.41336 -0.306016 0.842675 -0.169831 0.510936 0.0762932 0.222247
0.14161 1.39674 -0.283699 0.715908 -0.487871 0.499457 0.0781128 0.193337
0.131856 1.39879 -0.272979 0.659629 0.0208451 0.751303 0.0726114 0.183943
0.0706043 1.34084 -0.220574 0.85094 -0.48632 0.198479 0.0901996 0.112374
0.0825014 1.35994 -0.229366 0.730761 -0.0797051 0.677964 0.080772 0.127535
0.099287 1.36437 -0.249796 0.722225 -0.658949 0.210184 0.0856033 0.146965
0.0143309 1.3599 -0.174977 0.564535 0.535469 0.628151 0.0565481 0.0670121
0.0328093 1.36469 -0.192717 0.533312 0.410868 0.739436 0.0593629 0.0861767
0.0383101 1.33848 -0.184682 0.666746 0.340423 0.662995 0.0787165 0.0780563
0.0380411 1.23687 -0.176519 0.869299 -0.276853 -0.409477 0.689362 0.929048
0.00659752 1.1693 -0.185817 0.732821 -0.338846 -0.590048 0.638423 0.904632
0.0239859 1.16572 -0.15666 0.841206 -0.319972 -0.435879 0.63267 0.928964
-0.122118 1.30674 -0.0633898 -0.3449 0.721737 0.600117 0.243134 0.189343
-0.110737 1.32485 -0.0802692 -0.311254 0.789899 0.528376 0.22539 0.195521
-0.0920258 1.29711 -0.0414832 -0.0729252 0.658865 0.748718 0.256295 0.213227
0.0448837 1.26599 -0.151856 0.924403 0.13422 0.357021 0.211105 0.337985
0.0315905 1.27882 -0.126712 0.86905 0.233019 0.436411 0.217168 0.31633
0.0467806 1.30623 -0.178289 0.877079 0.227193 0.423221 0.172301 0.329045
0.0205278 1.11777 -0.125512 0.89291 -0.28483 -0.348688 0.591923 0.941857
0.0223932 1.09564 -0.0967074 0.980695 -0.164153 -0.106262 0.570988 0.95857
0.0371761 1.17604 -0.127128 0.979209 -0.195732 -0.0532735 0.636101 0.954
0.0113621 1.26862 -0.0884747 0.767529 0.248633 0.59083 0.243379 0.297367
0.0245905 1.24201 -0.0998328 0.854135 0.121027 0.505773 0.253922 0.317709
-0.00991154 1.23665 -0.0541544 0.722447 0.176168 0.668606 0.2799 0.284608
-0.0526142 1.22664 -0.0153716 0.501866 0.290305 0.814772 0.304168 0.249888
-0.0262642 1.25521 -0.0442954 0.60735 0.290523 0.739406 0.273796 0.266595
-0.00991154 1.23665 -0.0541544 0.722447 0.176168 0.668606 0.2799 0.284608
-0.0279503 1.19889 -0.0258014 0.676532 0.196124 0.709817 0.316097 0.274548
-0.00260115 1.154 -0.0469606 0.815316 0.102963 0.569789 0.336727 0.309886
-0.0282049 1.12386 -0.00668013 0.733141 0.13363 0.666818 0.371909 0.284325
0.0128055 1.00296 -0.0621725 0.978548 0.00981601 0.205786 0.498713 0.969119
0.0140014 1.02342 -0.0757961 0.974891 -0.137397 -0.175242 0.51527 0.961771
0.0125923 0.957448 -0.0623563 0.987052 -0.0358026 -0.156354 0.465572 0.964453
0.00328332 0.721363 -0.0880583 0.822136 0.0786491 -0.563832 0.227217 0.428749
-0.0221022 0.709592 -0.119698 0.711634 0.0747876 -0.698558 0.232394 0.459934
0.0134634 0.652223 -0.0858574 0.836694 0.122726 -0.533743 0.279267 0.427928
0.0154748 0.833336 -0.0425781 0.994598 0.0769082 0.0697068 0.149147 0.384169
0.0144128 0.836211 -0.050167 0.969543 0.0252635 -0.243614 0.146288 0.389577
0.0258753 0.717515 -0.0369806 0.990696 0.108982 0.0815141 0.233996 0.387486
0.0281827 0.681257 -0.0307264 0.881412 0.108776 0.459654 0.725416 0.0962331
0.0121861 0.748729 -0.0170674 0.84098 0.0922028 0.533153 0.776652 0.108793
0.0126746 0.848939 -0.0375041 0.914411 0.072046 0.398324 0.851089 0.0922077
0.0353718 0.290953 -0.121727 0.769246 0.0252246 -0.638454 0.175842 0.770349
0.0607548 0.280222 -0.0821581 0.893989 0.0294277 -0.447122 0.192432 0.738449
0.0522938 0.372321 -0.084328 0.892314 0.0801096 -0.44425 0.12265 0.730141
0.0353718 0.290953 -0.121727 0.769246 0.0252246 -0.638454 0.175842 0.770349
0.0393829 0.215315 -0.115274 0.772856 -0.0890549 -0.628302 0.231325 0.777644
0.0607548 0.280222 -0.0821581 0.893989 0.0294277 -0.447122 0.192432 0.738449
0.0193825 0.0529407 -0.0695133 0.827309 -0.240902 -0.507471 0.353714 0.808133
0.0122452 0.0231656 -0.0674387 0.747743 -0.490163 -0.447908 0.371162 0.821537
0.0339565 0.065783 -0.0490863 0.956846 -0.280545 -0.0757694 0.356124 0.787164
0.0339565 0.065783 -0.0490863 0.956846 -0.280545 -0.0757694 0.356124 0.787164
0.026145 0.0254472 -0.0356185 0.854355 -0.467321 0.22735 0.388374 0.804421
0.028574 0.0480395 -0.0416656 0.766185 0.0108145 0.642529 0.371478 0.793249
-0.142435 0.957572 0.07792 0.0199432 0.137379 0.990318 0.514389 0.196956
-0.158131 0.961324 0.0755057 -0.263739 0.140082 0.954368 0.511699 0.18374
-0.140059 1.02688 0.0657563 0.0408213 0.193361 0.980278 0.46261 0.197034
-0.0501375 0.937289 0.0415051 0.631102 0.0831965 0.771226 0.517557 0.280119
-0.0804129 0.941205 0.0610003 0.468255 0.0941485 0.878563 0.520486 0.250966
-0.0541329 0.988055 0.0389276 0.604253 0.103616 0.790027 0.480724 0.271365
-0.0541329 0.988055 0.0389276 0.604253 0.103616 0.790027 0.480724 0.271365
-0.0315051 0.933834 0.0235214 0.750171 0.0735521 0.657141 0.515058 0.300883
-0.0501375 0.937289 0.0415051 0.631102 0.0831965 0.771226 0.517557 0.280119
-0.0701207 0.633131 0.0770583 0.443076 0.0251701 0.896131 0.696476 0.208301
-0.0754595 0.717137 0.0768309 0.459264 0.04549 0.887134 0.759102 0.20671
-0.0483009 0.662105 0.0618777 0.610922 0.0459716 0.790355 0.716476 0.186905
-0.00372982 0.613407 0.0237575 0.73757 0.0707233 0.671556 0.677243 0.145861
0.000966549 0.521783 0.028919 0.699793 0.0676374 0.711136 0.608909 0.150773
-0.0312042 0.581598 0.0523963 0.641029 0.053563 0.765645 0.655604 0.176999
-0.063242 0.247896 0.0611916 -0.0272113 -0.127588 0.991454 0.762247 0.587395
-0.0753784 0.255905 0.0600801 -0.292337 -0.13989 0.946028 0.765618 0.597478
-0.0757785 0.354137 0.0699272 0.0357791 -0.0634148 0.997346 0.835434 0.613697
-0.0223565 0.376588 0.0540323 0.468979 0.0127036 0.883118 0.86021 0.575449
-0.0463099 0.359394 0.0643542 0.304845 -0.00740026 0.952373 0.844047 0.592344
-0.0694885 0.42814 0.0727406 0.249419 -0.0415397 0.967504 0.889996 0.620761
-0.0223565 0.376588 0.0540323 0.468979 0.0127036 0.883118 0.86021 0.575449
-0.0205646 0.302145 0.0537169 0.434473 -0.0202923 0.900456 0.806896 0.563652
-0.0463099 0.359394 0.0643542 0.304845 -0.00740026 0.952373 0.844047 0.592344
0.0489235 0.127005 -0.0289383 0.779773 -0.240701 0.577942 0.683861 0.470038
0.0353785 0.19249 0.00302696 0.711489 -0.121119 0.69218 0.733686 0.496209
0.0543089 0.180643 -0.0215209 0.779665 -0.130827 0.612378 0.72583 0.473029
-0.0476398 0.213465 0.0553546 0.138467 -0.165582 0.976427 0.740426 0.570644
-0.0230894 0.191998 0.0447917 0.321678 -0.193972 0.926767 0.728234 0.549013
-0.0524778 0.151657 0.0410113 -0.0598434 -0.301852 0.951475 0.69538 0.56389
-0.112461 0.94885 0.0739846 0.277306 0.113683 0.954032 0.933594 0.216221
-0.0804129 0.941205 0.0610003 0.468255 0.0941485 0.878563 0.92563 0.191048
-0.114477 0.898995 0.0796123 0.275957 0.086691 0.957253 0.896696 0.222537
-0.0121727 1.02847 -0.0138731 0.840296 0.0690595 0.537711 0.436879 0.314973
-0.00281954 1.10197 -0.0385654 0.846498 0.0687708 0.527932 0.376336 0.318109
0.0102029 1.06409 -0.0597562 0.900048 0.0334419 0.434506 0.397074 0.34432
-0.217612 0.820696 -0.0843079 -0.785985 -0.0626895 -0.615059 0.128552 0.623674
-0.234588 0.871937 -0.064054 -0.885975 -0.0460138 -0.461444 0.0890167 0.640218
-0.238856 0.840003 -0.0505695 -0.928407 -0.0601412 -0.366666 0.11183 0.652277
-0.0736266 0.745414 -0.158601 0.490324 0.020488 -0.871299 0.199251 0.504573
-0.0487292 0.733334 -0.141077 0.613468 0.0529382 -0.787943 0.211391 0.483117
-0.0336042 0.761096 -0.127644 0.678824 0.0376168 -0.733337 0.192668 0.465315
0.000966549 0.521783 0.028919 0.699793 0.0676374 0.711136 0.970703 0.570937
0.014255 0.506377 0.0156865 0.77366 0.0773325 0.628864 0.962122 0.554705
0.0067997 0.451063 0.0298882 0.689116 0.0536328 0.722664 0.919438 0.55803
-0.125945 0.161523 -0.0267024 -0.9244 -0.344062 0.164639 0.667232 0.638404
-0.11689 0.154621 0.00255203 -0.862307 -0.355425 0.360694 0.676287 0.617145
-0.102617 0.103444 -0.0364389 -0.893874 -0.437467 0.0980398 0.627282 0.61057
-0.11607 0.194627 -0.0999477 -0.712662 -0.276777 -0.644599 0.231637 0.91476
-0.0981522 0.19272 -0.116521 -0.599495 -0.260563 -0.756778 0.232216 0.896933
-0.116063 0.239869 -0.114652 -0.65348 -0.171536 -0.737251 0.196028 0.90709
-0.11607 0.194627 -0.0999477 -0.712662 -0.276777 -0.644599 0.231637 0.91476
-0.133705 0.240167 -0.0962062 -0.772261 -0.183735 -0.608157 0.196022 0.925759
-0.132804 0.194563 -0.0784843 -0.815399 -0.279031 -0.507214 0.23329 0.934591
0.017149 0.27522 -0.138669 0.633262 -0.00126293 -0.773936 0.182916 0.790712
0.0353718 0.290953 -0.121727 0.769246 0.0252246 -0.638454 0.175842 0.770349
0.0197744 0.332097 -0.134355 0.650509 0.0615613 -0.756999 0.143029 0.779463
-0.120058 0.84895 0.0848765 0.237987 0.0755779 0.968323 0.632148 0.434584
-0.142938 0.832077 0.0895238 0.00329136 0.0643642 0.997921 0.645053 0.417348
-0.114477 0.898995 0.0796123 0.275957 0.086691 0.957253 0.594341 0.438563
-0.157989 0.583545 0.0724831 -0.428315 -0.121784 0.895385 0.830174 0.387546
-0.181166 0.657749 0.069994 -0.441661 -0.0924796 0.892403 0.77342 0.37666
-0.128719 0.591604 0.0864105 -0.296791 -0.0940383 0.950301 0.826679 0.412179
0.014255 0.506377 0.0156865 0.77366 0.0773325 0.628864 0.596538 0.137597
0.0428636 0.578327 -0.0332037 0.906529 0.104833 0.408919 0.647909 0.0926626
0.0417542 0.485639 -0.0188392 0.818327 0.0838015 0.568611 0.579222 0.10566
-0.223337 0.891807 0.0457711 -0.869888 0.0316292 0.492234 0.598472 0.349159
-0.224297 0.855035 0.0430799 -0.918609 -0.0192768 0.394698 0.62558 0.345818
-0.23343 0.873527 0.0133047 -0.968883 0.00179557 0.247515 0.610943 0.323196
-0.235353 0.928054 -0.000538349 -0.974318 0.0318453 0.222914 0.569877 0.314836
-0.241209 0.856968 -0.0230179 -0.989275 -0.0166008 0.145122 0.622378 0.295043
-0.242967 0.952645 -0.0459566 -0.998221 0.0205117 -0.0559839 0.550153 0.281278
-0.017879 0.464695 -0.149695 0.574932 0.0857276 -0.813698 0.413751 0.492974
-0.0124888 0.517308 -0.140298 0.600718 0.0921996 -0.794127 0.375569 0.480829
-0.0384541 0.460923 -0.163595 0.478979 0.0641375 -0.87548 0.414155 0.511526
-0.091413 0.386882 -0.148523 -0.509297 -0.0771065 -0.85713 0.0883147 0.866655
-0.0835919 0.455984 -0.158352 -0.447671 -0.0720158 -0.891293 0.0385769 0.850508
-0.129298 0.462253 -0.132688 -0.553559 -0.0831174 -0.828652 0.0292969 0.890422
-0.0476398 0.213465 0.0553546 0.138467 -0.165582 0.976427 0.740426 0.570644
-0.0477872 0.288785 0.0628376 0.217993 -0.0623817 0.973955 0.793477 0.582731
-0.0176277 0.231445 0.0482061 0.398223 -0.090307 0.912833 0.756993 0.550896
0.00621319 0.239766 0.0352192 0.58839 -0.0659672 0.805882 0.765702 0.53203
-0.00103951 0.190061 0.0339704 0.534556 -0.159058 0.830031 0.729074 0.531113
-0.0176277 0.231445 0.0482061 0.398223 -0.090307 0.912833 0.756993 0.550896
0.0241661 0.117336 -0.00921416 0.617837 -0.264574 0.740458 0.675472 0.49313
0.0151072 0.16098 0.0143383 0.620236 -0.227274 0.750769 0.708759 0.511361
0.0489235 0.127005 -0.0289383 0.779773 -0.240701 0.577942 0.683861 0.470038
-0.00763893 0.158446 0.0295999 0.453319 -0.267408 0.850291 0.70537 0.531096
0.0151072 0.16098 0.0143383 0.620236 -0.227274 0.750769 0.708759 0.511361
-0.00969028 0.118101 0.015502 0.482229 -0.290797 0.826373 0.674833 0.52475
-0.00246143 0.0855085 -0.000235558 0.537039 -0.221121 0.81406 0.650595 0.512598
-0.0273609 0.0817232 0.0122082 0.352456 -0.238757 0.904859 0.646661 0.533725
-0.00969028 0.118101 0.015502 0.482229 -0.290797 0.826373 0.674833 0.52475
-0.0475731 0.441198 0.0657589 0.397054 -0.0117804 0.91772 0.903047 0.605462
-0.0167613 0.446354 0.0485871 0.555358 0.0283057 0.831129 0.911816 0.579781
-0.0223565 0.376588 0.0540323 0.468979 0.0127036 0.883118 0.86021 0.575449
0.0366406 0.298393 0.00758052 0.743888 0.018045 0.668061 0.812489 0.508743
0.0303278 0.246076 0.0137923 0.713913 -0.0419066 0.698979 0.772973 0.509204
0.00628662 0.290106 0.0370872 0.610009 -0.00418567 0.792383 0.801954 0.538939
0.00221395 0.364113 0.0383446 0.61953 0.0227505 0.784643 0.855026 0.552004
0.0247359 0.375103 0.0163507 0.737088 0.0437466 0.67438 0.8671 0.530286
0.0366406 0.298393 0.00758052 0.743888 0.018045 0.668061 0.812489 0.508743
0.0366406 0.298393 0.00758052 0.743888 0.018045 0.668061 0.812489 0.508743
0.0247359 0.375103 0.0163507 0.737088 0.0437466 0.67438 0.8671 0.530286
0.0578837 0.327316 -0.0207839 0.808523 0.0480443 0.5865 0.837726 0.486577
-0.0205646 0.302145 0.0537169 0.434473 -0.0202923 0.900456 0.806896 0.563652
-0.0477872 0.288785 0.0628376 0.217993 -0.0623817 0.973955 0.793477 0.582731
-0.0463099 0.359394 0.0643542 0.304845 -0.00740026 0.952373 0.844047 0.592344
-0.0524766 0.558146 0.0695317 0.505122 0.021412 0.862783 0.639728 0.198604
-0.071563 0.548822 0.0784798 0.33529 -0.012984 0.942025 0.634034 0.214785
-0.0903232 0.621594 0.0849528 0.277649 -0.00027729 0.960683 0.68925 0.225133
0.014255 0.506377 0.0156865 0.77366 0.0773325 0.628864 0.596538 0.137597
-0.00372982 0.613407 0.0237575 0.73757 0.0707233 0.671556 0.677243 0.145861
0.0224085 0.614819 -0.010016 0.806311 0.0889525 0.584765 0.676447 0.114031
-0.151474 0.460541 0.0547366 -0.518495 -0.165831 0.838846 0.922102 0.376113
-0.174881 0.56075 0.0605021 -0.524667 -0.148744 0.838212 0.845644 0.370607
-0.12739 0.470578 0.0682335 -0.405063 -0.138831 0.903687 0.916752 0.397428
-0.0541329 0.988055 0.0389276 0.604253 0.103616 0.790027 0.480724 0.271365
-0.0828519 0.991348 0.0563481 0.449744 0.129498 0.88372 0.48362 0.244991
-0.0883012 1.06345 0.0470843 0.378146 0.180382 0.908002 0.431161 0.235798
-0.112465 1.07059 0.0525901 0.192296 0.21993 0.956375 0.428604 0.216439
-0.0883012 1.06345 0.0470843 0.378146 0.180382 0.908002 0.431161 0.235798
-0.109681 0.998097 0.0659332 0.2608 0.155781 0.952741 0.482012 0.222072
-1.66893e-06 0.8555 -0.0147156 0.859147 0.0660941 0.507443 0.856801 0.111405
-0.0242798 0.884097 0.0200944 0.77851 0.0543123 0.625278 0.879628 0.141968
-0.0112038 0.928312 -0.0032959 0.845215 0.062816 0.530722 0.911619 0.120532
-0.120058 0.84895 0.0848765 0.237987 0.0755779 0.968323 0.859946 0.231143
-0.108204 0.777969 0.0864434 0.27677 0.0442135 0.959919 0.806432 0.228022
-0.129734 0.801763 0.0899682 0.131365 0.0420358 0.990442 0.825635 0.242463
-0.157234 0.845122 0.0868583 -0.270625 0.0539269 0.961173 0.635067 0.406624
-0.162136 0.90992 0.0803556 -0.321987 0.101047 0.941336 0.586565 0.402414
-0.14666 0.908102 0.0839467 -0.0321665 0.101955 0.994269 0.58808 0.41423
-0.0432496 1.16249 -0.00260758 0.591264 0.216517 0.776871 0.348416 0.265482
-0.0508847 1.1157 0.0152242 0.577164 0.172131 0.798281 0.385335 0.263276
-0.0794683 1.13296 0.027509 0.384142 0.235617 0.892703 0.378856 0.237947
-0.137634 1.1625 0.0287986 -0.169573 0.336008 0.926468 0.362742 0.19219
-0.160909 1.11334 0.0385385 -0.346007 0.299216 0.889241 0.398215 0.177111
-0.177836 1.16699 0.00988054 -0.465779 0.380349 0.79899 0.355893 0.159922
-0.169283 1.21197 -0.0098722 -0.49039 0.46599 0.736459 0.320901 0.163022
-0.177836 1.16699 0.00988054 -0.465779 0.380349 0.79899 0.355893 0.159922
-0.195431 1.16337 -0.00138283 -0.666066 0.365886 0.649987 0.355115 0.144398
-0.146577 1.26926 -0.0386469 -0.457616 0.612574 0.644469 0.275411 0.175134
-0.117766 1.28496 -0.0386698 -0.287848 0.648241 0.704931 0.265347 0.19574
-0.136847 1.25141 -0.0191624 -0.356418 0.556941 0.750189 0.292792 0.184911
0.0438709 0.135275 -0.0776497 0.822639 -0.285559 -0.491651 0.297351 0.774668
0.0510368 0.12458 -0.0555406 0.918019 -0.275238 -0.285456 0.312455 0.762957
0.0637646 0.165424 -0.0505475 0.963317 -0.2116 -0.165065 0.285347 0.742545
0.0532198 0.171313 -0.0811983 0.869731 -0.206872 -0.448076 0.271826 0.762773
0.0571375 0.214441 -0.0871471 0.878158 -0.0820635 -0.47128 0.239426 0.754609
0.0340986 0.16797 -0.109669 0.739955 -0.232022 -0.631374 0.264824 0.787363
0.0417542 0.485639 -0.0188392 0.818327 0.0838015 0.568611 0.953331 0.518739
0.0264158 0.453815 0.00701666 0.782854 0.0726474 0.61795 0.925721 0.536039
0.014255 0.506377 0.0156865 0.77366 0.0773325 0.628864 0.962122 0.554705
0.0497236 0.389707 -0.0165056 0.801903 0.0670081 0.593685 0.883135 0.501918
0.0617599 0.409885 -0.0363307 0.8983 0.0928945 0.42945 0.901264 0.487914
0.0578837 0.327316 -0.0207839 0.808523 0.0480443 0.5865 0.837726 0.486577
0.0353718 0.290953 -0.121727 0.769246 0.0252246 -0.638454 0.175842 0.770349
0.0339756 0.3464 -0.117866 0.793104 0.072194 -0.604792 0.136001 0.761665
0.0197744 0.332097 -0.134355 0.650509 0.0615613 -0.756999 0.143029 0.779463
0.0276021 0.642807 -0.0612807 0.902349 0.118935 -0.414272 0.288078 0.40735
0.020839 0.571764 -0.094641 0.835414 0.131071 -0.533763 0.339294 0.435149
0.0403955 0.533024 -0.068279 0.907561 0.125942 -0.400589 0.370165 0.41308
0.0131064 0.767586 -0.0629652 0.89489 0.0626321 -0.44187 0.195356 0.405127
0.00328332 0.721363 -0.0880583 0.822136 0.0786491 -0.563832 0.227217 0.428749
0.0188155 0.702713 -0.0643559 0.895543 0.106789 -0.43197 0.243219 0.408977
0.00328332 0.721363 -0.0880583 0.822136 0.0786491 -0.563832 0.227217 0.428749
-0.0074386 0.774323 -0.0980579 0.804568 0.0456984 -0.5921 0.186703 0.434676
-0.0221022 0.709592 -0.119698 0.711634 0.0747876 -0.698558 0.232394 0.459934
-0.0334668 1.04368 0.012917 0.724739 0.105503 0.680899 0.433907 0.287182
-0.0121727 1.02847 -0.0138731 0.840296 0.0690595 0.537711 0.436879 0.314973
-0.0315051 0.933834 0.0235214 0.750171 0.0735521 0.657141 0.515058 0.300883
-0.0334668 1.04368 0.012917 0.724739 0.105503 0.680899 0.433907 0.287182
-0.0282049 1.12386 -0.00668013 0.733141 0.13363 0.666818 0.371909 0.284325
-0.0121727 1.02847 -0.0138731 0.840296 0.0690595 0.537711 0.436879 0.314973
-1.66893e-06 0.8555 -0.0147156 0.859147 0.0660941 0.507443 0.856801 0.111405
-0.0112038 0.928312 -0.0032959 0.845215 0.062816 0.530722 0.911619 0.120532
0.0126746 0.848939 -0.0375041 0.914411 0.072046 0.398324 0.851089 0.0922077
0.00738525 0.995697 -0.0460191 0.910144 0.0524331 0.410961 0.451952 0.348554
-0.0121727 1.02847 -0.0138731 0.840296 0.0690595 0.537711 0.436879 0.314973
0.0102029 1.06409 -0.0597562 0.900048 0.0334419 0.434506 0.397074 0.34432
0.0102029 1.06409 -0.0597562 0.900048 0.0334419 0.434506 0.397074 0.34432
-0.00281954 1.10197 -0.0385654 0.846498 0.0687708 0.527932 0.376336 0.318109
0.0177712 1.1297 -0.07858 0.893157 0.0188347 0.44935 0.341445 0.342386
0.00412965 0.909233 -0.0785059 0.909871 -0.0444466 -0.412504 0.0895957 0.403306
0.00972199 0.872224 -0.0642762 0.927249 -0.00188293 -0.374441 0.118421 0.39648
0.0136793 0.905113 -0.0503402 0.999036 0.0132646 -0.0418446 0.0959448 0.382001
0.0125923 0.957448 -0.0623563 0.987052 -0.0358026 -0.156354 0.465572 0.964453
0.00412965 0.909233 -0.0785059 0.909871 -0.0444466 -0.412504 0.431517 0.946989
0.0136793 0.905113 -0.0503402 0.999036 0.0132646 -0.0418446 0.425807 0.968525
0.0205278 1.11777 -0.125512 0.89291 -0.28483 -0.348688 0.591923 0.941857
0.00653458 1.08704 -0.132752 0.82449 -0.295551 -0.482561 0.569431 0.928388
0.0178256 1.08237 -0.104148 0.921296 -0.218493 -0.321674 0.562397 0.950453
0.00712013 0.823936 -0.0695602 0.895683 0.0217215 -0.444162 0.153188 0.406145
-0.0035603 0.876526 -0.0896695 0.847238 -0.0312133 -0.530295 0.112156 0.417058
-0.0148356 0.823385 -0.106029 0.78791 -0.00329575 -0.615782 0.149379 0.43769
-0.0243254 1.01441 -0.14326 0.736287 -0.193126 -0.648524 0.515233 0.902491
-0.0545745 0.967021 -0.15964 0.623829 -0.155077 -0.766021 0.480079 0.875649
-0.0250378 0.967442 -0.133025 0.742217 -0.135238 -0.656372 0.479288 0.90542
0.0177712 1.1297 -0.07858 0.893157 0.0188347 0.44935 0.341445 0.342386
-0.00260115 1.154 -0.0469606 0.815316 0.102963 0.569789 0.336727 0.309886
0.0140839 1.18793 -0.0760612 0.827218 0.0758049 0.556744 0.301116 0.321642
0.0245905 1.24201 -0.0998328 0.854135 0.121027 0.505773 0.253922 0.317709
0.0308256 1.18931 -0.105131 0.89874 0.0183583 0.438098 0.286429 0.343046
0.0140839 1.18793 -0.0760612 0.827218 0.0758049 0.556744 0.301116 0.321642
0.0386868 1.31696 -0.170922 0.795176 0.376804 0.475093 0.17101 0.31719
0.0267191 1.31637 -0.148015 0.778801 0.458115 0.428485 0.184814 0.303852
0.00667572 1.34872 -0.155157 0.654645 0.575277 0.490405 0.16472 0.279954
-0.0250912 1.3359 -0.10196 0.471363 0.64671 0.599652 0.203093 0.255944
-0.0350513 1.35531 -0.119028 0.214148 0.868372 0.447293 0.185902 0.245534
-0.0160236 1.35955 -0.140817 0.35463 0.842859 0.404755 0.169852 0.258839
0.0383101 1.33848 -0.184682 0.666746 0.340423 0.662995 0.152057 0.310971
0.0467806 1.30623 -0.178289 0.877079 0.227193 0.423221 0.172301 0.329045
0.0386868 1.31696 -0.170922 0.795176 0.376804 0.475093 0.17101 0.31719
-0.0494452 1.34568 -0.0977734 0.16601 0.820109 0.547596 0.202708 0.236913
-0.0645704 1.3416 -0.0910919 -0.071422 0.860458 0.504491 0.209113 0.226931
-0.073391 1.3621 -0.140326 -0.221543 0.960576 0.167963 0.173193 0.215555
0.165967 1.4077 -0.309271 0.683859 -0.729178 0.0252133 0.953323 0.835774
0.159007 1.40949 -0.326771 0.466223 -0.672376 -0.574932 0.939613 0.831072
0.138971 1.39959 -0.323746 0.230894 -0.836844 -0.496367 0.932227 0.84523
-0.134026 0.202385 -0.00213099 -0.924364 -0.26787 0.271656 0.703399 0.6433
-0.11689 0.154621 0.00255203 -0.862307 -0.355425 0.360694 0.676287 0.617145
-0.125945 0.161523 -0.0267024 -0.9244 -0.344062 0.164639 0.667232 0.638404
-0.134026 0.202385 -0.00213099 -0.924364 -0.26787 0.271656 0.703399 0.6433
-0.153414 0.258174 -0.0225821 -0.954817 -0.223833 0.195508 0.731608 0.680276
-0.142174 0.265421 0.0182037 -0.870028 -0.209804 0.446131 0.752001 0.655334
-0.0262356 0.0951935 -0.122962 -0.371687 -0.422148 -0.826825 0.304506 0.845769
-0.083971 0.120325 -0.0910628 -0.610805 -0.41871 -0.672011 0.291329 0.896765
-0.0422192 0.0631163 -0.0904365 -0.569114 -0.405357 -0.715399 0.333945 0.865342
-0.11848 0.145393 -0.0695877 -0.781015 -0.369258 -0.503652 0.274479 0.928996
-0.083971 0.120325 -0.0910628 -0.610805 -0.41871 -0.672011 0.291329 0.896765
-0.104907 0.153138 -0.0912728 -0.686147 -0.369514 -0.626627 0.265262 0.911236
-0.0981522 0.19272 -0.116521 -0.599495 -0.260563 -0.756778 0.232216 0.896933
-0.071744 0.191139 -0.133023 -0.496909 -0.236852 -0.834854 0.233327 0.874411
-0.0967588 0.245278 -0.130126 -0.543572 -0.142508 -0.827177 0.192331 0.888796
-0.071744 0.191139 -0.133023 -0.496909 -0.236852 -0.834854 0.233327 0.874411
-0.0615606 0.243603 -0.150235 -0.463519 -0.150556 -0.873203 0.19507 0.859522
-0.0967588 0.245278 -0.130126 -0.543572 -0.142508 -0.827177 0.192331 0.888796
-0.156883 0.338671 0.0208001 -0.895504 -0.190341 0.402298 0.801413 0.680674
-0.170072 0.333198 -0.0287981 -0.970376 -0.17138 0.170294 0.7801 0.713087
-0.178323 0.389177 -0.0222526 -0.975706 -0.160326 0.149308 0.820539 0.72841
-0.187164 0.481772 0.011384 -0.942039 -0.194827 0.273139 0.894524 0.73764
-0.176898 0.437336 0.0174141 -0.920498 -0.181531 0.34602 0.866846 0.717398
-0.192016 0.466334 -0.0244374 -0.966312 -0.206956 0.153004 0.871925 0.756923
-0.160173 0.334889 -0.0801241 -0.838006 -0.108816 -0.5347 0.122755 0.944269
-0.144997 0.288443 -0.0929244 -0.800787 -0.128628 -0.584975 0.158733 0.93185
-0.134995 0.347311 -0.11262 -0.708582 -0.110535 -0.696917 0.114327 0.912797
-0.134995 0.347311 -0.11262 -0.708582 -0.110535 -0.696917 0.114327 0.912797
-0.139314 0.397689 -0.117414 -0.660709 -0.11747 -0.741394 0.0764026 0.909012
-0.160173 0.334889 -0.0801241 -0.838006 -0.108816 -0.5347 0.122755 0.944269
-0.170544 0.452192 -0.0920734 -0.819119 -0.141517 -0.555892 0.033726 0.935757
-0.159616 0.404128 -0.0954454 -0.798535 -0.13889 -0.585705 0.0703616 0.931257
-0.155618 0.454497 -0.111545 -0.699839 -0.112279 -0.705421 0.0329397 0.916921
-0.129298 0.462253 -0.132688 -0.553559 -0.0831174 -0.828652 0.40215 0.584834
-0.146933 0.5377 -0.127798 -0.570941 -0.0559459 -0.819083 0.344432 0.589251
-0.155618 0.454497 -0.111545 -0.699839 -0.112279 -0.705421 0.404376 0.610472
-0.1983 0.560661 0.0259809 -0.932197 -0.171276 0.318862 0.844952 0.338598
-0.21154 0.645279 0.0276752 -0.945528 -0.134161 0.296611 0.781395 0.335656
-0.204941 0.654521 0.050776 -0.873646 -0.126509 0.469828 0.774381 0.353427
-0.230692 0.762662 0.00824547 -0.967747 -0.0717132 0.241501 0.693438 0.317868
-0.216818 0.75583 0.0514555 -0.885275 -0.0766452 0.458709 0.699084 0.351474
-0.21963 0.710812 0.030323 -0.948877 -0.109427 0.296072 0.732358 0.335562
-0.235631 0.749556 -0.0450001 -0.936739 -0.0794812 -0.340886 0.178176 0.660181
-0.22954 0.778649 -0.0612841 -0.861246 -0.0649966 -0.504014 0.157866 0.64563
-0.238856 0.840003 -0.0505695 -0.928407 -0.0601412 -0.366666 0.11183 0.652277
-0.220856 0.719652 -0.0670443 -0.845874 -0.076516 -0.527866 0.20192 0.642566
-0.209102 0.596713 -0.0671015 -0.856988 -0.10529 -0.504465 0.293048 0.647827
-0.195421 0.62371 -0.0907099 -0.775434 -0.0703001 -0.627503 0.275249 0.625351
-0.202093 0.722897 -0.0937111 -0.745417 -0.0605539 -0.663842 0.201956 0.61807
-0.176664 0.688891 -0.114759 -0.614374 -0.0569827 -0.786955 0.22984 0.59676
-0.171699 0.738885 -0.121857 -0.583745 -0.0489954 -0.810458 0.193589 0.585841
-0.202093 0.722897 -0.0937111 -0.745417 -0.0605539 -0.663842 0.201956 0.61807
-0.195421 0.62371 -0.0907099 -0.775434 -0.0703001 -0.627503 0.275249 0.625351
-0.176664 0.688891 -0.114759 -0.614374 -0.0569827 -0.786955 0.22984 0.59676
-0.218617 0.796142 0.0528355 -0.84226 -0.0358146 0.537881 0.669339 0.352617
-0.227468 0.816929 0.0307198 -0.951482 -0.0322275 0.306013 0.653457 0.335368
-0.215584 0.834351 0.0576682 -0.745037 -0.00273224 0.667017 0.64134 0.357754
-0.235353 0.928054 -0.000538349 -0.974318 0.0318453 0.222914 0.569877 0.314836
-0.223993 0.933924 0.0401864 -0.891963 0.064969 0.447416 0.567012 0.346982
-0.23343 0.873527 0.0133047 -0.968883 0.00179557 0.247515 0.610943 0.323196
-0.23095 1.05274 -0.0741222 -0.929311 0.0429483 -0.366793 0.516254 0.698957
-0.239296 0.986675 -0.0584435 -0.949802 0.0205975 -0.312171 0.465585 0.69632
-0.22459 1.0101 -0.0886827 -0.859837 -0.00506042 -0.510543 0.487741 0.717208
-0.227073 1.04973 -0.00589371 -0.964675 0.14148 0.222229 0.431875 0.106988
-0.221135 1.11312 -0.0390444 -0.966349 0.219241 0.134547 0.376627 0.100318
-0.215728 1.11164 -0.00497627 -0.926933 0.240604 0.28793 0.388784 0.123434
-0.176561 1.24698 -0.0621648 -0.889174 0.448911 0.0885961 0.278037 0.142527
-0.197106 1.19716 -0.0493705 -0.92312 0.369415 0.106689 0.315199 0.12501
-0.182218 1.23637 -0.102569 -0.912313 0.405692 -0.0556703 0.26245 0.115469
0.0128813 0.0790431 -0.0901082 0.73445 -0.284823 -0.616003 0.328971 0.811995
-0.0100069 0.057919 -0.103064 0.481866 -0.364548 -0.796812 0.335031 0.836578
0.0122452 0.0231656 -0.0674387 0.747743 -0.490163 -0.447908 0.371162 0.821537
0.0393829 0.215315 -0.115274 0.772856 -0.0890549 -0.628302 0.231325 0.777644
0.0219393 0.221251 -0.133 0.646166 -0.085657 -0.758375 0.222205 0.794053
0.0340986 0.16797 -0.109669 0.739955 -0.232022 -0.631374 0.264824 0.787363
-0.0100069 0.057919 -0.103064 0.481866 -0.364548 -0.796812 0.335031 0.836578
0.0128813 0.0790431 -0.0901082 0.73445 -0.284823 -0.616003 0.328971 0.811995
-0.00683498 0.0887931 -0.115085 0.608674 -0.32565 -0.723511 0.312579 0.830968
-0.0615606 0.243603 -0.150235 -0.463519 -0.150556 -0.873203 0.19507 0.859522
-0.071744 0.191139 -0.133023 -0.496909 -0.236852 -0.834854 0.233327 0.874411
-0.0274897 0.160527 -0.149315 -0.274243 -0.293692 -0.915716 0.255825 0.840826
-0.091413 0.386882 -0.148523 -0.509297 -0.0771065 -0.85713 0.0883147 0.866655
-0.107099 0.318567 -0.132116 -0.560801 -0.0901621 -0.823027 0.137437 0.88961
-0.0636153 0.339646 -0.16001 -0.456825 -0.0789139 -0.886049 0.125423 0.849182
-0.0443152 0.811763 -0.135693 0.661775 -0.0129798 -0.74959 0.153596 0.469991
-0.0336042 0.761096 -0.127644 0.678824 0.0376168 -0.733337 0.192668 0.465315
-0.0074386 0.774323 -0.0980579 0.804568 0.0456984 -0.5921 0.186703 0.434676
-0.0124888 0.517308 -0.140298 0.600718 0.0921996 -0.794127 0.375569 0.480829
0.00700331 0.521641 -0.123553 0.716854 0.11309 -0.68799 0.374596 0.461606
-0.0302212 0.582194 -0.144822 0.594368 0.108024 -0.796905 0.325665 0.487505
-0.0487292 0.733334 -0.141077 0.613468 0.0529382 -0.787943 0.211391 0.483117
-0.0736266 0.745414 -0.158601 0.490324 0.020488 -0.871299 0.199251 0.504573
-0.065817 0.674668 -0.157608 0.542518 0.0871513 -0.835511 0.253065 0.506254
-0.141609 0.75758 -0.140556 -0.481504 -0.0426654 -0.875405 0.182978 0.557796
-0.107844 0.772409 -0.157515 -0.349956 -0.0444649 -0.93571 0.175434 0.52818
-0.145296 0.836056 -0.144714 -0.480565 -0.0755491 -0.873699 0.124465 0.552093
-0.146933 0.5377 -0.127798 -0.570941 -0.0559459 -0.819083 0.344432 0.589251
-0.111192 0.581027 -0.150468 -0.476512 -0.0266412 -0.878764 0.317026 0.553378
-0.173257 0.59583 -0.111635 -0.642898 -0.0563721 -0.763875 0.298466 0.605546
-0.0148356 0.823385 -0.106029 0.78791 -0.00329575 -0.615782 0.149379 0.43769
-0.0316007 0.870932 -0.126412 0.725224 -0.0405614 -0.687317 0.111408 0.451797
-0.0443152 0.811763 -0.135693 0.661775 -0.0129798 -0.74959 0.153596 0.469991
-0.0735302 0.925527 -0.166587 0.500438 -0.117036 -0.857826 0.0643593 0.48769
-0.0790265 0.856416 -0.16293 0.464158 -0.0575654 -0.88388 0.115495 0.497668
-0.0605206 0.882557 -0.151928 0.614812 -0.0711867 -0.785454 0.098464 0.478822
-0.107844 0.772409 -0.157515 -0.349956 -0.0444649 -0.93571 0.175434 0.52818
-0.0914942 0.769885 -0.162071 -0.148866 -0.0324223 -0.988326 0.17898 0.515761
-0.0940413 0.864255 -0.166159 -0.153154 -0.0734964 -0.985465 0.108068 0.508449
-0.107037 0.984199 -0.174728 -0.281095 -0.132027 -0.950555 0.490195 0.830883
-0.129698 1.02474 -0.172553 -0.412339 -0.118254 -0.903323 0.517449 0.809505
-0.143548 0.977754 -0.159826 -0.453384 -0.105285 -0.885075 0.480426 0.80232
-0.155247 1.28339 -0.126416 -0.845111 0.517963 -0.132292 0.218521 0.137942
-0.127639 1.32056 -0.130906 -0.75355 0.636869 -0.162971 0.196701 0.16797
-0.150518 1.29525 -0.0972021 -0.831701 0.554951 -0.0173862 0.23151 0.156882
-0.0685549 1.18593 -0.218855 -0.290867 -0.135465 -0.947125 0.646783 0.838286
-0.101034 1.19196 -0.205763 -0.465266 -0.070711 -0.882342 0.645543 0.812276
-0.0779452 1.13893 -0.208212 -0.278715 -0.149969 -0.948592 0.610427 0.837193
-0.0753784 0.255905 0.0600801 -0.292337 -0.13989 0.946028 0.765618 0.597478
-0.0657253 0.200804 0.0524139 -0.204354 -0.225135 0.952656 0.72844 0.581261
-0.110232 0.217735 0.037004 -0.487179 -0.198147 0.850526 0.729478 0.617539
-0.071563 0.548822 0.0784798 0.33529 -0.012984 0.942025 0.634034 0.214785
-0.0524766 0.558146 0.0695317 0.505122 0.021412 0.862783 0.639728 0.198604
-0.0532713 0.497096 0.0690382 0.433341 -0.0171665 0.901067 0.594368 0.202612
-0.161446 0.742487 0.0847688 -0.35709 -0.0341317 0.933446 0.711745 0.399644
-0.148343 0.791141 0.090888 -0.186252 0.0071929 0.982476 0.675848 0.412422
-0.138427 0.77101 0.0915389 -0.0233874 -0.00637689 0.999706 0.691449 0.418905
-0.203301 1.00448 0.0472727 -0.530345 0.160443 0.832461 0.475688 0.144659
-0.176415 0.996399 0.0615325 -0.405812 0.163867 0.899147 0.48411 0.167849
-0.1916 0.959108 0.0602093 -0.458981 0.125586 0.879525 0.510727 0.153312
-0.136847 1.25141 -0.0191624 -0.356418 0.556941 0.750189 0.292792 0.184911
-0.108688 1.24957 -0.00778794 -0.0480271 0.51605 0.855211 0.296624 0.206332
-0.124823 1.23739 -0.00448155 -0.264413 0.495499 0.827386 0.305726 0.195647
0.0264158 0.453815 0.00701666 0.782854 0.0726474 0.61795 0.925721 0.536039
0.0617599 0.409885 -0.0363307 0.8983 0.0928945 0.42945 0.901264 0.487914
0.0497236 0.389707 -0.0165056 0.801903 0.0670081 0.593685 0.883135 0.501918
0.0403955 0.533024 -0.068279 0.907561 0.125942 -0.400589 0.370165 0.41308
0.0367532 0.447545 -0.0985062 0.854751 0.102914 -0.508733 0.432737 0.438679
0.0537648 0.438897 -0.065375 0.924254 0.107182 -0.366424 0.441118 0.411517
-0.0334668 1.04368 0.012917 0.724739 0.105503 0.680899 0.433907 0.287182
-0.0598083 1.05567 0.0329745 0.551035 0.14046 0.822576 0.431826 0.260639
-0.0282049 1.12386 -0.00668013 0.733141 0.13363 0.666818 0.371909 0.284325
0.00412965 0.909233 -0.0785059 0.909871 -0.0444466 -0.412504 0.431517 0.946989
0.00797701 1.00724 -0.0888463 0.920774 -0.129753 -0.367884 0.504899 0.949315
-0.00807452 0.921326 -0.101598 0.823003 -0.0838762 -0.56181 0.442612 0.928762
-0.0508847 1.1157 0.0152242 0.577164 0.172131 0.798281 0.385335 0.263276
-0.0432496 1.16249 -0.00260758 0.591264 0.216517 0.776871 0.348416 0.265482
-0.0282049 1.12386 -0.00668013 0.733141 0.13363 0.666818 0.371909 0.284325
-0.0289478 0.0176829 -0.0779493 -0.424288 -0.568594 -0.704755 0.366779 0.854623
-0.0422192 0.0631163 -0.0904365 -0.569114 -0.405357 -0.715399 0.333945 0.865342
-0.0631542 0.0330355 -0.0589299 -0.719522 -0.47123 -0.510128 0.364373 0.884472
-0.160173 0.334889 -0.0801241 -0.838006 -0.108816 -0.5347 0.122755 0.944269
-0.159616 0.404128 -0.0954454 -0.798535 -0.13889 -0.585705 0.0703616 0.931257
-0.172833 0.398982 -0.0719078 -0.888408 -0.130069 -0.440242 0.073724 0.951796
-0.217612 0.820696 -0.0843079 -0.785985 -0.0626895 -0.615059 0.128552 0.623674
-0.202093 0.722897 -0.0937111 -0.745417 -0.0605539 -0.663842 0.201956 0.61807
-0.183962 0.813979 -0.116949 -0.628619 -0.0663308 -0.774879 0.137026 0.589251
-0.240944 0.951829 -0.0310121 -0.986654 0.00707296 0.162675 0.551268 0.292449
-0.235353 0.928054 -0.000538349 -0.974318 0.0318453 0.222914 0.569877 0.314836
-0.242967 0.952645 -0.0459566 -0.998221 0.0205117 -0.0559839 0.550153 0.281278
-0.228847 0.988033 0.0139389 -0.958251 0.078221 0.27502 0.480449 0.109431
-0.235353 0.928054 -0.000538349 -0.974318 0.0318453 0.222914 0.520705 0.0870731
-0.240944 0.951829 -0.0310121 -0.986654 0.00707296 0.162675 0.496847 0.0684538
-0.071744 0.191139 -0.133023 -0.496909 -0.236852 -0.834854 0.233327 0.874411
-0.0981522 0.19272 -0.116521 -0.599495 -0.260563 -0.756778 0.232216 0.896933
-0.0829573 0.152977 -0.111922 -0.567577 -0.361898 -0.739518 0.263221 0.889224
-0.0891542 0.501439 -0.159269 -0.433565 -0.0488456 -0.899798 0.378395 0.54536
-0.0835919 0.455984 -0.158352 -0.447671 -0.0720158 -0.891293 0.412455 0.547049
-0.0674276 0.460068 -0.165899 -0.307686 -0.0499149 -0.950178 0.411382 0.533544
-0.158649 0.621341 -0.124156 -0.558668 -0.0301659 -0.828843 0.281513 0.588699
-0.129629 0.645217 -0.142478 -0.487589 -0.0270307 -0.872655 0.267368 0.560732
-0.179311 0.640706 -0.109309 -0.66222 -0.0385331 -0.748318 0.264859 0.605573
-0.0866094 0.92465 -0.171843 0.0938552 -0.107 -0.989819 0.0635549 0.49781
-0.104729 0.926234 -0.168525 -0.263451 -0.0919909 -0.960277 0.0610006 0.511003
-0.0940413 0.864255 -0.166159 -0.153154 -0.0734964 -0.985465 0.108068 0.508449
0.00945854 0.441304 -0.131757 0.654766 0.0805517 -0.751527 0.0623095 0.77053
-0.017879 0.464695 -0.149695 0.574932 0.0857276 -0.813698 0.0407158 0.793371
-0.0233178 0.409542 -0.158354 0.522871 0.0442948 -0.85126 0.0801127 0.806765
-0.227073 1.04973 -0.00589371 -0.964675 0.14148 0.222229 0.431875 0.106988
-0.234064 1.05215 -0.0481758 -0.984976 0.148665 0.0878637 0.418543 0.0772982
-0.221135 1.11312 -0.0390444 -0.966349 0.219241 0.134547 0.376627 0.100318
-0.222082 0.611659 -0.0395474 -0.98838 -0.139883 -0.0594863 0.807859 0.285558
-0.235014 0.721865 -0.0340767 -0.994923 -0.100199 -0.00937919 0.724126 0.286271
-0.228123 0.677268 -0.0203314 -0.977544 -0.11747 0.174955 0.75768 0.297635
-0.21154 0.645279 0.0276752 -0.945528 -0.134161 0.296611 0.781395 0.335656
-0.1983 0.560661 0.0259809 -0.932197 -0.171276 0.318862 0.844952 0.338598
-0.216102 0.623276 0.00243807 -0.957217 -0.139952 0.253275 0.798129 0.316938
0.0516825 1.30258 -0.188978 0.994946 -0.0996924 0.0119545 0.740543 0.931784
0.0377398 1.28965 -0.208101 0.801342 -0.344161 -0.489289 0.733062 0.913036
0.0380411 1.23687 -0.176519 0.869299 -0.276853 -0.409477 0.689362 0.929048
-0.200286 0.887669 0.0648642 -0.469798 0.103469 0.876689 0.60232 0.371449
-0.213958 0.894979 0.0558772 -0.617508 0.0749678 0.782984 0.596555 0.359437
-0.162136 0.90992 0.0803556 -0.321987 0.101047 0.941336 0.586565 0.402414
-0.158131 0.961324 0.0755057 -0.263739 0.140082 0.954368 0.511699 0.18374
-0.176415 0.996399 0.0615325 -0.405812 0.163867 0.899147 0.48411 0.167849
-0.155364 1.02764 0.0644784 -0.235292 0.202167 0.950666 0.462201 0.185155
-0.0958843 0.560952 0.0846963 0.16826 -0.0397276 0.984942 0.644482 0.232726
-0.107222 0.603122 0.0881591 0.146988 -0.0303163 0.988674 0.676568 0.238978
-0.071563 0.548822 0.0784798 0.33529 -0.012984 0.942025 0.634034 0.214785
-0.00372982 0.613407 0.0237575 0.73757 0.0707233 0.671556 0.677243 0.145861
-0.0218763 0.713181 0.0338795 0.718079 0.0657787 0.692846 0.752539 0.15578
-0.00383732 0.71155 0.0126519 0.797014 0.0801187 0.598623 0.7501 0.135155
-0.0817094 0.81798 0.0729284 0.454833 0.0725093 0.88762 0.834261 0.203422
-0.120058 0.84895 0.0848765 0.237987 0.0755779 0.968323 0.859946 0.231143
-0.114477 0.898995 0.0796123 0.275957 0.086691 0.957253 0.896696 0.222537
0.00621319 0.239766 0.0352192 0.58839 -0.0659672 0.805882 0.765702 0.53203
-0.0176277 0.231445 0.0482061 0.398223 -0.090307 0.912833 0.756993 0.550896
-0.0205646 0.302145 0.0537169 0.434473 -0.0202923 0.900456 0.806896 0.563652
-0.128719 0.591604 0.0864105 -0.296791 -0.0940383 0.950301 0.826679 0.412179
-0.152208 0.690694 0.0852075 -0.364042 -0.0632787 0.929231 0.751028 0.403161
-0.135482 0.689503 0.090992 -0.167061 -0.0330156 0.985394 0.753107 0.416207
-0.141799 0.740569 0.0913219 -0.171172 -0.0102484 0.985188 0.714271 0.414934
-0.135482 0.689503 0.090992 -0.167061 -0.0330156 0.985394 0.753107 0.416207
-0.152208 0.690694 0.0852075 -0.364042 -0.0632787 0.929231 0.751028 0.403161
-0.160909 1.11334 0.0385385 -0.346007 0.299216 0.889241 0.398215 0.177111
-0.182258 1.05857 0.0456886 -0.402084 0.230378 0.886146 0.437434 0.162122
-0.201876 1.07525 0.0313897 -0.553278 0.246315 0.795746 0.423054 0.145176
-0.0201353 0.805465 0.0217788 0.770029 0.0675391 0.634424 0.820954 0.14415
0.0121861 0.748729 -0.0170674 0.84098 0.0922028 0.533153 0.776652 0.108793
-0.00383732 0.71155 0.0126519 0.797014 0.0801187 0.598623 0.7501 0.135155
-0.00807452 0.921326 -0.101598 0.823003 -0.0838762 -0.56181 0.0779055 0.42095
-0.0035603 0.876526 -0.0896695 0.847238 -0.0312133 -0.530295 0.112156 0.417058
0.00412965 0.909233 -0.0785059 0.909871 -0.0444466 -0.412504 0.0895957 0.403306
-0.140343 0.192901 -0.0555179 -0.956132 -0.292462 -0.0166775 0.674385 0.671247
-0.125945 0.161523 -0.0267024 -0.9244 -0.344062 0.164639 0.667232 0.638404
-0.124752 0.147495 -0.0582585 -0.916735 -0.373281 -0.14233 0.643575 0.648916
-0.116063 0.239869 -0.114652 -0.65348 -0.171536 -0.737251 0.196028 0.90709
-0.0967588 0.245278 -0.130126 -0.543572 -0.142508 -0.827177 0.192331 0.888796
-0.127617 0.291925 -0.113528 -0.678015 -0.104808 -0.727538 0.156293 0.911828
-0.171699 0.738885 -0.121857 -0.583745 -0.0489954 -0.810458 0.193589 0.585841
-0.176664 0.688891 -0.114759 -0.614374 -0.0569827 -0.786955 0.22984 0.59676
-0.123296 0.695589 -0.14806 -0.457852 -0.0391492 -0.888166 0.230956 0.549274
-0.228847 0.988033 0.0139389 -0.958251 0.078221 0.27502 0.480449 0.109431
-0.223993 0.933924 0.0401864 -0.891963 0.064969 0.447416 0.524594 0.119994
-0.235353 0.928054 -0.000538349 -0.974318 0.0318453 0.222914 0.520705 0.0870731
0.00945854 0.441304 -0.131757 0.654766 0.0805517 -0.751527 0.434072 0.471085
0.00700331 0.521641 -0.123553 0.716854 0.11309 -0.68799 0.374596 0.461606
-0.017879 0.464695 -0.149695 0.574932 0.0857276 -0.813698 0.413751 0.492974
-0.107099 0.318567 -0.132116 -0.560801 -0.0901621 -0.823027 0.137437 0.88961
-0.0967588 0.245278 -0.130126 -0.543572 -0.142508 -0.827177 0.192331 0.888796
-0.0615606 0.243603 -0.150235 -0.463519 -0.150556 -0.873203 0.19507 0.859522
-0.107844 0.772409 -0.157515 -0.349956 -0.0444649 -0.93571 0.175434 0.52818
-0.123296 0.695589 -0.14806 -0.457852 -0.0391492 -0.888166 0.230956 0.549274
-0.0951143 0.671127 -0.159499 -0.313093 -0.0140601 -0.949618 0.252362 0.529318
-0.111359 0.350005 0.0580859 -0.416195 -0.138088 0.898729 0.824897 0.640393
-0.145227 0.375706 0.0456996 -0.535378 -0.137267 0.833384 0.835338 0.671462
-0.151474 0.460541 0.0547366 -0.518495 -0.165831 0.838846 0.896006 0.690742
0.1686 1.41336 -0.306016 0.842675 -0.169831 0.510936 0.957164 0.832631
0.165967 1.4077 -0.309271 0.683859 -0.729178 0.0252133 0.953323 0.835774
0.123385 1.38338 -0.274177 0.597222 -0.797411 0.0863823 0.944129 0.882347
0.178991 1.42951 -0.325517 0.86562 -0.446896 0.2258 0.0697435 0.241543
0.159081 1.45346 -0.314744 0.510587 0.230122 0.828459 0.0466071 0.232779
0.19162 1.45214 -0.332096 0.816001 -0.0734807 0.573361 0.0581115 0.257803
0.19162 1.45214 -0.332096 0.816001 -0.0734807 0.573361 0.0581115 0.257803
0.159081 1.45346 -0.314744 0.510587 0.230122 0.828459 0.0466071 0.232779
0.177213 1.46519 -0.325463 0.532522 0.702443 0.472222 0.0449675 0.250527
0.177213 1.46519 -0.325463 0.532522 0.702443 0.472222 0.0449675 0.250527
0.149878 1.46623 -0.312459 0.127312 0.706101 0.696573 0.0349662 0.230518
0.168131 1.46836 -0.327569 0.177002 0.946431 -0.270071 0.0383901 0.247916
0.174602 1.45295 -0.333942 -0.0452593 -0.0276095 -0.998594 0.931174 0.796203
0.193891 1.45551 -0.336506 0.816964 0.300695 -0.492089 0.941933 0.786273
0.168131 1.46836 -0.327569 0.177002 0.946431 -0.270071 0.918711 0.788418
0.124919 1.45971 -0.297325 -0.0321548 0.946137 0.322166 0.0298994 0.208878
0.0961771 1.42665 -0.260257 0.227437 0.608402 0.760342 0.0415074 0.16768
0.116472 1.45686 -0.292194 -0.249707 0.92641 0.281798 0.028426 0.201311
0.0961771 1.42665 -0.260257 0.227437 0.608402 0.760342 0.0415074 0.16768
0.0875854 1.43284 -0.26884 -0.397582 0.857004 0.32783 0.0312636 0.168398
0.116472 1.45686 -0.292194 -0.249707 0.92641 0.281798 0.028426 0.201311
0.143692 1.46544 -0.311192 -0.0530011 0.887192 0.458346 0.0325702 0.226509
0.159081 1.45346 -0.314744 0.510587 0.230122 0.828459 0.0466071 0.232779
0.124919 1.45971 -0.297325 -0.0321548 0.946137 0.322166 0.0298994 0.208878
0.166245 1.42365 -0.330133 0.231149 -0.24434 -0.941737 0.939182 0.818972
0.178991 1.42951 -0.325517 0.86562 -0.446896 0.2258 0.948189 0.811545
0.184016 1.43596 -0.333601 0.583538 -0.494555 -0.644126 0.944578 0.803187
0.149576 1.46375 -0.337519 -0.241539 0.458096 -0.855457 0.912908 0.80186
0.168131 1.46836 -0.327569 0.177002 0.946431 -0.270071 0.918711 0.788418
0.143692 1.46544 -0.311192 -0.0530011 0.887192 0.458346 0.894503 0.800274
0.138971 1.39959 -0.323746 0.230894 -0.836844 -0.496367 0.932227 0.84523
0.144183 1.40954 -0.33294 0.0623594 -0.304885 -0.950345 0.929859 0.835357
0.121067 1.40348 -0.328963 -0.262213 -0.323888 -0.909033 0.919792 0.847896
0.125528 1.45053 -0.318828 -0.570101 0.538422 -0.620553 0.899192 0.819892
0.131469 1.43263 -0.325983 -0.285187 0.164066 -0.944325 0.912525 0.827174
0.138705 1.44936 -0.328053 -0.398945 -0.0943219 -0.912111 0.910789 0.81469
0.0663223 1.36149 -0.280205 -0.375466 -0.378278 -0.846127 0.901408 0.906293
0.0543051 1.34413 -0.265291 0.171846 -0.734412 -0.656588 0.900011 0.925759
0.102864 1.38145 -0.302202 0.155333 -0.839792 -0.520213 0.918438 0.875224
0.177213 1.46519 -0.325463 0.532522 0.702443 0.472222 0.0449675 0.250527
0.159081 1.45346 -0.314744 0.510587 0.230122 0.828459 0.0466071 0.232779
0.149878 1.46623 -0.312459 0.127312 0.706101 0.696573 0.0349662 0.230518
-0.00529671 0.0119311 -0.0829473 0.543811 -0.667956 -0.50804 0.368085 0.838646
-0.0114708 0.00935748 -0.0836685 -0.0584859 -0.849069 -0.525035 0.368502 0.842062
-0.0107098 0.00964831 -0.07196 0.138216 -0.976182 -0.167226 0.374961 0.841626
0.116472 1.45686 -0.292194 -0.249707 0.92641 0.281798 0.877244 0.822342
0.125528 1.45053 -0.318828 -0.570101 0.538422 -0.620553 0.899192 0.819892
0.124919 1.45971 -0.297325 -0.0321548 0.946137 0.322166 0.882091 0.815594
0.0158091 1.30677 -0.243266 0.021574 -0.275134 -0.961164 0.748673 0.882613
0.00945473 1.29085 -0.240077 0.187421 -0.196235 -0.962479 0.735704 0.880489
0.0231056 1.30251 -0.235865 0.57917 -0.487348 -0.653494 0.745282 0.890322
0.123385 1.38338 -0.274177 0.597222 -0.797411 0.0863823 0.944129 0.882347
0.117216 1.38296 -0.261933 0.750821 -0.323527 0.575845 0.947165 0.891642
0.14161 1.39674 -0.283699 0.715908 -0.487871 0.499457 0.953229 0.865056
0.159332 1.4402 -0.32858 -0.116004 -0.10746 -0.987419 0.927886 0.811539
0.131469 1.43263 -0.325983 -0.285187 0.164066 -0.944325 0.912525 0.827174
0.144183 1.40954 -0.33294 0.0623594 -0.304885 -0.950345 0.929859 0.835357
0.140128 1.46289 -0.32937 -0.605339 0.64044 -0.472653 0.906685 0.80581
0.138705 1.44936 -0.328053 -0.398945 -0.0943219 -0.912111 0.910789 0.81469
0.149576 1.46375 -0.337519 -0.241539 0.458096 -0.855457 0.912908 0.80186
-0.0702152 0.0456439 -0.0134883 -0.704341 -0.521057 0.482083 0.608153 0.561906
-0.0709963 0.0600779 -0.00170565 -0.571824 -0.431246 0.697886 0.621398 0.563367
-0.0576906 0.0227498 -0.0239322 -0.630738 -0.64926 0.425007 0.591948 0.549481
-0.0978613 1.35115 -0.13236 -0.547085 0.834097 -0.0705732 0.183782 0.197758
-0.0678339 1.36372 -0.157013 -0.413567 0.887532 -0.203099 0.161147 0.217038
-0.073391 1.3621 -0.140326 -0.221543 0.960576 0.167963 0.173193 0.215555
0.00945473 1.29085 -0.240077 0.187421 -0.196235 -0.962479 0.735704 0.880489
-0.00786877 1.26252 -0.238527 0.0232869 -0.0964326 -0.995067 0.712241 0.872046
-0.00665474 1.24442 -0.234074 0.413148 -0.279828 -0.866606 0.698816 0.875546
0.0158091 1.30677 -0.243266 0.021574 -0.275134 -0.961164 0.748673 0.882613
-0.0124302 1.30552 -0.234779 -0.28723 0.113586 -0.951103 0.742936 0.861264
0.00945473 1.29085 -0.240077 0.187421 -0.196235 -0.962479 0.735704 0.880489
0.0543051 1.34413 -0.265291 0.171846 -0.734412 -0.656588 0.900011 0.925759
0.0756989 1.35236 -0.264546 0.446066 -0.833106 -0.327047 0.914316 0.915434
0.102864 1.38145 -0.302202 0.155333 -0.839792 -0.520213 0.918438 0.875224
0.0158091 1.30677 -0.243266 0.021574 -0.275134 -0.961164 0.887367 0.968605
0.0357265 1.3219 -0.245569 0.394928 -0.686292 -0.610766 0.896958 0.952574
0.0296736 1.32784 -0.252155 -0.215121 -0.377146 -0.900824 0.889548 0.948336
0.0296736 1.32784 -0.252155 -0.215121 -0.377146 -0.900824 0.889548 0.948336
0.0543051 1.34413 -0.265291 0.171846 -0.734412 -0.656588 0.900011 0.925759
0.0663223 1.36149 -0.280205 -0.375466 -0.378278 -0.846127 0.901408 0.906293
0.0357265 1.3219 -0.245569 0.394928 -0.686292 -0.610766 0.896958 0.952574
0.0543051 1.34413 -0.265291 0.171846 -0.734412 -0.656588 0.900011 0.925759
0.0296736 1.32784 -0.252155 -0.215121 -0.377146 -0.900824 0.889548 0.948336
-0.0127926 1.37182 -0.201536 -0.446189 0.854647 -0.265506 0.122723 0.253856
-0.0103884 1.37334 -0.194913 -0.176223 0.978739 0.104955 0.127822 0.257362
-0.0501385 1.36828 -0.163459 -0.137807 0.990072 0.0277036 0.154144 0.230229
-0.0171108 0.108477 -0.130983 0.198139 -0.367506 -0.908669 0.294966 0.837723
-0.0207233 0.165292 -0.151094 0.207348 -0.243205 -0.947554 0.252931 0.835791
-0.0274897 0.160527 -0.149315 -0.274243 -0.293692 -0.915716 0.255825 0.840826
-0.0100069 0.057919 -0.103064 0.481866 -0.364548 -0.796812 0.335031 0.836578
-0.0170898 0.0501057 -0.10148 -0.170806 -0.438997 -0.882104 0.339692 0.843073
-0.00529671 0.0119311 -0.0829473 0.543811 -0.667956 -0.50804 0.368085 0.838646
-0.0107098 0.00964831 -0.07196 0.138216 -0.976182 -0.167226 0.374961 0.841626
-0.0114708 0.00935748 -0.0836685 -0.0584859 -0.849069 -0.525035 0.368502 0.842062
-0.0289478 0.0176829 -0.0779493 -0.424288 -0.568594 -0.704755 0.366779 0.854623
-0.0470476 0.00813295 -0.030453 -0.469117 -0.865401 0.176096 0.582776 0.538607
-0.0277214 0.00729243 -0.0434687 -0.0177066 -0.998095 0.0591062 0.573228 0.523207
-0.0486002 0.010019 -0.0455332 -0.509561 -0.852435 -0.117058 0.572234 0.542668
-0.0392866 0.00895974 -0.0195868 -0.254627 -0.8317 0.493396 0.589487 0.533336
-0.0470476 0.00813295 -0.030453 -0.469117 -0.865401 0.176096 0.582776 0.538607
-0.0436115 0.0239101 -0.0117996 -0.429876 -0.552763 0.713905 0.600029 0.538859
-0.0392866 0.00895974 -0.0195868 -0.254627 -0.8317 0.493396 0.589487 0.533336
-0.0277214 0.00729243 -0.0434687 -0.0177066 -0.998095 0.0591062 0.573228 0.523207
-0.0470476 0.00813295 -0.030453 -0.469117 -0.865401 0.176096 0.582776 0.538607
0.140128 1.46289 -0.32937 -0.605339 0.64044 -0.472653 0.906685 0.80581
0.125528 1.45053 -0.318828 -0.570101 0.538422 -0.620553 0.899192 0.819892
0.138705 1.44936 -0.328053 -0.398945 -0.0943219 -0.912111 0.910789 0.81469
0.140128 1.46289 -0.32937 -0.605339 0.64044 -0.472653 0.906685 0.80581
0.143692 1.46544 -0.311192 -0.0530011 0.887192 0.458346 0.894503 0.800274
0.125528 1.45053 -0.318828 -0.570101 0.538422 -0.620553 0.899192 0.819892
0.149576 1.46375 -0.337519 -0.241539 0.458096 -0.855457 0.912908 0.80186
0.174602 1.45295 -0.333942 -0.0452593 -0.0276095 -0.998594 0.931174 0.796203
0.168131 1.46836 -0.327569 0.177002 0.946431 -0.270071 0.918711 0.788418
0.140128 1.46289 -0.32937 -0.605339 0.64044 -0.472653 0.906685 0.80581
0.149576 1.46375 -0.337519 -0.241539 0.458096 -0.855457 0.912908 0.80186
0.143692 1.46544 -0.311192 -0.0530011 0.887192 0.458346 0.894503 0.800274
0.149878 1.46623 -0.312459 0.127312 0.706101 0.696573 0.0349662 0.230518
0.143692 1.46544 -0.311192 -0.0530011 0.887192 0.458346 0.0325702 0.226509
0.168131 1.46836 -0.327569 0.177002 0.946431 -0.270071 0.0383901 0.247916
0.178991 1.42951 -0.325517 0.86562 -0.446896 0.2258 0.948189 0.811545
0.159007 1.40949 -0.326771 0.466223 -0.672376 -0.574932 0.939613 0.831072
0.165967 1.4077 -0.309271 0.683859 -0.729178 0.0252133 0.953323 0.835774
0.143692 1.46544 -0.311192 -0.0530011 0.887192 0.458346 0.0325702 0.226509
0.149878 1.46623 -0.312459 0.127312 0.706101 0.696573 0.0349662 0.230518
0.159081 1.45346 -0.314744 0.510587 0.230122 0.828459 0.0466071 0.232779
0.0724449 1.41316 -0.245941 -0.126273 0.802745 0.582799 0.0402405 0.144799
0.0875854 1.43284 -0.26884 -0.397582 0.857004 0.32783 0.0312636 0.168398
0.0961771 1.42665 -0.260257 0.227437 0.608402 0.760342 0.0415074 0.16768
0.168131 1.46836 -0.327569 0.177002 0.946431 -0.270071 0.918711 0.788418
0.193891 1.45551 -0.336506 0.816964 0.300695 -0.492089 0.941933 0.786273
0.177213 1.46519 -0.325463 0.532522 0.702443 0.472222 0.925057 0.785366
0.19162 1.45214 -0.332096 0.816001 -0.0734807 0.573361 0.0581115 0.257803
0.193891 1.45551 -0.336506 0.816964 0.300695 -0.492089 0.0571769 0.262423
0.184016 1.43596 -0.333601 0.583538 -0.494555 -0.644126 0.0682306 0.24945
0.177213 1.46519 -0.325463 0.532522 0.702443 0.472222 0.0449675 0.250527
0.193891 1.45551 -0.336506 0.816964 0.300695 -0.492089 0.0571769 0.262423
0.19162 1.45214 -0.332096 0.816001 -0.0734807 0.573361 0.0581115 0.257803
0.178991 1.42951 -0.325517 0.86562 -0.446896 0.2258 0.0697435 0.241543
0.19162 1.45214 -0.332096 0.816001 -0.0734807 0.573361 0.0581115 0.257803
0.184016 1.43596 -0.333601 0.583538 -0.494555 -0.644126 0.0682306 0.24945
0.102864 1.38145 -0.302202 0.155333 -0.839792 -0.520213 0.918438 0.875224
0.0756989 1.35236 -0.264546 0.446066 -0.833106 -0.327047 0.914316 0.915434
0.107329 1.37839 -0.292151 0.383529 -0.87645 -0.291103 0.925267 0.880292
0.1686 1.41336 -0.306016 0.842675 -0.169831 0.510936 0.957164 0.832631
0.123385 1.38338 -0.274177 0.597222 -0.797411 0.0863823 0.944129 0.882347
0.14161 1.39674 -0.283699 0.715908 -0.487871 0.499457 0.953229 0.865056
0.123385 1.38338 -0.274177 0.597222 -0.797411 0.0863823 0.944129 0.882347
0.099287 1.36437 -0.249796 0.722225 -0.658949 0.210184 0.937041 0.910536
0.117216 1.38296 -0.261933 0.750821 -0.323527 0.575845 0.947165 0.891642
-0.00203228 0.0251526 -0.00877786 0.446095 -0.465697 0.764281 0.606663 0.510029
0.026145 0.0254472 -0.0356185 0.854355 -0.467321 0.22735 0.601261 0.48322
0.000730515 0.0136737 -0.0275197 0.328662 -0.866083 0.376671 0.592057 0.50351
-0.0236902 0.0207219 -0.00593853 0.0427472 -0.621959 0.781882 0.602899 0.524397
-0.00203228 0.0251526 -0.00877786 0.446095 -0.465697 0.764281 0.606663 0.510029
0.000730515 0.0136737 -0.0275197 0.328662 -0.866083 0.376671 0.592057 0.50351
-0.0236902 0.0207219 -0.00593853 0.0427472 -0.621959 0.781882 0.602899 0.524397
-0.0188608 0.0470068 0.00229979 0.333076 -0.208949 0.919457 0.622404 0.52351
-0.00203228 0.0251526 -0.00877786 0.446095 -0.465697 0.764281 0.606663 0.510029
-1.66893e-06 0.8555 -0.0147156 0.859147 0.0660941 0.507443 0.856801 0.111405
-0.0201353 0.805465 0.0217788 0.770029 0.0675391 0.634424 0.820954 0.14415
-0.0242798 0.884097 0.0200944 0.77851 0.0543123 0.625278 0.879628 0.141968
-0.0242798 0.884097 0.0200944 0.77851 0.0543123 0.625278 0.879628 0.141968
-0.0201353 0.805465 0.0217788 0.770029 0.0675391 0.634424 0.820954 0.14415
-0.0491323 0.862286 0.0473564 0.645645 0.0590513 0.761351 0.865007 0.170332
-0.182258 1.05857 0.0456886 -0.402084 0.230378 0.886146 0.437434 0.162122
-0.176415 0.996399 0.0615325 -0.405812 0.163867 0.899147 0.48411 0.167849
-0.203301 1.00448 0.0472727 -0.530345 0.160443 0.832461 0.475688 0.144659
-0.235353 0.928054 -0.000538349 -0.974318 0.0318453 0.222914 0.569877 0.314836
-0.23343 0.873527 0.0133047 -0.968883 0.00179557 0.247515 0.610943 0.323196
-0.241209 0.856968 -0.0230179 -0.989275 -0.0166008 0.145122 0.622378 0.295043
-0.107844 0.772409 -0.157515 -0.349956 -0.0444649 -0.93571 0.175434 0.52818
-0.0951143 0.671127 -0.159499 -0.313093 -0.0140601 -0.949618 0.252362 0.529318
-0.0843195 0.687801 -0.161739 -0.0884002 0.0101838 -0.996033 0.241186 0.519192
0.00700331 0.521641 -0.123553 0.716854 0.11309 -0.68799 0.374596 0.461606
-0.0124888 0.517308 -0.140298 0.600718 0.0921996 -0.794127 0.375569 0.480829
-0.017879 0.464695 -0.149695 0.574932 0.0857276 -0.813698 0.413751 0.492974
-0.176664 0.688891 -0.114759 -0.614374 -0.0569827 -0.786955 0.22984 0.59676
-0.129629 0.645217 -0.142478 -0.487589 -0.0270307 -0.872655 0.267368 0.560732
-0.123296 0.695589 -0.14806 -0.457852 -0.0391492 -0.888166 0.230956 0.549274
-0.0967588 0.245278 -0.130126 -0.543572 -0.142508 -0.827177 0.192331 0.888796
-0.107099 0.318567 -0.132116 -0.560801 -0.0901621 -0.823027 0.137437 0.88961
-0.127617 0.291925 -0.113528 -0.678015 -0.104808 -0.727538 0.156293 0.911828
-0.0035603 0.876526 -0.0896695 0.847238 -0.0312133 -0.530295 0.112156 0.417058
0.00972199 0.872224 -0.0642762 0.927249 -0.00188293 -0.374441 0.118421 0.39648
0.00412965 0.909233 -0.0785059 0.909871 -0.0444466 -0.412504 0.0895957 0.403306
0.0121861 0.748729 -0.0170674 0.84098 0.0922028 0.533153 0.776652 0.108793
0.0281827 0.681257 -0.0307264 0.881412 0.108776 0.459654 0.725416 0.0962331
-0.00383732 0.71155 0.0126519 0.797014 0.0801187 0.598623 0.7501 0.135155
-0.160909 1.11334 0.0385385 -0.346007 0.299216 0.889241 0.398215 0.177111
-0.201876 1.07525 0.0313897 -0.553278 0.246315 0.795746 0.423054 0.145176
-0.189108 1.12235 0.0215888 -0.494427 0.320807 0.807852 0.388615 0.153287
-0.155364 1.02764 0.0644784 -0.235292 0.202167 0.950666 0.462201 0.185155
-0.176415 0.996399 0.0615325 -0.405812 0.163867 0.899147 0.48411 0.167849
-0.182258 1.05857 0.0456886 -0.402084 0.230378 0.886146 0.437434 0.162122
-0.141799 0.740569 0.0913219 -0.171172 -0.0102484 0.985188 0.714271 0.414934
-0.152208 0.690694 0.0852075 -0.364042 -0.0632787 0.929231 0.751028 0.403161
-0.161446 0.742487 0.0847688 -0.35709 -0.0341317 0.933446 0.711745 0.399644
-0.128719 0.591604 0.0864105 -0.296791 -0.0940383 0.950301 0.826679 0.412179
-0.135482 0.689503 0.090992 -0.167061 -0.0330156 0.985394 0.753107 0.416207
-0.121323 0.637971 0.0906763 -0.00788803 -0.0319849 0.999457 0.792877 0.422317
-0.0856895 0.170049 0.035603 -0.380113 -0.295272 0.876544 0.701084 0.591089
-0.110232 0.217735 0.037004 -0.487179 -0.198147 0.850526 0.729478 0.617539
-0.0657253 0.200804 0.0524139 -0.204354 -0.225135 0.952656 0.72844 0.581261
0.00621319 0.239766 0.0352192 0.58839 -0.0659672 0.805882 0.765702 0.53203
-0.0205646 0.302145 0.0537169 0.434473 -0.0202923 0.900456 0.806896 0.563652
0.00628662 0.290106 0.0370872 0.610009 -0.00418567 0.792383 0.801954 0.538939
-0.0817094 0.81798 0.0729284 0.454833 0.0725093 0.88762 0.834261 0.203422
-0.114477 0.898995 0.0796123 0.275957 0.086691 0.957253 0.896696 0.222537
-0.0745318 0.891777 0.062917 0.492428 0.0781533 0.866837 0.888527 0.190871
-0.00372982 0.613407 0.0237575 0.73757 0.0707233 0.671556 0.677243 0.145861
-0.00383732 0.71155 0.0126519 0.797014 0.0801187 0.598623 0.7501 0.135155
0.0224085 0.614819 -0.010016 0.806311 0.0889525 0.584765 0.676447 0.114031
-0.107222 0.603122 0.0881591 0.146988 -0.0303163 0.988674 0.676568 0.238978
-0.0903232 0.621594 0.0849528 0.277649 -0.00027729 0.960683 0.68925 0.225133
-0.071563 0.548822 0.0784798 0.33529 -0.012984 0.942025 0.634034 0.214785
-0.148343 0.791141 0.090888 -0.186252 0.0071929 0.982476 0.675848 0.412422
-0.129734 0.801763 0.0899682 0.131365 0.0420358 0.990442 0.66846 0.42646
-0.138427 0.77101 0.0915389 -0.0233874 -0.00637689 0.999706 0.691449 0.418905
-0.197644 0.832853 0.0695901 -0.479394 0.0287666 0.877128 0.643091 0.373692
-0.157234 0.845122 0.0868583 -0.270625 0.0539269 0.961173 0.635067 0.406624
-0.172503 0.822215 0.0811191 -0.391805 0.0130826 0.919955 0.651733 0.39395
-0.213958 0.894979 0.0558772 -0.617508 0.0749678 0.782984 0.596555 0.359437
-0.207434 0.933039 0.0556669 -0.519619 0.134664 0.843719 0.568182 0.364224
-0.162136 0.90992 0.0803556 -0.321987 0.101047 0.941336 0.586565 0.402414
0.0428636 0.578327 -0.0332037 0.906529 0.104833 0.408919 0.647909 0.0926626
0.014255 0.506377 0.0156865 0.77366 0.0773325 0.628864 0.596538 0.137597
0.0224085 0.614819 -0.010016 0.806311 0.0889525 0.584765 0.676447 0.114031
0.0377398 1.28965 -0.208101 0.801342 -0.344161 -0.489289 0.733062 0.913036
0.0234823 1.24017 -0.203149 0.760802 -0.305466 -0.5726 0.694749 0.907063
0.0380411 1.23687 -0.176519 0.869299 -0.276853 -0.409477 0.689362 0.929048
-0.234064 1.05215 -0.0481758 -0.984976 0.148665 0.0878637 0.418543 0.0772982
-0.224706 1.11017 -0.0671117 -0.977661 0.210176 0.00210812 0.369261 0.0801565
-0.221135 1.11312 -0.0390444 -0.966349 0.219241 0.134547 0.376627 0.100318
-0.104729 0.926234 -0.168525 -0.263451 -0.0919909 -0.960277 0.0610006 0.511003
-0.113682 0.868584 -0.161363 -0.326537 -0.072582 -0.942393 0.103168 0.523086
-0.0940413 0.864255 -0.166159 -0.153154 -0.0734964 -0.985465 0.108068 0.508449
-0.129629 0.645217 -0.142478 -0.487589 -0.0270307 -0.872655 0.267368 0.560732
-0.176664 0.688891 -0.114759 -0.614374 -0.0569827 -0.786955 0.22984 0.59676
-0.179311 0.640706 -0.109309 -0.66222 -0.0385331 -0.748318 0.264859 0.605573
-0.129629 0.645217 -0.142478 -0.487589 -0.0270307 -0.872655 0.267368 0.560732
-0.158649 0.621341 -0.124156 -0.558668 -0.0301659 -0.828843 0.281513 0.588699
-0.111192 0.581027 -0.150468 -0.476512 -0.0266412 -0.878764 0.317026 0.553378
-0.146933 0.5377 -0.127798 -0.570941 -0.0559459 -0.819083 0.344432 0.589251
-0.129298 0.462253 -0.132688 -0.553559 -0.0831174 -0.828652 0.40215 0.584834
-0.0891542 0.501439 -0.159269 -0.433565 -0.0488456 -0.899798 0.378395 0.54536
-0.071744 0.191139 -0.133023 -0.496909 -0.236852 -0.834854 0.233327 0.874411
-0.0829573 0.152977 -0.111922 -0.567577 -0.361898 -0.739518 0.263221 0.889224
-0.0274897 0.160527 -0.149315 -0.274243 -0.293692 -0.915716 0.255825 0.840826
-0.221135 1.11312 -0.0390444 -0.966349 0.219241 0.134547 0.376627 0.100318
-0.209783 1.15925 -0.0446479 -0.95032 0.289528 0.114303 0.342466 0.112182
-0.215728 1.11164 -0.00497627 -0.926933 0.240604 0.28793 0.388784 0.123434
-0.228847 0.988033 0.0139389 -0.958251 0.078221 0.27502 0.480449 0.109431
-0.240944 0.951829 -0.0310121 -0.986654 0.00707296 0.162675 0.496847 0.0684538
-0.238053 0.990018 -0.0273132 -0.981615 0.0806009 0.173018 0.469811 0.0787395
-0.228847 0.988033 0.0139389 -0.958251 0.078221 0.27502 0.480449 0.109431
-0.227073 1.04973 -0.00589371 -0.964675 0.14148 0.222229 0.431875 0.106988
-0.220076 1.02344 0.0295601 -0.820099 0.152961 0.551398 0.458688 0.128405
-0.202093 0.722897 -0.0937111 -0.745417 -0.0605539 -0.663842 0.201956 0.61807
-0.171699 0.738885 -0.121857 -0.583745 -0.0489954 -0.810458 0.193589 0.585841
-0.183962 0.813979 -0.116949 -0.628619 -0.0663308 -0.774879 0.137026 0.589251
-0.194506 0.467911 -0.0456657 -0.977193 -0.203548 -0.0605134 0.917657 0.290139
-0.20562 0.532672 -0.018189 -0.964194 -0.189313 0.185716 0.867069 0.306158
-0.192016 0.466334 -0.0244374 -0.966312 -0.206956 0.153004 0.917771 0.306112
0.00797701 1.00724 -0.0888463 0.920774 -0.129753 -0.367884 0.504899 0.949315
-0.00491333 0.986946 -0.108892 0.846249 -0.12771 -0.517254 0.49185 0.929998
-0.00807452 0.921326 -0.101598 0.823003 -0.0838762 -0.56181 0.442612 0.928762
-0.0598083 1.05567 0.0329745 0.551035 0.14046 0.822576 0.431826 0.260639
-0.0508847 1.1157 0.0152242 0.577164 0.172131 0.798281 0.385335 0.263276
-0.0282049 1.12386 -0.00668013 0.733141 0.13363 0.666818 0.371909 0.284325
-0.090188 1.1902 0.0144939 0.254917 0.318 0.913178 0.338779 0.224817
-0.108743 1.1434 0.0331595 0.171063 0.275666 0.94591 0.375084 0.214834
-0.122648 1.18941 0.0201871 -0.0167262 0.377714 0.925771 0.342629 0.201268
-0.176415 0.996399 0.0615325 -0.405812 0.163867 0.899147 0.48411 0.167849
-0.158131 0.961324 0.0755057 -0.263739 0.140082 0.954368 0.511699 0.18374
-0.1916 0.959108 0.0602093 -0.458981 0.125586 0.879525 0.510727 0.153312
-0.172503 0.822215 0.0811191 -0.391805 0.0130826 0.919955 0.651733 0.39395
-0.157234 0.845122 0.0868583 -0.270625 0.0539269 0.961173 0.635067 0.406624
-0.148343 0.791141 0.090888 -0.186252 0.0071929 0.982476 0.675848 0.412422
-0.161446 0.742487 0.0847688 -0.35709 -0.0341317 0.933446 0.711745 0.399644
-0.138427 0.77101 0.0915389 -0.0233874 -0.00637689 0.999706 0.691449 0.418905
-0.141799 0.740569 0.0913219 -0.171172 -0.0102484 0.985188 0.714271 0.414934
-0.0201353 0.805465 0.0217788 0.770029 0.0675391 0.634424 0.820954 0.14415
-0.0554723 0.76251 0.0606809 0.614841 0.0663381 0.785856 0.791397 0.185189
-0.0491323 0.862286 0.0473564 0.645645 0.0590513 0.761351 0.865007 0.170332
-0.0524766 0.558146 0.0695317 0.505122 0.021412 0.862783 0.639728 0.198604
-0.0272801 0.513145 0.0536244 0.583216 0.0298818 0.811767 0.604536 0.179145
-0.0532713 0.497096 0.0690382 0.433341 -0.0171665 0.901067 0.594368 0.202612
-0.12646 0.233502 0.0290098 -0.695781 -0.198826 0.690187 0.735578 0.633832
-0.117592 0.263717 0.0411906 -0.480033 -0.158953 0.86273 0.760495 0.631538
-0.110232 0.217735 0.037004 -0.487179 -0.198147 0.850526 0.729478 0.617539
-0.0753784 0.255905 0.0600801 -0.292337 -0.13989 0.946028 0.765618 0.597478
-0.110232 0.217735 0.037004 -0.487179 -0.198147 0.850526 0.729478 0.617539
-0.117592 0.263717 0.0411906 -0.480033 -0.158953 0.86273 0.760495 0.631538
-0.101034 1.19196 -0.205763 -0.465266 -0.070711 -0.882342 0.645543 0.812276
-0.104361 1.13728 -0.198301 -0.417481 -0.103546 -0.902767 0.604822 0.816998
-0.0779452 1.13893 -0.208212 -0.278715 -0.149969 -0.948592 0.610427 0.837193
-0.0818644 1.28178 -0.215055 -0.460491 0.166566 -0.871897 0.713655 0.813103
-0.0622387 1.31948 -0.213578 -0.419658 0.279499 -0.863578 0.744416 0.819057
-0.0997353 1.32074 -0.190411 -0.599098 0.463976 -0.65254 0.738567 0.786512
-0.090703 1.33533 -0.180968 -0.580961 0.71195 -0.394477 0.148626 0.185866
-0.0978613 1.35115 -0.13236 -0.547085 0.834097 -0.0705732 0.183782 0.197758
-0.116378 1.31746 -0.172817 -0.692735 0.591904 -0.41203 0.16468 0.161623
-0.107844 0.772409 -0.157515 -0.349956 -0.0444649 -0.93571 0.175434 0.52818
-0.0940413 0.864255 -0.166159 -0.153154 -0.0734964 -0.985465 0.108068 0.508449
-0.113682 0.868584 -0.161363 -0.326537 -0.072582 -0.942393 0.103168 0.523086
-0.0460567 1.03663 -0.17071 0.628546 -0.248895 -0.736872 0.53356 0.87719
-0.0610766 1.04992 -0.186374 0.533953 -0.271323 -0.800799 0.54421 0.861118
-0.0720315 0.981686 -0.175358 0.473442 -0.178432 -0.862563 0.491381 0.858292
-0.0316007 0.870932 -0.126412 0.725224 -0.0405614 -0.687317 0.111408 0.451797
-0.0605206 0.882557 -0.151928 0.614812 -0.0711867 -0.785454 0.098464 0.478822
-0.0443152 0.811763 -0.135693 0.661775 -0.0129798 -0.74959 0.153596 0.469991
-0.111192 0.581027 -0.150468 -0.476512 -0.0266412 -0.878764 0.317026 0.553378
-0.158649 0.621341 -0.124156 -0.558668 -0.0301659 -0.828843 0.281513 0.588699
-0.173257 0.59583 -0.111635 -0.642898 -0.0563721 -0.763875 0.298466 0.605546
-0.145296 0.836056 -0.144714 -0.480565 -0.0755491 -0.873699 0.124465 0.552093
-0.107844 0.772409 -0.157515 -0.349956 -0.0444649 -0.93571 0.175434 0.52818
-0.113682 0.868584 -0.161363 -0.326537 -0.072582 -0.942393 0.103168 0.523086
-0.141609 0.75758 -0.140556 -0.481504 -0.0426654 -0.875405 0.182978 0.557796
-0.123296 0.695589 -0.14806 -0.457852 -0.0391492 -0.888166 0.230956 0.549274
-0.107844 0.772409 -0.157515 -0.349956 -0.0444649 -0.93571 0.175434 0.52818
-0.0487292 0.733334 -0.141077 0.613468 0.0529382 -0.787943 0.211391 0.483117
-0.065817 0.674668 -0.157608 0.542518 0.0871513 -0.835511 0.253065 0.506254
-0.0424104 0.67569 -0.141147 0.608417 0.0919077 -0.788278 0.25495 0.484838
-0.0443152 0.811763 -0.135693 0.661775 -0.0129798 -0.74959 0.153596 0.469991
-0.0074386 0.774323 -0.0980579 0.804568 0.0456984 -0.5921 0.186703 0.434676
-0.0148356 0.823385 -0.106029 0.78791 -0.00329575 -0.615782 0.149379 0.43769
-0.0384541 0.460923 -0.163595 0.478979 0.0641375 -0.87548 0.0404893 0.812939
-0.0233178 0.409542 -0.158354 0.522871 0.0442948 -0.85126 0.0801127 0.806765
-0.017879 0.464695 -0.149695 0.574932 0.0857276 -0.813698 0.0407158 0.793371
-0.0124888 0.517308 -0.140298 0.600718 0.0921996 -0.794127 0.375569 0.480829
-0.0565014 0.565404 -0.164352 0.349569 0.0685401 -0.9344 0.335173 0.512954
-0.0384541 0.460923 -0.163595 0.478979 0.0641375 -0.87548 0.414155 0.511526
-0.0274897 0.160527 -0.149315 -0.274243 -0.293692 -0.915716 0.255825 0.840826
-0.0419283 0.265788 -0.163586 -0.314318 -0.108659 -0.943079 0.180385 0.840585
-0.0615606 0.243603 -0.150235 -0.463519 -0.150556 -0.873203 0.19507 0.859522
0.0219393 0.221251 -0.133 0.646166 -0.085657 -0.758375 0.222205 0.794053
0.00766563 0.15859 -0.130094 0.607638 -0.241935 -0.756468 0.264279 0.812466
0.0340986 0.16797 -0.109669 0.739955 -0.232022 -0.631374 0.264824 0.787363
-0.197106 1.19716 -0.0493705 -0.92312 0.369415 0.106689 0.315199 0.12501
-0.208058 1.17118 -0.0797145 -0.949928 0.310569 -0.0343986 0.318685 0.094664
-0.182218 1.23637 -0.102569 -0.912313 0.405692 -0.0556703 0.26245 0.115469
-0.209783 1.15925 -0.0446479 -0.95032 0.289528 0.114303 0.342466 0.112182
-0.208058 1.17118 -0.0797145 -0.949928 0.310569 -0.0343986 0.318685 0.094664
-0.197106 1.19716 -0.0493705 -0.92312 0.369415 0.106689 0.315199 0.12501
-0.23343 0.873527 0.0133047 -0.968883 0.00179557 0.247515 0.610943 0.323196
-0.227468 0.816929 0.0307198 -0.951482 -0.0322275 0.306013 0.653457 0.335368
-0.241209 0.856968 -0.0230179 -0.989275 -0.0166008 0.145122 0.622378 0.295043
-0.23343 0.873527 0.0133047 -0.968883 0.00179557 0.247515 0.610943 0.323196
-0.224297 0.855035 0.0430799 -0.918609 -0.0192768 0.394698 0.62558 0.345818
-0.227468 0.816929 0.0307198 -0.951482 -0.0322275 0.306013 0.653457 0.335368
-0.223993 0.933924 0.0401864 -0.891963 0.064969 0.447416 0.567012 0.346982
-0.223337 0.891807 0.0457711 -0.869888 0.0316292 0.492234 0.598472 0.349159
-0.23343 0.873527 0.0133047 -0.968883 0.00179557 0.247515 0.610943 0.323196
-0.227468 0.816929 0.0307198 -0.951482 -0.0322275 0.306013 0.653457 0.335368
-0.224297 0.855035 0.0430799 -0.918609 -0.0192768 0.394698 0.62558 0.345818
-0.215584 0.834351 0.0576682 -0.745037 -0.00273224 0.667017 0.64134 0.357754
-0.195421 0.62371 -0.0907099 -0.775434 -0.0703001 -0.627503 0.275249 0.625351
-0.179311 0.640706 -0.109309 -0.66222 -0.0385331 -0.748318 0.264859 0.605573
-0.176664 0.688891 -0.114759 -0.614374 -0.0569827 -0.786955 0.22984 0.59676
-0.22954 0.778649 -0.0612841 -0.861246 -0.0649966 -0.504014 0.157866 0.64563
-0.217612 0.820696 -0.0843079 -0.785985 -0.0626895 -0.615059 0.128552 0.623674
-0.238856 0.840003 -0.0505695 -0.928407 -0.0601412 -0.366666 0.11183 0.652277
-0.228123 0.677268 -0.0203314 -0.977544 -0.11747 0.174955 0.75768 0.297635
-0.230692 0.762662 0.00824547 -0.967747 -0.0717132 0.241501 0.693438 0.317868
-0.21963 0.710812 0.030323 -0.948877 -0.109427 0.296072 0.732358 0.335562
-0.1983 0.560661 0.0259809 -0.932197 -0.171276 0.318862 0.844952 0.338598
-0.204941 0.654521 0.050776 -0.873646 -0.126509 0.469828 0.774381 0.353427
-0.186936 0.539235 0.044517 -0.85323 -0.178168 0.490158 0.860891 0.354817
-0.159616 0.404128 -0.0954454 -0.798535 -0.13889 -0.585705 0.0703616 0.931257
-0.139314 0.397689 -0.117414 -0.660709 -0.11747 -0.741394 0.0764026 0.909012
-0.155618 0.454497 -0.111545 -0.699839 -0.112279 -0.705421 0.0329397 0.916921
-0.139314 0.397689 -0.117414 -0.660709 -0.11747 -0.741394 0.0764026 0.909012
-0.159616 0.404128 -0.0954454 -0.798535 -0.13889 -0.585705 0.0703616 0.931257
-0.160173 0.334889 -0.0801241 -0.838006 -0.108816 -0.5347 0.122755 0.944269
-0.144997 0.288443 -0.0929244 -0.800787 -0.128628 -0.584975 0.158733 0.93185
-0.127617 0.291925 -0.113528 -0.678015 -0.104808 -0.727538 0.156293 0.911828
-0.134995 0.347311 -0.11262 -0.708582 -0.110535 -0.696917 0.114327 0.912797
-0.20815 0.534291 -0.0385365 -0.978694 -0.202742 -0.0324776 0.866759 0.290861
-0.20562 0.532672 -0.018189 -0.964194 -0.189313 0.185716 0.867069 0.306158
-0.194506 0.467911 -0.0456657 -0.977193 -0.203548 -0.0605134 0.917657 0.290139
-0.176898 0.437336 0.0174141 -0.920498 -0.181531 0.34602 0.866846 0.717398
-0.186216 0.429193 -0.0353403 -0.979622 -0.186649 0.074184 0.843171 0.751023
-0.192016 0.466334 -0.0244374 -0.966312 -0.206956 0.153004 0.871925 0.756923
-0.15613 0.299093 0.00111389 -0.936722 -0.193272 0.291888 0.767911 0.680112
-0.153414 0.258174 -0.0225821 -0.954817 -0.223833 0.195508 0.731608 0.680276
-0.170072 0.333198 -0.0287981 -0.970376 -0.17138 0.170294 0.7801 0.713087
-0.156883 0.338671 0.0208001 -0.895504 -0.190341 0.402298 0.801413 0.680674
-0.178323 0.389177 -0.0222526 -0.975706 -0.160326 0.149308 0.820539 0.72841
-0.166995 0.393207 0.0235085 -0.907549 -0.159139 0.388625 0.839025 0.698021
-0.0981522 0.19272 -0.116521 -0.599495 -0.260563 -0.756778 0.232216 0.896933
-0.0967588 0.245278 -0.130126 -0.543572 -0.142508 -0.827177 0.192331 0.888796
-0.116063 0.239869 -0.114652 -0.65348 -0.171536 -0.737251 0.196028 0.90709
-0.134026 0.202385 -0.00213099 -0.924364 -0.26787 0.271656 0.703399 0.6433
-0.142174 0.265421 0.0182037 -0.870028 -0.209804 0.446131 0.752001 0.655334
-0.127112 0.202229 0.0156713 -0.844702 -0.256182 0.469945 0.710575 0.631204
-0.134026 0.202385 -0.00213099 -0.924364 -0.26787 0.271656 0.703399 0.6433
-0.125945 0.161523 -0.0267024 -0.9244 -0.344062 0.164639 0.667232 0.638404
-0.142072 0.208154 -0.0337305 -0.950671 -0.271544 0.149961 0.693972 0.665406
-0.0494452 1.34568 -0.0977734 0.16601 0.820109 0.547596 0.202708 0.236913
-0.073391 1.3621 -0.140326 -0.221543 0.960576 0.167963 0.173193 0.215555
-0.0350513 1.35531 -0.119028 0.214148 0.868372 0.447293 0.185902 0.245534
0.0383101 1.33848 -0.184682 0.666746 0.340423 0.662995 0.152057 0.310971
0.0386868 1.31696 -0.170922 0.795176 0.376804 0.475093 0.17101 0.31719
0.0143309 1.3599 -0.174977 0.564535 0.535469 0.628151 0.147448 0.284167
0.0386868 1.31696 -0.170922 0.795176 0.376804 0.475093 0.17101 0.31719
0.00667572 1.34872 -0.155157 0.654645 0.575277 0.490405 0.16472 0.279954
0.0143309 1.3599 -0.174977 0.564535 0.535469 0.628151 0.147448 0.284167
0.0421572 1.20739 -0.131683 0.981442 -0.0508121 0.184904 0.260415 0.353907
0.0308256 1.18931 -0.105131 0.89874 0.0183583 0.438098 0.286429 0.343046
0.0245905 1.24201 -0.0998328 0.854135 0.121027 0.505773 0.253922 0.317709
0.0177712 1.1297 -0.07858 0.893157 0.0188347 0.44935 0.341445 0.342386
0.0140839 1.18793 -0.0760612 0.827218 0.0758049 0.556744 0.301116 0.321642
0.0308256 1.18931 -0.105131 0.89874 0.0183583 0.438098 0.286429 0.343046
-0.0035603 0.876526 -0.0896695 0.847238 -0.0312133 -0.530295 0.112156 0.417058
-0.0316007 0.870932 -0.126412 0.725224 -0.0405614 -0.687317 0.111408 0.451797
-0.0148356 0.823385 -0.106029 0.78791 -0.00329575 -0.615782 0.149379 0.43769
0.0128055 1.00296 -0.0621725 0.978548 0.00981601 0.205786 0.442353 0.359375
0.0102029 1.06409 -0.0597562 0.900048 0.0334419 0.434506 0.397074 0.34432
0.0246749 1.11542 -0.0953914 0.962 -0.0639642 0.26545 0.346016 0.359464
0.0102029 1.06409 -0.0597562 0.900048 0.0334419 0.434506 0.397074 0.34432
0.0177712 1.1297 -0.07858 0.893157 0.0188347 0.44935 0.341445 0.342386
0.0246749 1.11542 -0.0953914 0.962 -0.0639642 0.26545 0.346016 0.359464
0.00738525 0.995697 -0.0460191 0.910144 0.0524331 0.410961 0.451952 0.348554
0.0102029 1.06409 -0.0597562 0.900048 0.0334419 0.434506 0.397074 0.34432
0.0128055 1.00296 -0.0621725 0.978548 0.00981601 0.205786 0.442353 0.359375
-0.0112038 0.928312 -0.0032959 0.845215 0.062816 0.530722 0.911619 0.120532
0.0126321 0.920824 -0.0480357 0.954527 0.052235 0.293513 0.904457 0.0830306
0.0126746 0.848939 -0.0375041 0.914411 0.072046 0.398324 0.851089 0.0922077
-0.0282049 1.12386 -0.00668013 0.733141 0.13363 0.666818 0.371909 0.284325
-0.00281954 1.10197 -0.0385654 0.846498 0.0687708 0.527932 0.376336 0.318109
-0.0121727 1.02847 -0.0138731 0.840296 0.0690595 0.537711 0.436879 0.314973
-0.0121727 1.02847 -0.0138731 0.840296 0.0690595 0.537711 0.436879 0.314973
-0.0112038 0.928312 -0.0032959 0.845215 0.062816 0.530722 0.512005 0.327471
-0.0315051 0.933834 0.0235214 0.750171 0.0735521 0.657141 0.515058 0.300883
-0.0074386 0.774323 -0.0980579 0.804568 0.0456984 -0.5921 0.186703 0.434676
-0.0336042 0.761096 -0.127644 0.678824 0.0376168 -0.733337 0.192668 0.465315
-0.0221022 0.709592 -0.119698 0.711634 0.0747876 -0.698558 0.232394 0.459934
0.0131064 0.767586 -0.0629652 0.89489 0.0626321 -0.44187 0.195356 0.405127
0.0188155 0.702713 -0.0643559 0.895543 0.106789 -0.43197 0.243219 0.408977
0.0237597 0.732011 -0.0437042 0.965458 0.0884645 -0.245082 0.223044 0.391693
0.0276021 0.642807 -0.0612807 0.902349 0.118935 -0.414272 0.288078 0.40735
0.0403955 0.533024 -0.068279 0.907561 0.125942 -0.400589 0.370165 0.41308
0.0383573 0.61203 -0.0441878 0.952569 0.128226 -0.275989 0.312016 0.393901
0.0367532 0.447545 -0.0985062 0.854751 0.102914 -0.508733 0.0638939 0.736364
0.0522938 0.372321 -0.084328 0.892314 0.0801096 -0.44425 0.12265 0.730141
0.0537648 0.438897 -0.065375 0.924254 0.107182 -0.366424 0.075594 0.70926
0.068738 0.352821 -0.0436223 0.995388 0.0902182 -0.032617 0.143918 0.700284
0.0604978 0.399479 -0.0577004 0.947327 0.0854528 -0.308657 0.106325 0.706714
0.0522938 0.372321 -0.084328 0.892314 0.0801096 -0.44425 0.12265 0.730141
0.0571375 0.214441 -0.0871471 0.878158 -0.0820635 -0.47128 0.239426 0.754609
0.0393829 0.215315 -0.115274 0.772856 -0.0890549 -0.628302 0.231325 0.777644
0.0340986 0.16797 -0.109669 0.739955 -0.232022 -0.631374 0.264824 0.787363
0.0438709 0.135275 -0.0776497 0.822639 -0.285559 -0.491651 0.297351 0.774668
0.0637646 0.165424 -0.0505475 0.963317 -0.2116 -0.165065 0.285347 0.742545
0.0532198 0.171313 -0.0811983 0.869731 -0.206872 -0.448076 0.271826 0.762773
0.0303278 0.246076 0.0137923 0.713913 -0.0419066 0.698979 0.772973 0.509204
0.0366406 0.298393 0.00758052 0.743888 0.018045 0.668061 0.812489 0.508743
0.05651 0.244089 -0.0166892 0.783848 -0.0302048 0.620218 0.774564 0.47933
-0.160909 1.11334 0.0385385 -0.346007 0.299216 0.889241 0.398215 0.177111
-0.189108 1.12235 0.0215888 -0.494427 0.320807 0.807852 0.388615 0.153287
-0.177836 1.16699 0.00988054 -0.465779 0.380349 0.79899 0.355893 0.159922
-0.177836 1.16699 0.00988054 -0.465779 0.380349 0.79899 0.355893 0.159922
-0.138792 1.19911 0.0121474 -0.292314 0.435051 0.851636 0.335029 0.188466
-0.137634 1.1625 0.0287986 -0.169573 0.336008 0.926468 0.362742 0.19219
-0.0432496 1.16249 -0.00260758 0.591264 0.216517 0.776871 0.348416 0.265482
-0.0794683 1.13296 0.027509 0.384142 0.235617 0.892703 0.378856 0.237947
-0.0701475 1.18051 0.0097003 0.438823 0.259902 0.860166 0.342281 0.241
-0.182258 1.05857 0.0456886 -0.402084 0.230378 0.886146 0.437434 0.162122
-0.160909 1.11334 0.0385385 -0.346007 0.299216 0.889241 0.398215 0.177111
-0.155364 1.02764 0.0644784 -0.235292 0.202167 0.950666 0.462201 0.185155
-0.157234 0.845122 0.0868583 -0.270625 0.0539269 0.961173 0.635067 0.406624
-0.14666 0.908102 0.0839467 -0.0321665 0.101955 0.994269 0.58808 0.41423
-0.142938 0.832077 0.0895238 0.00329136 0.0643642 0.997921 0.645053 0.417348
-0.120058 0.84895 0.0848765 0.237987 0.0755779 0.968323 0.859946 0.231143
-0.129734 0.801763 0.0899682 0.131365 0.0420358 0.990442 0.825635 0.242463
-0.142938 0.832077 0.0895238 0.00329136 0.0643642 0.997921 0.849182 0.249739
-0.0242798 0.884097 0.0200944 0.77851 0.0543123 0.625278 0.879628 0.141968
-0.0315051 0.933834 0.0235214 0.750171 0.0735521 0.657141 0.917005 0.145363
-0.0112038 0.928312 -0.0032959 0.845215 0.062816 0.530722 0.911619 0.120532
-0.0883012 1.06345 0.0470843 0.378146 0.180382 0.908002 0.431161 0.235798
-0.0828519 0.991348 0.0563481 0.449744 0.129498 0.88372 0.48362 0.244991
-0.109681 0.998097 0.0659332 0.2608 0.155781 0.952741 0.482012 0.222072
-0.0541329 0.988055 0.0389276 0.604253 0.103616 0.790027 0.480724 0.271365
-0.0883012 1.06345 0.0470843 0.378146 0.180382 0.908002 0.431161 0.235798
-0.0598083 1.05567 0.0329745 0.551035 0.14046 0.822576 0.431826 0.260639
-0.174881 0.56075 0.0605021 -0.524667 -0.148744 0.838212 0.845644 0.370607
-0.157989 0.583545 0.0724831 -0.428315 -0.121784 0.895385 0.830174 0.387546
-0.12739 0.470578 0.0682335 -0.405063 -0.138831 0.903687 0.916752 0.397428
-0.0817094 0.81798 0.0729284 0.454833 0.0725093 0.88762 0.834261 0.203422
-0.0754595 0.717137 0.0768309 0.459264 0.04549 0.887134 0.759102 0.20671
-0.108204 0.777969 0.0864434 0.27677 0.0442135 0.959919 0.806432 0.228022
-0.00372982 0.613407 0.0237575 0.73757 0.0707233 0.671556 0.677243 0.145861
0.014255 0.506377 0.0156865 0.77366 0.0773325 0.628864 0.596538 0.137597
0.000966549 0.521783 0.028919 0.699793 0.0676374 0.711136 0.608909 0.150773
-0.0218763 0.713181 0.0338795 0.718079 0.0657787 0.692846 0.752539 0.15578
-0.00372982 0.613407 0.0237575 0.73757 0.0707233 0.671556 0.677243 0.145861
-0.0483009 0.662105 0.0618777 0.610922 0.0459716 0.790355 0.716476 0.186905
-0.0524766 0.558146 0.0695317 0.505122 0.021412 0.862783 0.639728 0.198604
-0.0903232 0.621594 0.0849528 0.277649 -0.00027729 0.960683 0.68925 0.225133
-0.0701207 0.633131 0.0770583 0.443076 0.0251701 0.896131 0.696476 0.208301
-0.0554723 0.76251 0.0606809 0.614841 0.0663381 0.785856 0.791397 0.185189
-0.0483009 0.662105 0.0618777 0.610922 0.0459716 0.790355 0.716476 0.186905
-0.0754595 0.717137 0.0768309 0.459264 0.04549 0.887134 0.759102 0.20671
-0.071563 0.548822 0.0784798 0.33529 -0.012984 0.942025 0.634034 0.214785
-0.0937061 0.522002 0.0829473 0.109715 -0.0708151 0.991437 0.615311 0.233046
-0.0958843 0.560952 0.0846963 0.16826 -0.0397276 0.984942 0.644482 0.232726
-0.0491323 0.862286 0.0473564 0.645645 0.0590513 0.761351 0.865007 0.170332
-0.0554723 0.76251 0.0606809 0.614841 0.0663381 0.785856 0.791397 0.185189
-0.0817094 0.81798 0.0729284 0.454833 0.0725093 0.88762 0.834261 0.203422
-0.13911 0.310547 0.0373964 -0.651132 -0.172075 0.739201 0.788843 0.65647
-0.145227 0.375706 0.0456996 -0.535378 -0.137267 0.833384 0.835338 0.671462
-0.111359 0.350005 0.0580859 -0.416195 -0.138088 0.898729 0.824897 0.640393
-0.0477872 0.288785 0.0628376 0.217993 -0.0623817 0.973955 0.793477 0.582731
-0.0604095 0.342204 0.0676036 0.174804 -0.0247186 0.984293 0.829519 0.600466
-0.0463099 0.359394 0.0643542 0.304845 -0.00740026 0.952373 0.844047 0.592344
-0.0604095 0.342204 0.0676036 0.174804 -0.0247186 0.984293 0.829519 0.600466
-0.0757785 0.354137 0.0699272 0.0357791 -0.0634148 0.997346 0.835434 0.613697
-0.0463099 0.359394 0.0643542 0.304845 -0.00740026 0.952373 0.844047 0.592344
0.00221395 0.364113 0.0383446 0.61953 0.0227505 0.784643 0.855026 0.552004
0.0366406 0.298393 0.00758052 0.743888 0.018045 0.668061 0.812489 0.508743
0.00628662 0.290106 0.0370872 0.610009 -0.00418567 0.792383 0.801954 0.538939
0.0303278 0.246076 0.0137923 0.713913 -0.0419066 0.698979 0.772973 0.509204
0.00621319 0.239766 0.0352192 0.58839 -0.0659672 0.805882 0.765702 0.53203
0.00628662 0.290106 0.0370872 0.610009 -0.00418567 0.792383 0.801954 0.538939
-0.0167613 0.446354 0.0485871 0.555358 0.0283057 0.831129 0.911816 0.579781
0.00221395 0.364113 0.0383446 0.61953 0.0227505 0.784643 0.855026 0.552004
-0.0223565 0.376588 0.0540323 0.468979 0.0127036 0.883118 0.86021 0.575449
-0.0273609 0.0817232 0.0122082 0.352456 -0.238757 0.904859 0.646661 0.533725
-0.0348873 0.13082 0.0314009 0.252937 -0.305932 0.917839 0.682309 0.547464
-0.00969028 0.118101 0.015502 0.482229 -0.290797 0.826373 0.674833 0.52475
-0.0420189 0.0951179 0.0197215 0.0273784 -0.331188 0.943167 0.65482 0.547008
-0.0348873 0.13082 0.0314009 0.252937 -0.305932 0.917839 0.682309 0.547464
-0.0273609 0.0817232 0.0122082 0.352456 -0.238757 0.904859 0.646661 0.533725
0.0151072 0.16098 0.0143383 0.620236 -0.227274 0.750769 0.708759 0.511361
0.0241661 0.117336 -0.00921416 0.617837 -0.264574 0.740458 0.675472 0.49313
-0.00969028 0.118101 0.015502 0.482229 -0.290797 0.826373 0.674833 0.52475
0.0151072 0.16098 0.0143383 0.620236 -0.227274 0.750769 0.708759 0.511361
0.0353785 0.19249 0.00302696 0.711489 -0.121119 0.69218 0.733686 0.496209
0.0489235 0.127005 -0.0289383 0.779773 -0.240701 0.577942 0.683861 0.470038
-0.00103951 0.190061 0.0339704 0.534556 -0.159058 0.830031 0.729074 0.531113
-0.0230894 0.191998 0.0447917 0.321678 -0.193972 0.926767 0.728234 0.549013
-0.0176277 0.231445 0.0482061 0.398223 -0.090307 0.912833 0.756993 0.550896
-0.0477872 0.288785 0.0628376 0.217993 -0.0623817 0.973955 0.793477 0.582731
-0.0205646 0.302145 0.0537169 0.434473 -0.0202923 0.900456 0.806896 0.563652
-0.0176277 0.231445 0.0482061 0.398223 -0.090307 0.912833 0.756993 0.550896
-0.241209 0.856968 -0.0230179 -0.989275 -0.0166008 0.145122 0.622378 0.295043
-0.243045 0.883968 -0.0437083 -0.989592 -0.0147301 -0.143147 0.601535 0.280532
-0.242967 0.952645 -0.0459566 -0.998221 0.0205117 -0.0559839 0.550153 0.281278
-0.238019 0.782634 -0.0209017 -0.987807 -0.0524541 0.146577 0.678279 0.295627
-0.230692 0.762662 0.00824547 -0.967747 -0.0717132 0.241501 0.693438 0.317868
-0.235014 0.721865 -0.0340767 -0.994923 -0.100199 -0.00937919 0.724126 0.286271
-0.181166 0.657749 0.069994 -0.441661 -0.0924796 0.892403 0.77342 0.37666
-0.152208 0.690694 0.0852075 -0.364042 -0.0632787 0.929231 0.751028 0.403161
-0.128719 0.591604 0.0864105 -0.296791 -0.0940383 0.950301 0.826679 0.412179
-0.13911 0.310547 0.0373964 -0.651132 -0.172075 0.739201 0.788843 0.65647
-0.111359 0.350005 0.0580859 -0.416195 -0.138088 0.898729 0.824897 0.640393
-0.117592 0.263717 0.0411906 -0.480033 -0.158953 0.86273 0.760495 0.631538
-0.142938 0.832077 0.0895238 0.00329136 0.0643642 0.997921 0.645053 0.417348
-0.14666 0.908102 0.0839467 -0.0321665 0.101955 0.994269 0.58808 0.41423
-0.114477 0.898995 0.0796123 0.275957 0.086691 0.957253 0.594341 0.438563
0.0224085 0.614819 -0.010016 0.806311 0.0889525 0.584765 0.676447 0.114031
-0.00383732 0.71155 0.0126519 0.797014 0.0801187 0.598623 0.7501 0.135155
0.0281827 0.681257 -0.0307264 0.881412 0.108776 0.459654 0.725416 0.0962331
0.017149 0.27522 -0.138669 0.633262 -0.00126293 -0.773936 0.182916 0.790712
0.0197744 0.332097 -0.134355 0.650509 0.0615613 -0.756999 0.143029 0.779463
-0.0184131 0.293429 -0.163502 0.401855 -0.000156969 -0.915704 0.163537 0.819642
-0.133705 0.240167 -0.0962062 -0.772261 -0.183735 -0.608157 0.196022 0.925759
-0.146605 0.237638 -0.0754328 -0.873514 -0.207078 -0.440558 0.198943 0.943775
-0.132804 0.194563 -0.0784843 -0.815399 -0.279031 -0.507214 0.23329 0.934591
-0.11607 0.194627 -0.0999477 -0.712662 -0.276777 -0.644599 0.231637 0.91476
-0.116063 0.239869 -0.114652 -0.65348 -0.171536 -0.737251 0.196028 0.90709
-0.133705 0.240167 -0.0962062 -0.772261 -0.183735 -0.608157 0.196022 0.925759
-0.11689 0.154621 0.00255203 -0.862307 -0.355425 0.360694 0.676287 0.617145
-0.0905409 0.0875986 -0.0104754 -0.8582 -0.425856 0.286599 0.631535 0.586571
-0.102617 0.103444 -0.0364389 -0.893874 -0.437467 0.0980398 0.627282 0.61057
0.00328332 0.721363 -0.0880583 0.822136 0.0786491 -0.563832 0.227217 0.428749
0.0131064 0.767586 -0.0629652 0.89489 0.0626321 -0.44187 0.195356 0.405127
-0.0074386 0.774323 -0.0980579 0.804568 0.0456984 -0.5921 0.186703 0.434676
0.05651 0.244089 -0.0166892 0.783848 -0.0302048 0.620218 0.774564 0.47933
0.0543089 0.180643 -0.0215209 0.779665 -0.130827 0.612378 0.72583 0.473029
0.0353785 0.19249 0.00302696 0.711489 -0.121119 0.69218 0.733686 0.496209
0.014255 0.506377 0.0156865 0.77366 0.0773325 0.628864 0.962122 0.554705
0.0264158 0.453815 0.00701666 0.782854 0.0726474 0.61795 0.925721 0.536039
0.0067997 0.451063 0.0298882 0.689116 0.0536328 0.722664 0.919438 0.55803
-0.0487292 0.733334 -0.141077 0.613468 0.0529382 -0.787943 0.211391 0.483117
-0.0221022 0.709592 -0.119698 0.711634 0.0747876 -0.698558 0.232394 0.459934
-0.0336042 0.761096 -0.127644 0.678824 0.0376168 -0.733337 0.192668 0.465315
-0.0804129 0.941205 0.0610003 0.468255 0.0941485 0.878563 0.92563 0.191048
-0.0745318 0.891777 0.062917 0.492428 0.0781533 0.866837 0.888527 0.190871
-0.114477 0.898995 0.0796123 0.275957 0.086691 0.957253 0.896696 0.222537
-0.0476398 0.213465 0.0553546 0.138467 -0.165582 0.976427 0.740426 0.570644
-0.0176277 0.231445 0.0482061 0.398223 -0.090307 0.912833 0.756993 0.550896
-0.0230894 0.191998 0.0447917 0.321678 -0.193972 0.926767 0.728234 0.549013
-0.0230894 0.191998 0.0447917 0.321678 -0.193972 0.926767 0.728234 0.549013
-0.0348873 0.13082 0.0314009 0.252937 -0.305932 0.917839 0.682309 0.547464
-0.0524778 0.151657 0.0410113 -0.0598434 -0.301852 0.951475 0.69538 0.56389
-0.0348873 0.13082 0.0314009 0.252937 -0.305932 0.917839 0.682309 0.547464
-0.0420189 0.0951179 0.0197215 0.0273784 -0.331188 0.943167 0.65482 0.547008
-0.0524778 0.151657 0.0410113 -0.0598434 -0.301852 0.951475 0.69538 0.56389
0.0313416 0.0897319 -0.0254397 0.736635 -0.279674 0.615753 0.653509 0.480854
0.0241661 0.117336 -0.00921416 0.617837 -0.264574 0.740458 0.675472 0.49313
0.0489235 0.127005 -0.0289383 0.779773 -0.240701 0.577942 0.683861 0.470038
2.47955e-05 0.00986379 -0.0404539 0.290282 -0.944573 0.153358 0.395581 0.830144
0.026145 0.0254472 -0.0356185 0.854355 -0.467321 0.22735 0.388374 0.804421
0.00364304 0.0111437 -0.0566249 0.472327 -0.863735 -0.175695 0.383367 0.829549
-0.0223565 0.376588 0.0540323 0.468979 0.0127036 0.883118 0.86021 0.575449
-0.0694885 0.42814 0.0727406 0.249419 -0.0415397 0.967504 0.889996 0.620761
-0.0475731 0.441198 0.0657589 0.397054 -0.0117804 0.91772 0.903047 0.605462
-0.106471 0.518683 0.082829 -0.104239 -0.104439 0.989053 0.882986 0.420103
-0.0951471 0.486512 0.0802698 0.0174102 -0.0744923 0.99707 0.908057 0.424594
-0.105279 0.482879 0.0785351 -0.247558 -0.11426 0.962112 0.909687 0.416615
-0.0753784 0.255905 0.0600801 -0.292337 -0.13989 0.946028 0.765618 0.597478
-0.0853815 0.340462 0.0677409 -0.237427 -0.115362 0.964531 0.82394 0.618533
-0.0757785 0.354137 0.0699272 0.0357791 -0.0634148 0.997346 0.835434 0.613697
-0.0754595 0.717137 0.0768309 0.459264 0.04549 0.887134 0.759102 0.20671
-0.0817094 0.81798 0.0729284 0.454833 0.0725093 0.88762 0.834261 0.203422
-0.0554723 0.76251 0.0606809 0.614841 0.0663381 0.785856 0.791397 0.185189
0.000966549 0.521783 0.028919 0.699793 0.0676374 0.711136 0.608909 0.150773
-0.0272801 0.513145 0.0536244 0.583216 0.0298818 0.811767 0.604536 0.179145
-0.0312042 0.581598 0.0523963 0.641029 0.053563 0.765645 0.655604 0.176999
-0.0804129 0.941205 0.0610003 0.468255 0.0941485 0.878563 0.520486 0.250966
-0.0828519 0.991348 0.0563481 0.449744 0.129498 0.88372 0.48362 0.244991
-0.0541329 0.988055 0.0389276 0.604253 0.103616 0.790027 0.480724 0.271365
-0.158131 0.961324 0.0755057 -0.263739 0.140082 0.954368 0.511699 0.18374
-0.155364 1.02764 0.0644784 -0.235292 0.202167 0.950666 0.462201 0.185155
-0.140059 1.02688 0.0657563 0.0408213 0.193361 0.980278 0.46261 0.197034
0.0731878 0.29287 -0.0406268 0.965692 0.0404266 0.256525 0.814248 0.463479
0.0734482 0.244402 -0.0395316 0.971749 -0.0234653 0.234848 0.776815 0.458431
0.05651 0.244089 -0.0166892 0.783848 -0.0302048 0.620218 0.774564 0.47933
0.0122452 0.0231656 -0.0674387 0.747743 -0.490163 -0.447908 0.371162 0.821537
0.026145 0.0254472 -0.0356185 0.854355 -0.467321 0.22735 0.388374 0.804421
0.0339565 0.065783 -0.0490863 0.956846 -0.280545 -0.0757694 0.356124 0.787164
0.0193825 0.0529407 -0.0695133 0.827309 -0.240902 -0.507471 0.353714 0.808133
0.0391579 0.0869372 -0.0547757 0.888297 -0.294544 -0.35238 0.3387 0.779889
0.0128813 0.0790431 -0.0901082 0.73445 -0.284823 -0.616003 0.328971 0.811995
0.0685396 0.239365 -0.0643102 0.948615 -0.0271808 -0.315262 0.226812 0.731906
0.0607548 0.280222 -0.0821581 0.893989 0.0294277 -0.447122 0.192432 0.738449
0.0571375 0.214441 -0.0871471 0.878158 -0.0820635 -0.47128 0.239426 0.754609
0.0617599 0.409885 -0.0363307 0.8983 0.0928945 0.42945 0.901264 0.487914
0.0645905 0.398222 -0.0416373 0.994428 0.0884849 0.0573092 0.89345 0.48167
0.068738 0.352821 -0.0436223 0.995388 0.0902182 -0.032617 0.859951 0.471584
0.0645905 0.398222 -0.0416373 0.994428 0.0884849 0.0573092 0.109386 0.694589
0.0595422 0.447576 -0.043945 0.99248 0.106741 -0.0599087 0.0720966 0.691592
0.0604978 0.399479 -0.0577004 0.947327 0.0854528 -0.308657 0.106325 0.706714
0.0393829 0.215315 -0.115274 0.772856 -0.0890549 -0.628302 0.231325 0.777644
0.0571375 0.214441 -0.0871471 0.878158 -0.0820635 -0.47128 0.239426 0.754609
0.0607548 0.280222 -0.0821581 0.893989 0.0294277 -0.447122 0.192432 0.738449
0.0353718 0.290953 -0.121727 0.769246 0.0252246 -0.638454 0.175842 0.770349
0.0522938 0.372321 -0.084328 0.892314 0.0801096 -0.44425 0.12265 0.730141
0.0339756 0.3464 -0.117866 0.793104 0.072194 -0.604792 0.136001 0.761665
0.0455115 0.566846 -0.03857 0.992414 0.122045 0.0148267 0.639221 0.0884829
0.0549898 0.484267 -0.0389035 0.960554 0.11244 0.254347 0.577268 0.0878538
0.0428636 0.578327 -0.0332037 0.906529 0.104833 0.408919 0.647909 0.0926626
0.0491993 0.52487 -0.0468441 0.963665 0.119873 -0.238705 0.37725 0.396202
0.0455115 0.566846 -0.03857 0.992414 0.122045 0.0148267 0.345974 0.389729
0.0383573 0.61203 -0.0441878 0.952569 0.128226 -0.275989 0.312016 0.393901
0.0188155 0.702713 -0.0643559 0.895543 0.106789 -0.43197 0.243219 0.408977
0.0134634 0.652223 -0.0858574 0.836694 0.122726 -0.533743 0.279267 0.427928
0.0276021 0.642807 -0.0612807 0.902349 0.118935 -0.414272 0.288078 0.40735
-0.0221022 0.709592 -0.119698 0.711634 0.0747876 -0.698558 0.232394 0.459934
-0.00613701 0.628053 -0.117418 0.722169 0.126505 -0.680051 0.294595 0.457013
0.0134634 0.652223 -0.0858574 0.836694 0.122726 -0.533743 0.279267 0.427928
-0.0112038 0.928312 -0.0032959 0.845215 0.062816 0.530722 0.512005 0.327471
-0.0121727 1.02847 -0.0138731 0.840296 0.0690595 0.537711 0.436879 0.314973
0.00738525 0.995697 -0.0460191 0.910144 0.0524331 0.410961 0.451952 0.348554
0.0154748 0.833336 -0.0425781 0.994598 0.0769082 0.0697068 0.149147 0.384169
0.0136793 0.905113 -0.0503402 0.999036 0.0132646 -0.0418446 0.0959448 0.382001
0.0144128 0.836211 -0.050167 0.969543 0.0252635 -0.243614 0.146288 0.389577
0.00972199 0.872224 -0.0642762 0.927249 -0.00188293 -0.374441 0.118421 0.39648
0.0144128 0.836211 -0.050167 0.969543 0.0252635 -0.243614 0.146288 0.389577
0.0136793 0.905113 -0.0503402 0.999036 0.0132646 -0.0418446 0.0959448 0.382001
-0.0279503 1.19889 -0.0258014 0.676532 0.196124 0.709817 0.316097 0.274548
-0.0282049 1.12386 -0.00668013 0.733141 0.13363 0.666818 0.371909 0.284325
-0.0432496 1.16249 -0.00260758 0.591264 0.216517 0.776871 0.348416 0.265482
-0.0526142 1.22664 -0.0153716 0.501866 0.290305 0.814772 0.304168 0.249888
-0.00991154 1.23665 -0.0541544 0.722447 0.176168 0.668606 0.2799 0.284608
-0.0279503 1.19889 -0.0258014 0.676532 0.196124 0.709817 0.316097 0.274548
0.0245905 1.24201 -0.0998328 0.854135 0.121027 0.505773 0.253922 0.317709
0.0140839 1.18793 -0.0760612 0.827218 0.0758049 0.556744 0.301116 0.321642
-0.00991154 1.23665 -0.0541544 0.722447 0.176168 0.668606 0.2799 0.284608
-0.000858307 1.32387 -0.112176 0.636128 0.554511 0.536525 0.201872 0.276505
-0.0250912 1.3359 -0.10196 0.471363 0.64671 0.599652 0.203093 0.255944
-0.0160236 1.35955 -0.140817 0.35463 0.842859 0.404755 0.169852 0.258839
0.0205278 1.11777 -0.125512 0.89291 -0.28483 -0.348688 0.591923 0.941857
0.0371761 1.17604 -0.127128 0.979209 -0.195732 -0.0532735 0.636101 0.954
0.0322809 1.16659 -0.138032 0.912437 -0.286285 -0.292403 0.630822 0.943912
0.00667572 1.34872 -0.155157 0.654645 0.575277 0.490405 0.16472 0.279954
-0.000858307 1.32387 -0.112176 0.636128 0.554511 0.536525 0.201872 0.276505
-0.0160236 1.35955 -0.140817 0.35463 0.842859 0.404755 0.169852 0.258839
0.0516825 1.30258 -0.188978 0.994946 -0.0996924 0.0119545 0.740543 0.931784
0.0460787 1.2431 -0.158521 0.971054 -0.179579 -0.1575 0.691551 0.94416
0.0481777 1.26353 -0.160807 0.98683 0.0139813 0.161153 0.707054 0.945799
0.0516825 1.30258 -0.188978 0.994946 -0.0996924 0.0119545 0.16807 0.337082
0.0467806 1.30623 -0.178289 0.877079 0.227193 0.423221 0.172301 0.329045
0.0547314 1.3164 -0.201697 0.903571 -0.428369 -0.0077178 0.153645 0.337175
0.0547314 1.3164 -0.201697 0.903571 -0.428369 -0.0077178 0.153645 0.337175
0.0467806 1.30623 -0.178289 0.877079 0.227193 0.423221 0.172301 0.329045
0.0550547 1.32346 -0.196701 0.853787 -0.00480839 0.520601 0.152181 0.330771
-0.110737 1.32485 -0.0802692 -0.311254 0.789899 0.528376 0.22539 0.195521
-0.0661373 1.328 -0.0711941 0.080528 0.74706 0.659861 0.22554 0.227583
-0.0920258 1.29711 -0.0414832 -0.0729252 0.658865 0.748718 0.256295 0.213227
0.0380411 1.23687 -0.176519 0.869299 -0.276853 -0.409477 0.689362 0.929048
0.0234823 1.24017 -0.203149 0.760802 -0.305466 -0.5726 0.694749 0.907063
0.00659752 1.1693 -0.185817 0.732821 -0.338846 -0.590048 0.638423 0.904632
0.0380411 1.23687 -0.176519 0.869299 -0.276853 -0.409477 0.689362 0.929048
0.0239859 1.16572 -0.15666 0.841206 -0.319972 -0.435879 0.63267 0.928964
0.0322809 1.16659 -0.138032 0.912437 -0.286285 -0.292403 0.630822 0.943912
0.0328093 1.36469 -0.192717 0.533312 0.410868 0.739436 0.0593629 0.0861767
0.0495176 1.34955 -0.199308 0.608752 0.252372 0.75215 0.0753338 0.0937224
0.0383101 1.33848 -0.184682 0.666746 0.340423 0.662995 0.0787165 0.0780563
0.0357265 1.3219 -0.245569 0.394928 -0.686292 -0.610766 0.896958 0.952574
0.0508862 1.32587 -0.233851 0.573217 -0.747022 -0.33672 0.911648 0.950797
0.0756989 1.35236 -0.264546 0.446066 -0.833106 -0.327047 0.914316 0.915434
0.0724449 1.41316 -0.245941 -0.126273 0.802745 0.582799 0.0402405 0.144799
0.0961771 1.42665 -0.260257 0.227437 0.608402 0.760342 0.0415074 0.16768
0.0709324 1.40375 -0.234378 0.249369 0.621147 0.742962 0.0472997 0.136156
0.166245 1.42365 -0.330133 0.231149 -0.24434 -0.941737 0.939182 0.818972
0.184016 1.43596 -0.333601 0.583538 -0.494555 -0.644126 0.944578 0.803187
0.193891 1.45551 -0.336506 0.816964 0.300695 -0.492089 0.941933 0.786273
0.121067 1.40348 -0.328963 -0.262213 -0.323888 -0.909033 0.919792 0.847896
0.144183 1.40954 -0.33294 0.0623594 -0.304885 -0.950345 0.929859 0.835357
0.131469 1.43263 -0.325983 -0.285187 0.164066 -0.944325 0.912525 0.827174
-0.100836 0.125402 0.0064702 -0.719875 -0.399457 0.567639 0.660951 0.597666
-0.0709963 0.0600779 -0.00170565 -0.571824 -0.431246 0.697886 0.621398 0.563367
-0.0905409 0.0875986 -0.0104754 -0.8582 -0.425856 0.286599 0.631535 0.586571
-0.042594 0.0107505 -0.0649261 -0.458347 -0.759069 -0.462312 0.375971 0.864538
-0.0631542 0.0330355 -0.0589299 -0.719522 -0.47123 -0.510128 0.364373 0.884472
-0.0486002 0.010019 -0.0455332 -0.509561 -0.852435 -0.117058 0.387222 0.873685
-0.132804 0.194563 -0.0784843 -0.815399 -0.279031 -0.507214 0.23329 0.934591
-0.146605 0.237638 -0.0754328 -0.873514 -0.207078 -0.440558 0.198943 0.943775
-0.150617 0.235402 -0.0629969 -0.949077 -0.238589 -0.205738 0.201585 0.953204
-0.104907 0.153138 -0.0912728 -0.686147 -0.369514 -0.626627 0.265262 0.911236
-0.083971 0.120325 -0.0910628 -0.610805 -0.41871 -0.672011 0.291329 0.896765
-0.0829573 0.152977 -0.111922 -0.567577 -0.361898 -0.739518 0.263221 0.889224
-0.0981522 0.19272 -0.116521 -0.599495 -0.260563 -0.756778 0.232216 0.896933
-0.104907 0.153138 -0.0912728 -0.686147 -0.369514 -0.626627 0.265262 0.911236
-0.0829573 0.152977 -0.111922 -0.567577 -0.361898 -0.739518 0.263221 0.889224
-0.145227 0.375706 0.0456996 -0.535378 -0.137267 0.833384 0.835338 0.671462
-0.162916 0.438277 0.040803 -0.739606 -0.164076 0.652734 0.875595 0.698411
-0.151474 0.460541 0.0547366 -0.518495 -0.165831 0.838846 0.896006 0.690742
-0.170072 0.333198 -0.0287981 -0.970376 -0.17138 0.170294 0.7801 0.713087
-0.156883 0.338671 0.0208001 -0.895504 -0.190341 0.402298 0.801413 0.680674
-0.15613 0.299093 0.00111389 -0.936722 -0.193272 0.291888 0.767911 0.680112
-0.150617 0.235402 -0.0629969 -0.949077 -0.238589 -0.205738 0.201585 0.953204
-0.146605 0.237638 -0.0754328 -0.873514 -0.207078 -0.440558 0.198943 0.943775
-0.16276 0.294959 -0.065412 -0.926417 -0.162604 -0.339577 0.153935 0.955896
-0.139314 0.397689 -0.117414 -0.660709 -0.11747 -0.741394 0.0764026 0.909012
-0.134995 0.347311 -0.11262 -0.708582 -0.110535 -0.696917 0.114327 0.912797
-0.107099 0.318567 -0.132116 -0.560801 -0.0901621 -0.823027 0.137437 0.88961
-0.2203 0.60914 -0.0268092 -0.976019 -0.152122 0.155712 0.809354 0.295322
-0.20562 0.532672 -0.018189 -0.964194 -0.189313 0.185716 0.867069 0.306158
-0.222082 0.611659 -0.0395474 -0.98838 -0.139883 -0.0594863 0.807859 0.285558
-0.195421 0.62371 -0.0907099 -0.775434 -0.0703001 -0.627503 0.275249 0.625351
-0.173257 0.59583 -0.111635 -0.642898 -0.0563721 -0.763875 0.298466 0.605546
-0.179311 0.640706 -0.109309 -0.66222 -0.0385331 -0.748318 0.264859 0.605573
-0.171699 0.738885 -0.121857 -0.583745 -0.0489954 -0.810458 0.193589 0.585841
-0.123296 0.695589 -0.14806 -0.457852 -0.0391492 -0.888166 0.230956 0.549274
-0.141609 0.75758 -0.140556 -0.481504 -0.0426654 -0.875405 0.182978 0.557796
-0.234588 0.871937 -0.064054 -0.885975 -0.0460138 -0.461444 0.0890167 0.640218
-0.242114 0.936355 -0.0492415 -0.952749 -0.012086 -0.303519 0.040381 0.649218
-0.243045 0.883968 -0.0437083 -0.989592 -0.0147301 -0.143147 0.078915 0.655962
-0.233511 0.93975 -0.0702314 -0.886296 -0.0250821 -0.462439 0.0390625 0.632205
-0.234588 0.871937 -0.064054 -0.885975 -0.0460138 -0.461444 0.0890167 0.640218
-0.2165 0.889342 -0.093456 -0.775003 -0.0620067 -0.628908 0.0782107 0.6137
-0.0274897 0.160527 -0.149315 -0.274243 -0.293692 -0.915716 0.255825 0.840826
-0.0207233 0.165292 -0.151094 0.207348 -0.243205 -0.947554 0.252931 0.835791
-0.0243654 0.229376 -0.162791 0.0750348 -0.134533 -0.988064 0.207741 0.831899
-0.0565014 0.565404 -0.164352 0.349569 0.0685401 -0.9344 0.335173 0.512954
-0.0699556 0.579774 -0.165534 -0.00865403 0.0359766 -0.999315 0.323028 0.521155
-0.0565066 0.46174 -0.168137 -0.0267653 0.00612428 -0.999623 0.411444 0.525182
-0.0674276 0.460068 -0.165899 -0.307686 -0.0499149 -0.950178 0.037396 0.836094
-0.0835919 0.455984 -0.158352 -0.447671 -0.0720158 -0.891293 0.0385769 0.850508
-0.0494142 0.405501 -0.168539 -0.0692237 -0.00132738 -0.9976 0.0795786 0.828879
-0.0951143 0.671127 -0.159499 -0.313093 -0.0140601 -0.949618 0.252362 0.529318
-0.129629 0.645217 -0.142478 -0.487589 -0.0270307 -0.872655 0.267368 0.560732
-0.111192 0.581027 -0.150468 -0.476512 -0.0266412 -0.878764 0.317026 0.553378
-0.0545745 0.967021 -0.15964 0.623829 -0.155077 -0.766021 0.480079 0.875649
-0.0720315 0.981686 -0.175358 0.473442 -0.178432 -0.862563 0.491381 0.858292
-0.0735302 0.925527 -0.166587 0.500438 -0.117036 -0.857826 0.448837 0.860969
-0.0861588 0.833802 -0.164027 0.202412 -0.0441703 -0.978304 0.131613 0.505348
-0.0940413 0.864255 -0.166159 -0.153154 -0.0734964 -0.985465 0.108068 0.508449
-0.0914942 0.769885 -0.162071 -0.148866 -0.0324223 -0.988326 0.17898 0.515761
-0.143548 0.977754 -0.159826 -0.453384 -0.105285 -0.885075 0.480426 0.80232
-0.136961 0.922824 -0.156469 -0.42183 -0.0892188 -0.902274 0.440547 0.812356
-0.107037 0.984199 -0.174728 -0.281095 -0.132027 -0.950555 0.490195 0.830883
-0.165553 1.07071 -0.157298 -0.596615 -0.0643419 -0.799944 0.545436 0.774197
-0.129698 1.02474 -0.172553 -0.412339 -0.118254 -0.903323 0.517449 0.809505
-0.125907 1.08649 -0.182199 -0.43927 -0.10132 -0.892623 0.563848 0.80603
-0.0779452 1.13893 -0.208212 -0.278715 -0.149969 -0.948592 0.610427 0.837193
-0.104361 1.13728 -0.198301 -0.417481 -0.103546 -0.902767 0.604822 0.816998
-0.125907 1.08649 -0.182199 -0.43927 -0.10132 -0.892623 0.563848 0.80603
-0.165553 1.07071 -0.157298 -0.596615 -0.0643419 -0.799944 0.545436 0.774197
-0.143548 0.977754 -0.159826 -0.453384 -0.105285 -0.885075 0.480426 0.80232
-0.129698 1.02474 -0.172553 -0.412339 -0.118254 -0.903323 0.517449 0.809505
-0.0501385 1.36828 -0.163459 -0.137807 0.990072 0.0277036 0.154144 0.230229
-0.073391 1.3621 -0.140326 -0.221543 0.960576 0.167963 0.173193 0.215555
-0.0678339 1.36372 -0.157013 -0.413567 0.887532 -0.203099 0.161147 0.217038
-0.12246 1.27327 -0.188652 -0.642425 0.197949 -0.740342 0.700179 0.779533
-0.131901 1.23308 -0.186346 -0.618728 0.0471202 -0.784191 0.669581 0.779376
-0.101107 1.24728 -0.208185 -0.511437 0.0436941 -0.858209 0.68562 0.804095
-0.12246 1.27327 -0.188652 -0.642425 0.197949 -0.740342 0.700179 0.779533
-0.0997353 1.32074 -0.190411 -0.599098 0.463976 -0.65254 0.738567 0.786512
-0.127576 1.29985 -0.173003 -0.725014 0.362051 -0.585895 0.718524 0.765287
-0.0385246 1.21699 -0.229895 -0.154215 -0.120193 -0.980699 0.674349 0.856208
-0.00786877 1.26252 -0.238527 0.0232869 -0.0964326 -0.995067 0.712241 0.872046
-0.0394182 1.26263 -0.232543 -0.256195 0.024873 -0.966305 0.707356 0.849067
-0.0818644 1.28178 -0.215055 -0.460491 0.166566 -0.871897 0.713655 0.813103
-0.0639648 1.23311 -0.225073 -0.329761 -0.0321433 -0.943517 0.681966 0.835394
-0.0394182 1.26263 -0.232543 -0.256195 0.024873 -0.966305 0.707356 0.849067
-0.0779452 1.13893 -0.208212 -0.278715 -0.149969 -0.948592 0.610427 0.837193
-0.0341282 1.1847 -0.225182 0.0868119 -0.242817 -0.96618 0.651189 0.863493
-0.0685549 1.18593 -0.218855 -0.290867 -0.135465 -0.947125 0.646783 0.838286
-0.0341282 1.1847 -0.225182 0.0868119 -0.242817 -0.96618 0.651189 0.863493
-0.0779452 1.13893 -0.208212 -0.278715 -0.149969 -0.948592 0.610427 0.837193
-0.0566006 1.12966 -0.211147 -0.0518378 -0.230387 -0.971717 0.606797 0.854189
-0.00665474 1.24442 -0.234074 0.413148 -0.279828 -0.866606 0.698816 0.875546
-0.00786877 1.26252 -0.238527 0.0232869 -0.0964326 -0.995067 0.712241 0.872046
-0.0341282 1.1847 -0.225182 0.0868119 -0.242817 -0.96618 0.651189 0.863493
-0.0622387 1.31948 -0.213578 -0.419658 0.279499 -0.863578 0.744416 0.819057
-0.0512781 1.28872 -0.226424 -0.329271 0.161905 -0.930251 0.724068 0.835335
-0.0124302 1.30552 -0.234779 -0.28723 0.113586 -0.951103 0.742936 0.861264
-0.0512781 1.28872 -0.226424 -0.329271 0.161905 -0.930251 0.724068 0.835335
-0.0394182 1.26263 -0.232543 -0.256195 0.024873 -0.966305 0.707356 0.849067
-0.0124302 1.30552 -0.234779 -0.28723 0.113586 -0.951103 0.742936 0.861264
-0.116378 1.31746 -0.172817 -0.692735 0.591904 -0.41203 0.16468 0.161623
-0.0978613 1.35115 -0.13236 -0.547085 0.834097 -0.0705732 0.183782 0.197758
-0.127639 1.32056 -0.130906 -0.75355 0.636869 -0.162971 0.196701 0.16797
-0.116378 1.31746 -0.172817 -0.692735 0.591904 -0.41203 0.16468 0.161623
-0.127639 1.32056 -0.130906 -0.75355 0.636869 -0.162971 0.196701 0.16797
-0.136012 1.29844 -0.161137 -0.794218 0.477782 -0.375424 0.183732 0.143284
0.044693 1.38135 -0.26869 -0.627658 0.0426284 -0.777322 0.877329 0.905818
0.0445557 1.39459 -0.264205 -0.727761 0.495351 -0.474332 0.868949 0.898981
0.00980568 1.36752 -0.242728 -0.657623 0.315945 -0.683893 0.858072 0.933869
-0.00785923 1.34152 -0.231722 -0.479328 0.0858468 -0.873427 0.770035 0.85722
-0.0124302 1.30552 -0.234779 -0.28723 0.113586 -0.951103 0.742936 0.861264
0.0158091 1.30677 -0.243266 0.021574 -0.275134 -0.961164 0.748673 0.882613
-0.0200729 1.35616 -0.220842 -0.523696 0.545199 -0.654599 0.107115 0.240926
-0.0678339 1.36372 -0.157013 -0.413567 0.887532 -0.203099 0.161147 0.217038
-0.0710611 1.33888 -0.200849 -0.506891 0.58289 -0.63506 0.129202 0.199491
-0.00800991 1.18286 -0.207689 0.626994 -0.33749 -0.702125 0.650207 0.886493
0.0123329 1.25747 -0.223481 0.66903 -0.309874 -0.675557 0.709234 0.890938
-0.00665474 1.24442 -0.234074 0.413148 -0.279828 -0.866606 0.698816 0.875546
-0.0988836 1.06143 -0.189086 -0.288915 -0.148016 -0.945843 0.549303 0.830271
-0.107037 0.984199 -0.174728 -0.281095 -0.132027 -0.950555 0.490195 0.830883
-0.079371 1.05065 -0.191641 -0.124943 -0.173183 -0.976932 0.543732 0.846389
-0.079371 1.05065 -0.191641 -0.124943 -0.173183 -0.976932 0.543732 0.846389
-0.0820374 0.986681 -0.180378 0.0820425 -0.172397 -0.981605 0.494848 0.849803
-0.0623922 1.0844 -0.198162 0.287773 -0.297099 -0.91045 0.571255 0.855664
-0.125907 1.08649 -0.182199 -0.43927 -0.10132 -0.892623 0.563848 0.80603
-0.129698 1.02474 -0.172553 -0.412339 -0.118254 -0.903323 0.517449 0.809505
-0.0988836 1.06143 -0.189086 -0.288915 -0.148016 -0.945843 0.549303 0.830271
-0.0790265 0.856416 -0.16293 0.464158 -0.0575654 -0.88388 0.115495 0.497668
-0.0735302 0.925527 -0.166587 0.500438 -0.117036 -0.857826 0.0643593 0.48769
-0.0861588 0.833802 -0.164027 0.202412 -0.0441703 -0.978304 0.131613 0.505348
-0.0720315 0.981686 -0.175358 0.473442 -0.178432 -0.862563 0.491381 0.858292
-0.0820374 0.986681 -0.180378 0.0820425 -0.172397 -0.981605 0.494848 0.849803
-0.0866094 0.92465 -0.171843 0.0938552 -0.107 -0.989819 0.447741 0.850685
-0.0460567 1.03663 -0.17071 0.628546 -0.248895 -0.736872 0.53356 0.87719
-0.0545745 0.967021 -0.15964 0.623829 -0.155077 -0.766021 0.480079 0.875649
-0.0243254 1.01441 -0.14326 0.736287 -0.193126 -0.648524 0.515233 0.902491
-0.0316007 0.870932 -0.126412 0.725224 -0.0405614 -0.687317 0.111408 0.451797
-0.00807452 0.921326 -0.101598 0.823003 -0.0838762 -0.56181 0.0779055 0.42095
-0.0401201 0.926332 -0.140595 0.684862 -0.108663 -0.720525 0.068653 0.456987
-0.0787748 0.715958 -0.160909 0.213372 0.0150937 -0.976854 0.220748 0.511943
-0.065817 0.674668 -0.157608 0.542518 0.0871513 -0.835511 0.253065 0.506254
-0.0736266 0.745414 -0.158601 0.490324 0.020488 -0.871299 0.199251 0.504573
-0.0736266 0.745414 -0.158601 0.490324 0.020488 -0.871299 0.199251 0.504573
-0.0336042 0.761096 -0.127644 0.678824 0.0376168 -0.733337 0.192668 0.465315
-0.058929 0.776038 -0.147314 0.603839 0.00773184 -0.797069 0.17822 0.48763
-0.0302212 0.582194 -0.144822 0.594368 0.108024 -0.796905 0.325665 0.487505
0.00700331 0.521641 -0.123553 0.716854 0.11309 -0.68799 0.374596 0.461606
-0.00613701 0.628053 -0.117418 0.722169 0.126505 -0.680051 0.294595 0.457013
-0.0726733 0.524272 -0.166382 -0.206325 -0.00559498 -0.978467 0.363622 0.529633
-0.0847173 0.576664 -0.163154 -0.303674 0.00101423 -0.952775 0.323551 0.532438
-0.0891542 0.501439 -0.159269 -0.433565 -0.0488456 -0.899798 0.378395 0.54536
0.0103278 0.391063 -0.135963 0.624128 0.0757362 -0.777643 0.0989216 0.778253
-0.0271235 0.33451 -0.166714 0.368028 0.0385265 -0.929016 0.13324 0.821257
0.0197744 0.332097 -0.134355 0.650509 0.0615613 -0.756999 0.143029 0.779463
-0.0171108 0.108477 -0.130983 0.198139 -0.367506 -0.908669 0.294966 0.837723
0.00766563 0.15859 -0.130094 0.607638 -0.241935 -0.756468 0.264279 0.812466
-0.007658 0.185653 -0.149032 0.506253 -0.168364 -0.84579 0.240975 0.823623
-0.00683498 0.0887931 -0.115085 0.608674 -0.32565 -0.723511 0.312579 0.830968
0.00246716 0.114709 -0.117145 0.66663 -0.291989 -0.685818 0.296561 0.819549
-0.0171108 0.108477 -0.130983 0.198139 -0.367506 -0.908669 0.294966 0.837723
0.00766563 0.15859 -0.130094 0.607638 -0.241935 -0.756468 0.264279 0.812466
-0.0171108 0.108477 -0.130983 0.198139 -0.367506 -0.908669 0.294966 0.837723
0.00246716 0.114709 -0.117145 0.66663 -0.291989 -0.685818 0.296561 0.819549
0.0438709 0.135275 -0.0776497 0.822639 -0.285559 -0.491651 0.297351 0.774668
0.0532198 0.171313 -0.0811983 0.869731 -0.206872 -0.448076 0.271826 0.762773
0.0340986 0.16797 -0.109669 0.739955 -0.232022 -0.631374 0.264824 0.787363
0.0122452 0.0231656 -0.0674387 0.747743 -0.490163 -0.447908 0.371162 0.821537
0.0193825 0.0529407 -0.0695133 0.827309 -0.240902 -0.507471 0.353714 0.808133
0.0128813 0.0790431 -0.0901082 0.73445 -0.284823 -0.616003 0.328971 0.811995
-0.187714 1.18968 -0.13211 -0.846624 0.144871 -0.512093 0.626552 0.729915
-0.19561 1.19654 -0.111894 -0.928144 0.258344 -0.267968 0.629077 0.713249
-0.217383 1.13782 -0.0846801 -0.959512 0.205734 -0.192382 0.580799 0.696997
-0.217296 1.08169 -0.099299 -0.867403 0.0467742 -0.495404 0.54155 0.715265
-0.211042 1.12743 -0.104274 -0.887915 0.0973018 -0.449598 0.575883 0.713485
-0.217383 1.13782 -0.0846801 -0.959512 0.205734 -0.192382 0.580799 0.696997
-0.224706 1.11017 -0.0671117 -0.977661 0.210176 0.00210812 0.369261 0.0801565
-0.208058 1.17118 -0.0797145 -0.949928 0.310569 -0.0343986 0.318685 0.094664
-0.209783 1.15925 -0.0446479 -0.95032 0.289528 0.114303 0.342466 0.112182
-0.150518 1.29525 -0.0972021 -0.831701 0.554951 -0.0173862 0.23151 0.156882
-0.156697 1.28333 -0.064605 -0.750714 0.592985 0.291198 0.256584 0.163085
-0.176561 1.24698 -0.0621648 -0.889174 0.448911 0.0885961 0.278037 0.142527
-0.239083 1.01573 -0.0531125 -0.994567 0.0854171 -0.0594952 0.485998 0.688147
-0.239296 0.986675 -0.0584435 -0.949802 0.0205975 -0.312171 0.465585 0.69632
-0.23095 1.05274 -0.0741222 -0.929311 0.0429483 -0.366793 0.516254 0.698957
-0.234064 1.05215 -0.0481758 -0.984976 0.148665 0.0878637 0.418543 0.0772982
-0.238053 0.990018 -0.0273132 -0.981615 0.0806009 0.173018 0.469811 0.0787395
-0.239083 1.01573 -0.0531125 -0.994567 0.0854171 -0.0594952 0.444582 0.0652862
-0.239296 0.986675 -0.0584435 -0.949802 0.0205975 -0.312171 0.465585 0.69632
-0.239083 1.01573 -0.0531125 -0.994567 0.0854171 -0.0594952 0.485998 0.688147
-0.242967 0.952645 -0.0459566 -0.998221 0.0205117 -0.0559839 0.438814 0.692094
-0.224706 1.11017 -0.0671117 -0.977661 0.210176 0.00210812 0.369261 0.0801565
-0.234064 1.05215 -0.0481758 -0.984976 0.148665 0.0878637 0.418543 0.0772982
-0.22987 1.08009 -0.0722041 -0.970182 0.124401 -0.208017 0.390453 0.067695
-0.238053 0.990018 -0.0273132 -0.981615 0.0806009 0.173018 0.469811 0.0787395
-0.227073 1.04973 -0.00589371 -0.964675 0.14148 0.222229 0.431875 0.106988
-0.228847 0.988033 0.0139389 -0.958251 0.078221 0.27502 0.480449 0.109431
-0.224297 0.855035 0.0430799 -0.918609 -0.0192768 0.394698 0.62558 0.345818
-0.223337 0.891807 0.0457711 -0.869888 0.0316292 0.492234 0.598472 0.349159
-0.215584 0.834351 0.0576682 -0.745037 -0.00273224 0.667017 0.64134 0.357754
-0.223993 0.933924 0.0401864 -0.891963 0.064969 0.447416 0.524594 0.119994
-0.228847 0.988033 0.0139389 -0.958251 0.078221 0.27502 0.480449 0.109431
-0.220076 1.02344 0.0295601 -0.820099 0.152961 0.551398 0.458688 0.128405
-0.141609 0.75758 -0.140556 -0.481504 -0.0426654 -0.875405 0.182978 0.557796
-0.183962 0.813979 -0.116949 -0.628619 -0.0663308 -0.774879 0.137026 0.589251
-0.171699 0.738885 -0.121857 -0.583745 -0.0489954 -0.810458 0.193589 0.585841
-0.178934 0.551236 -0.102406 -0.737229 -0.0939427 -0.66908 0.330456 0.617755
-0.195421 0.62371 -0.0907099 -0.775434 -0.0703001 -0.627503 0.275249 0.625351
-0.209102 0.596713 -0.0671015 -0.856988 -0.10529 -0.504465 0.293048 0.647827
-0.238019 0.782634 -0.0209017 -0.987807 -0.0524541 0.146577 0.678279 0.295627
-0.235014 0.721865 -0.0340767 -0.994923 -0.100199 -0.00937919 0.724126 0.286271
-0.237407 0.749423 -0.0369253 -0.995333 -0.0762563 -0.0591442 0.703335 0.28382
-0.228123 0.677268 -0.0203314 -0.977544 -0.11747 0.174955 0.75768 0.297635
-0.21154 0.645279 0.0276752 -0.945528 -0.134161 0.296611 0.781395 0.335656
-0.216102 0.623276 0.00243807 -0.957217 -0.139952 0.253275 0.798129 0.316938
-0.216102 0.623276 0.00243807 -0.957217 -0.139952 0.253275 0.798129 0.316938
-0.20562 0.532672 -0.018189 -0.964194 -0.189313 0.185716 0.867069 0.306158
-0.2203 0.60914 -0.0268092 -0.976019 -0.152122 0.155712 0.809354 0.295322
-0.20562 0.532672 -0.018189 -0.964194 -0.189313 0.185716 0.867069 0.306158
-0.1983 0.560661 0.0259809 -0.932197 -0.171276 0.318862 0.844952 0.338598
-0.187164 0.481772 0.011384 -0.942039 -0.194827 0.273139 0.904913 0.332509
-0.218617 0.796142 0.0528355 -0.84226 -0.0358146 0.537881 0.669339 0.352617
-0.230692 0.762662 0.00824547 -0.967747 -0.0717132 0.241501 0.693438 0.317868
-0.227468 0.816929 0.0307198 -0.951482 -0.0322275 0.306013 0.653457 0.335368
-0.216818 0.75583 0.0514555 -0.885275 -0.0766452 0.458709 0.699084 0.351474
-0.230692 0.762662 0.00824547 -0.967747 -0.0717132 0.241501 0.693438 0.317868
-0.218617 0.796142 0.0528355 -0.84226 -0.0358146 0.537881 0.669339 0.352617
-0.155618 0.454497 -0.111545 -0.699839 -0.112279 -0.705421 0.404376 0.610472
-0.146933 0.5377 -0.127798 -0.570941 -0.0559459 -0.819083 0.344432 0.589251
-0.178934 0.551236 -0.102406 -0.737229 -0.0939427 -0.66908 0.330456 0.617755
-0.133705 0.240167 -0.0962062 -0.772261 -0.183735 -0.608157 0.196022 0.925759
-0.127617 0.291925 -0.113528 -0.678015 -0.104808 -0.727538 0.156293 0.911828
-0.144997 0.288443 -0.0929244 -0.800787 -0.128628 -0.584975 0.158733 0.93185
-0.187409 0.519083 -0.0837996 -0.843984 -0.140301 -0.517693 0.352735 0.635365
-0.155618 0.454497 -0.111545 -0.699839 -0.112279 -0.705421 0.404376 0.610472
-0.178934 0.551236 -0.102406 -0.737229 -0.0939427 -0.66908 0.330456 0.617755
-0.16276 0.294959 -0.065412 -0.926417 -0.162604 -0.339577 0.153935 0.955896
-0.172435 0.334816 -0.0506058 -0.984947 -0.150685 -0.0846928 0.123002 0.968237
-0.159326 0.268537 -0.0554996 -0.976151 -0.211297 -0.0498229 0.175405 0.961665
-0.176898 0.437336 0.0174141 -0.920498 -0.181531 0.34602 0.866846 0.717398
-0.166995 0.393207 0.0235085 -0.907549 -0.159139 0.388625 0.839025 0.698021
-0.178323 0.389177 -0.0222526 -0.975706 -0.160326 0.149308 0.820539 0.72841
-0.181491 0.536635 0.0505123 -0.674403 -0.175512 0.7172 0.863073 0.360763
-0.151474 0.460541 0.0547366 -0.518495 -0.165831 0.838846 0.922102 0.376113
-0.168413 0.473734 0.0466084 -0.627603 -0.226889 0.744739 0.910949 0.363132
-0.142072 0.208154 -0.0337305 -0.950671 -0.271544 0.149961 0.693972 0.665406
-0.125945 0.161523 -0.0267024 -0.9244 -0.344062 0.164639 0.667232 0.638404
-0.140343 0.192901 -0.0555179 -0.956132 -0.292462 -0.0166775 0.674385 0.671247
-0.0289478 0.0176829 -0.0779493 -0.424288 -0.568594 -0.704755 0.366779 0.854623
-0.0631542 0.0330355 -0.0589299 -0.719522 -0.47123 -0.510128 0.364373 0.884472
-0.042594 0.0107505 -0.0649261 -0.458347 -0.759069 -0.462312 0.375971 0.864538
-0.0905409 0.0875986 -0.0104754 -0.8582 -0.425856 0.286599 0.631535 0.586571
-0.11689 0.154621 0.00255203 -0.862307 -0.355425 0.360694 0.676287 0.617145
-0.100836 0.125402 0.0064702 -0.719875 -0.399457 0.567639 0.660951 0.597666
-0.12646 0.233502 0.0290098 -0.695781 -0.198826 0.690187 0.735578 0.633832
-0.127112 0.202229 0.0156713 -0.844702 -0.256182 0.469945 0.710575 0.631204
-0.142174 0.265421 0.0182037 -0.870028 -0.209804 0.446131 0.752001 0.655334
0.0710049 1.34016 -0.230796 0.662012 -0.746239 -0.0697663 0.926317 0.939134
0.0547314 1.3164 -0.201697 0.903571 -0.428369 -0.0077178 0.92991 0.968874
0.0706043 1.34084 -0.220574 0.85094 -0.48632 0.198479 0.931924 0.943901
-0.0645704 1.3416 -0.0910919 -0.071422 0.860458 0.504491 0.209113 0.226931
-0.0661373 1.328 -0.0711941 0.080528 0.74706 0.659861 0.22554 0.227583
-0.110737 1.32485 -0.0802692 -0.311254 0.789899 0.528376 0.22539 0.195521
-0.117766 1.28496 -0.0386698 -0.287848 0.648241 0.704931 0.265347 0.19574
-0.122118 1.30674 -0.0633898 -0.3449 0.721737 0.600117 0.243134 0.189343
-0.0920258 1.29711 -0.0414832 -0.0729252 0.658865 0.748718 0.256295 0.213227
0.0448837 1.26599 -0.151856 0.924403 0.13422 0.357021 0.211105 0.337985
0.0467806 1.30623 -0.178289 0.877079 0.227193 0.423221 0.172301 0.329045
0.0481777 1.26353 -0.160807 0.98683 0.0139813 0.161153 0.207295 0.344904
-0.0920258 1.29711 -0.0414832 -0.0729252 0.658865 0.748718 0.256295 0.213227
-0.0661373 1.328 -0.0711941 0.080528 0.74706 0.659861 0.22554 0.227583
-0.070735 1.30759 -0.0522461 0.187143 0.612399 0.768079 0.24467 0.226746
0.0460787 1.2431 -0.158521 0.971054 -0.179579 -0.1575 0.691551 0.94416
0.0421572 1.20739 -0.131683 0.981442 -0.0508121 0.184904 0.660176 0.956975
0.0481777 1.26353 -0.160807 0.98683 0.0139813 0.161153 0.707054 0.945799
-0.0920258 1.29711 -0.0414832 -0.0729252 0.658865 0.748718 0.256295 0.213227
-0.070735 1.30759 -0.0522461 0.187143 0.612399 0.768079 0.24467 0.226746
-0.075736 1.27621 -0.0291157 0.210457 0.51705 0.829679 0.271675 0.226969
0.0421572 1.20739 -0.131683 0.981442 -0.0508121 0.184904 0.260415 0.353907
0.0246749 1.11542 -0.0953914 0.962 -0.0639642 0.26545 0.346016 0.359464
0.0308256 1.18931 -0.105131 0.89874 0.0183583 0.438098 0.286429 0.343046
-0.0496931 1.27063 -0.0355639 0.420548 0.436322 0.795464 0.270245 0.246153
-0.0526142 1.22664 -0.0153716 0.501866 0.290305 0.814772 0.304168 0.249888
-0.0802193 1.23448 -0.00565338 0.270959 0.386975 0.88138 0.304663 0.228061
0.00653458 1.08704 -0.132752 0.82449 -0.295551 -0.482561 0.569431 0.928388
-0.0244665 1.08898 -0.173882 0.675389 -0.328332 -0.660339 0.574477 0.890008
-0.0178041 1.05394 -0.149993 0.740918 -0.267424 -0.616056 0.545747 0.904334
-0.0250378 0.967442 -0.133025 0.742217 -0.135238 -0.656372 0.479288 0.90542
-0.00807452 0.921326 -0.101598 0.823003 -0.0838762 -0.56181 0.442612 0.928762
-0.00491333 0.986946 -0.108892 0.846249 -0.12771 -0.517254 0.49185 0.929998
-0.0243254 1.01441 -0.14326 0.736287 -0.193126 -0.648524 0.515233 0.902491
-0.00491333 0.986946 -0.108892 0.846249 -0.12771 -0.517254 0.49185 0.929998
0.00151682 1.04721 -0.119153 0.83778 -0.223751 -0.498056 0.537807 0.93102
0.0178256 1.08237 -0.104148 0.921296 -0.218493 -0.321674 0.562397 0.950453
0.00653458 1.08704 -0.132752 0.82449 -0.295551 -0.482561 0.569431 0.928388
0.00151682 1.04721 -0.119153 0.83778 -0.223751 -0.498056 0.537807 0.93102
0.00151682 1.04721 -0.119153 0.83778 -0.223751 -0.498056 0.537807 0.93102
-0.00491333 0.986946 -0.108892 0.846249 -0.12771 -0.517254 0.49185 0.929998
0.00797701 1.00724 -0.0888463 0.920774 -0.129753 -0.367884 0.504899 0.949315
0.0223932 1.09564 -0.0967074 0.980695 -0.164153 -0.106262 0.570988 0.95857
0.0205278 1.11777 -0.125512 0.89291 -0.28483 -0.348688 0.591923 0.941857
0.0178256 1.08237 -0.104148 0.921296 -0.218493 -0.321674 0.562397 0.950453
0.00738525 0.995697 -0.0460191 0.910144 0.0524331 0.410961 0.451952 0.348554
0.0126321 0.920824 -0.0480357 0.954527 0.052235 0.293513 0.506094 0.366325
-0.0112038 0.928312 -0.0032959 0.845215 0.062816 0.530722 0.512005 0.327471
0.0258753 0.717515 -0.0369806 0.990696 0.108982 0.0815141 0.752569 0.0916951
0.0428636 0.578327 -0.0332037 0.906529 0.104833 0.408919 0.647909 0.0926626
0.0281827 0.681257 -0.0307264 0.881412 0.108776 0.459654 0.725416 0.0962331
0.0258753 0.717515 -0.0369806 0.990696 0.108982 0.0815141 0.233996 0.387486
0.0383573 0.61203 -0.0441878 0.952569 0.128226 -0.275989 0.312016 0.393901
0.0455115 0.566846 -0.03857 0.992414 0.122045 0.0148267 0.345974 0.389729
0.0417542 0.485639 -0.0188392 0.818327 0.0838015 0.568611 0.953331 0.518739
0.0617599 0.409885 -0.0363307 0.8983 0.0928945 0.42945 0.901264 0.487914
0.0264158 0.453815 0.00701666 0.782854 0.0726474 0.61795 0.925721 0.536039
0.0128813 0.0790431 -0.0901082 0.73445 -0.284823 -0.616003 0.328971 0.811995
0.0438709 0.135275 -0.0776497 0.822639 -0.285559 -0.491651 0.297351 0.774668
0.00246716 0.114709 -0.117145 0.66663 -0.291989 -0.685818 0.296561 0.819549
0.0391579 0.0869372 -0.0547757 0.888297 -0.294544 -0.35238 0.3387 0.779889
0.0510368 0.12458 -0.0555406 0.918019 -0.275238 -0.285456 0.312455 0.762957
0.0438709 0.135275 -0.0776497 0.822639 -0.285559 -0.491651 0.297351 0.774668
0.0514259 0.117515 -0.0391064 0.929737 -0.314454 0.191592 0.323641 0.755448
0.0510368 0.12458 -0.0555406 0.918019 -0.275238 -0.285456 0.312455 0.762957
0.0391579 0.0869372 -0.0547757 0.888297 -0.294544 -0.35238 0.3387 0.779889
0.0543089 0.180643 -0.0215209 0.779665 -0.130827 0.612378 0.72583 0.473029
0.0617113 0.157225 -0.0388846 0.935415 -0.206135 0.287241 0.707695 0.458712
0.0489235 0.127005 -0.0289383 0.779773 -0.240701 0.577942 0.683861 0.470038
0.0724192 0.214322 -0.0422215 0.987832 -0.0867073 0.129109 0.251222 0.721738
0.0734482 0.244402 -0.0395316 0.971749 -0.0234653 0.234848 0.228622 0.712965
0.0685396 0.239365 -0.0643102 0.948615 -0.0271808 -0.315262 0.226812 0.731906
-0.124823 1.23739 -0.00448155 -0.264413 0.495499 0.827386 0.305726 0.195647
-0.138792 1.19911 0.0121474 -0.292314 0.435051 0.851636 0.335029 0.188466
-0.169283 1.21197 -0.0098722 -0.49039 0.46599 0.736459 0.320901 0.163022
-0.177836 1.16699 0.00988054 -0.465779 0.380349 0.79899 0.355893 0.159922
-0.169283 1.21197 -0.0098722 -0.49039 0.46599 0.736459 0.320901 0.163022
-0.138792 1.19911 0.0121474 -0.292314 0.435051 0.851636 0.335029 0.188466
-0.108688 1.24957 -0.00778794 -0.0480271 0.51605 0.855211 0.296624 0.206332
-0.136847 1.25141 -0.0191624 -0.356418 0.556941 0.750189 0.292792 0.184911
-0.117766 1.28496 -0.0386698 -0.287848 0.648241 0.704931 0.265347 0.19574
-0.090188 1.1902 0.0144939 0.254917 0.318 0.913178 0.338779 0.224817
-0.122648 1.18941 0.0201871 -0.0167262 0.377714 0.925771 0.342629 0.201268
-0.108688 1.24957 -0.00778794 -0.0480271 0.51605 0.855211 0.296624 0.206332
-0.108743 1.1434 0.0331595 0.171063 0.275666 0.94591 0.375084 0.214834
-0.090188 1.1902 0.0144939 0.254917 0.318 0.913178 0.338779 0.224817
-0.0701475 1.18051 0.0097003 0.438823 0.259902 0.860166 0.342281 0.241
-0.0802193 1.23448 -0.00565338 0.270959 0.386975 0.88138 0.304663 0.228061
-0.0701475 1.18051 0.0097003 0.438823 0.259902 0.860166 0.342281 0.241
-0.090188 1.1902 0.0144939 0.254917 0.318 0.913178 0.338779 0.224817
-0.1916 0.959108 0.0602093 -0.458981 0.125586 0.879525 0.548998 0.377082
-0.158131 0.961324 0.0755057 -0.263739 0.140082 0.954368 0.548096 0.404763
-0.162136 0.90992 0.0803556 -0.321987 0.101047 0.941336 0.586565 0.402414
-0.201876 1.07525 0.0313897 -0.553278 0.246315 0.795746 0.423054 0.145176
-0.182258 1.05857 0.0456886 -0.402084 0.230378 0.886146 0.437434 0.162122
-0.203301 1.00448 0.0472727 -0.530345 0.160443 0.832461 0.475688 0.144659
-0.197644 0.832853 0.0695901 -0.479394 0.0287666 0.877128 0.643091 0.373692
-0.215584 0.834351 0.0576682 -0.745037 -0.00273224 0.667017 0.64134 0.357754
-0.213958 0.894979 0.0558772 -0.617508 0.0749678 0.782984 0.596555 0.359437
-0.0508847 1.1157 0.0152242 0.577164 0.172131 0.798281 0.385335 0.263276
-0.0598083 1.05567 0.0329745 0.551035 0.14046 0.822576 0.431826 0.260639
-0.0883012 1.06345 0.0470843 0.378146 0.180382 0.908002 0.431161 0.235798
-0.0334668 1.04368 0.012917 0.724739 0.105503 0.680899 0.433907 0.287182
-0.0315051 0.933834 0.0235214 0.750171 0.0735521 0.657141 0.515058 0.300883
-0.0541329 0.988055 0.0389276 0.604253 0.103616 0.790027 0.480724 0.271365
-0.197042 0.645966 0.05967 -0.662497 -0.128405 0.737977 0.781007 0.362021
-0.181166 0.657749 0.069994 -0.441661 -0.0924796 0.892403 0.77342 0.37666
-0.157989 0.583545 0.0724831 -0.428315 -0.121784 0.895385 0.830174 0.387546
-0.106471 0.518683 0.082829 -0.104239 -0.104439 0.989053 0.882986 0.420103
-0.128719 0.591604 0.0864105 -0.296791 -0.0940383 0.950301 0.826679 0.412179
-0.11634 0.577284 0.0877433 -0.0716978 -0.0844259 0.993847 0.838504 0.419827
-0.0312042 0.581598 0.0523963 0.641029 0.053563 0.765645 0.655604 0.176999
-0.0483009 0.662105 0.0618777 0.610922 0.0459716 0.790355 0.716476 0.186905
-0.00372982 0.613407 0.0237575 0.73757 0.0707233 0.671556 0.677243 0.145861
-0.0218763 0.713181 0.0338795 0.718079 0.0657787 0.692846 0.752539 0.15578
-0.0483009 0.662105 0.0618777 0.610922 0.0459716 0.790355 0.716476 0.186905
-0.0554723 0.76251 0.0606809 0.614841 0.0663381 0.785856 0.791397 0.185189
-0.0483009 0.662105 0.0618777 0.610922 0.0459716 0.790355 0.716476 0.186905
-0.0312042 0.581598 0.0523963 0.641029 0.053563 0.765645 0.655604 0.176999
-0.0524766 0.558146 0.0695317 0.505122 0.021412 0.862783 0.639728 0.198604
-0.0944967 0.699494 0.084959 0.298328 0.0220184 0.95421 0.747303 0.223149
-0.0903232 0.621594 0.0849528 0.277649 -0.00027729 0.960683 0.68925 0.225133
-0.12103 0.697723 0.0909276 0.115079 0.00568034 0.99334 0.747768 0.24344
-0.0753784 0.255905 0.0600801 -0.292337 -0.13989 0.946028 0.765618 0.597478
-0.111359 0.350005 0.0580859 -0.416195 -0.138088 0.898729 0.824897 0.640393
-0.0853815 0.340462 0.0677409 -0.237427 -0.115362 0.964531 0.82394 0.618533
-0.0205646 0.302145 0.0537169 0.434473 -0.0202923 0.900456 0.806896 0.563652
0.00221395 0.364113 0.0383446 0.61953 0.0227505 0.784643 0.855026 0.552004
0.00628662 0.290106 0.0370872 0.610009 -0.00418567 0.792383 0.801954 0.538939
-0.0272801 0.513145 0.0536244 0.583216 0.0298818 0.811767 0.959059 0.597714
0.0067997 0.451063 0.0298882 0.689116 0.0536328 0.722664 0.919438 0.55803
-0.0167613 0.446354 0.0485871 0.555358 0.0283057 0.831129 0.911816 0.579781
0.0264158 0.453815 0.00701666 0.782854 0.0726474 0.61795 0.925721 0.536039
0.0247359 0.375103 0.0163507 0.737088 0.0437466 0.67438 0.8671 0.530286
0.0067997 0.451063 0.0298882 0.689116 0.0536328 0.722664 0.919438 0.55803
-0.0236902 0.0207219 -0.00593853 0.0427472 -0.621959 0.781882 0.602899 0.524397
0.000730515 0.0136737 -0.0275197 0.328662 -0.866083 0.376671 0.592057 0.50351
-0.0392866 0.00895974 -0.0195868 -0.254627 -0.8317 0.493396 0.589487 0.533336
-0.0563936 0.100667 0.0198653 -0.244368 -0.347847 0.905145 0.656001 0.558686
-0.0964499 0.141632 0.0191307 -0.503317 -0.364481 0.78347 0.676307 0.595281
-0.0856895 0.170049 0.035603 -0.380113 -0.295272 0.876544 0.701084 0.591089
-0.0273609 0.0817232 0.0122082 0.352456 -0.238757 0.904859 0.646661 0.533725
-0.00310707 0.0533848 -0.00570536 0.553712 -0.109816 0.825435 0.626924 0.510488
-0.0188608 0.0470068 0.00229979 0.333076 -0.208949 0.919457 0.622404 0.52351
-0.0420189 0.0951179 0.0197215 0.0273784 -0.331188 0.943167 0.65482 0.547008
-0.0421467 0.0411304 0.00114775 -0.272597 -0.443777 0.85367 0.615206 0.539654
-0.0563936 0.100667 0.0198653 -0.244368 -0.347847 0.905145 0.656001 0.558686
0.0945959 1.42585 -0.310443 -0.656908 0.208975 -0.724431 0.893246 0.849766
0.121067 1.40348 -0.328963 -0.262213 -0.323888 -0.909033 0.919792 0.847896
0.106405 1.43777 -0.31488 -0.52361 0.425178 -0.738279 0.894805 0.837012
0.121067 1.40348 -0.328963 -0.262213 -0.323888 -0.909033 0.919792 0.847896
0.0880365 1.39076 -0.301644 -0.559877 -0.167314 -0.811507 0.904044 0.874991
0.104009 1.38812 -0.310652 -0.242433 -0.61219 -0.752629 0.915919 0.867843
0.0945959 1.42585 -0.310443 -0.656908 0.208975 -0.724431 0.893246 0.849766
0.0445557 1.39459 -0.264205 -0.727761 0.495351 -0.474332 0.868949 0.898981
0.044693 1.38135 -0.26869 -0.627658 0.0426284 -0.777322 0.877329 0.905818
0.121067 1.40348 -0.328963 -0.262213 -0.323888 -0.909033 0.919792 0.847896
0.104009 1.38812 -0.310652 -0.242433 -0.61219 -0.752629 0.915919 0.867843
0.138971 1.39959 -0.323746 0.230894 -0.836844 -0.496367 0.932227 0.84523
0.0880365 1.39076 -0.301644 -0.559877 -0.167314 -0.811507 0.904044 0.874991
0.121067 1.40348 -0.328963 -0.262213 -0.323888 -0.909033 0.919792 0.847896
0.0945959 1.42585 -0.310443 -0.656908 0.208975 -0.724431 0.893246 0.849766
0.044693 1.38135 -0.26869 -0.627658 0.0426284 -0.777322 0.877329 0.905818
0.0663223 1.36149 -0.280205 -0.375466 -0.378278 -0.846127 0.901408 0.906293
0.0880365 1.39076 -0.301644 -0.559877 -0.167314 -0.811507 0.904044 0.874991
-0.172025 1.18173 -0.153873 -0.732049 0.0621355 -0.678412 0.624565 0.750592
-0.131901 1.23308 -0.186346 -0.618728 0.0471202 -0.784191 0.669581 0.779376
-0.144773 1.24786 -0.173023 -0.711425 0.148071 -0.686985 0.67767 0.763793
-0.131901 1.23308 -0.186346 -0.618728 0.0471202 -0.784191 0.669581 0.779376
-0.101034 1.19196 -0.205763 -0.465266 -0.070711 -0.882342 0.645543 0.812276
-0.101107 1.24728 -0.208185 -0.511437 0.0436941 -0.858209 0.68562 0.804095
-0.140073 1.19322 -0.181261 -0.589444 -0.00565012 -0.80779 0.639302 0.778994
-0.154612 1.1465 -0.169735 -0.596328 -0.0312238 -0.802133 0.60266 0.773537
-0.104361 1.13728 -0.198301 -0.417481 -0.103546 -0.902767 0.604822 0.816998
-0.125907 1.08649 -0.182199 -0.43927 -0.10132 -0.892623 0.563848 0.80603
-0.104361 1.13728 -0.198301 -0.417481 -0.103546 -0.902767 0.604822 0.816998
-0.154612 1.1465 -0.169735 -0.596328 -0.0312238 -0.802133 0.60266 0.773537
-0.172025 1.18173 -0.153873 -0.732049 0.0621355 -0.678412 0.624565 0.750592
-0.144773 1.24786 -0.173023 -0.711425 0.148071 -0.686985 0.67767 0.763793
-0.155573 1.25513 -0.158226 -0.790615 0.231908 -0.566698 0.680618 0.749559
-0.192453 1.11358 -0.133976 -0.762787 0.0142429 -0.646493 0.570994 0.741206
-0.165553 1.07071 -0.157298 -0.596615 -0.0643419 -0.799944 0.545436 0.774197
-0.154612 1.1465 -0.169735 -0.596328 -0.0312238 -0.802133 0.60266 0.773537
-0.0639648 1.23311 -0.225073 -0.329761 -0.0321433 -0.943517 0.681966 0.835394
-0.101034 1.19196 -0.205763 -0.465266 -0.070711 -0.882342 0.645543 0.812276
-0.0685549 1.18593 -0.218855 -0.290867 -0.135465 -0.947125 0.646783 0.838286
-0.12246 1.27327 -0.188652 -0.642425 0.197949 -0.740342 0.700179 0.779533
-0.101107 1.24728 -0.208185 -0.511437 0.0436941 -0.858209 0.68562 0.804095
-0.0818644 1.28178 -0.215055 -0.460491 0.166566 -0.871897 0.713655 0.813103
-0.136012 1.29844 -0.161137 -0.794218 0.477782 -0.375424 0.716118 0.754583
-0.127576 1.29985 -0.173003 -0.725014 0.362051 -0.585895 0.718524 0.765287
-0.116378 1.31746 -0.172817 -0.692735 0.591904 -0.41203 0.733835 0.768799
-0.127576 1.29985 -0.173003 -0.725014 0.362051 -0.585895 0.718524 0.765287
-0.136012 1.29844 -0.161137 -0.794218 0.477782 -0.375424 0.716118 0.754583
-0.158486 1.27176 -0.143354 -0.849675 0.409029 -0.33279 0.691999 0.737238
-0.12246 1.27327 -0.188652 -0.642425 0.197949 -0.740342 0.700179 0.779533
-0.127576 1.29985 -0.173003 -0.725014 0.362051 -0.585895 0.718524 0.765287
-0.155573 1.25513 -0.158226 -0.790615 0.231908 -0.566698 0.680618 0.749559
-0.0506821 1.08619 -0.194094 0.475015 -0.328659 -0.816299 0.573155 0.864917
-0.0341282 1.1847 -0.225182 0.0868119 -0.242817 -0.96618 0.651189 0.863493
-0.0623922 1.0844 -0.198162 0.287773 -0.297099 -0.91045 0.571255 0.855664
-0.0997353 1.32074 -0.190411 -0.599098 0.463976 -0.65254 0.738567 0.786512
-0.0622387 1.31948 -0.213578 -0.419658 0.279499 -0.863578 0.744416 0.819057
-0.0710611 1.33888 -0.200849 -0.506891 0.58289 -0.63506 0.757168 0.805619
-0.0566006 1.12966 -0.211147 -0.0518378 -0.230387 -0.971717 0.606797 0.854189
-0.0623922 1.0844 -0.198162 0.287773 -0.297099 -0.91045 0.571255 0.855664
-0.0341282 1.1847 -0.225182 0.0868119 -0.242817 -0.96618 0.651189 0.863493
-0.0997353 1.32074 -0.190411 -0.599098 0.463976 -0.65254 0.738567 0.786512
-0.090703 1.33533 -0.180968 -0.580961 0.71195 -0.394477 0.75287 0.784443
-0.116378 1.31746 -0.172817 -0.692735 0.591904 -0.41203 0.733835 0.768799
-0.0997353 1.32074 -0.190411 -0.599098 0.463976 -0.65254 0.738567 0.786512
-0.116378 1.31746 -0.172817 -0.692735 0.591904 -0.41203 0.733835 0.768799
-0.127576 1.29985 -0.173003 -0.725014 0.362051 -0.585895 0.718524 0.765287
-0.155247 1.28339 -0.126416 -0.845111 0.517963 -0.132292 0.218521 0.137942
-0.158486 1.27176 -0.143354 -0.849675 0.409029 -0.33279 0.212687 0.123762
-0.136012 1.29844 -0.161137 -0.794218 0.477782 -0.375424 0.183732 0.143284
-0.182218 1.23637 -0.102569 -0.912313 0.405692 -0.0556703 0.26245 0.115469
-0.174712 1.2462 -0.129252 -0.888803 0.368814 -0.27204 0.239318 0.109918
-0.158486 1.27176 -0.143354 -0.849675 0.409029 -0.33279 0.212687 0.123762
-0.00665474 1.24442 -0.234074 0.413148 -0.279828 -0.866606 0.698816 0.875546
-0.0300102 1.16976 -0.218575 0.425688 -0.339677 -0.838695 0.639997 0.868712
-0.00800991 1.18286 -0.207689 0.626994 -0.33749 -0.702125 0.650207 0.886493
-0.0342522 1.34689 -0.217661 -0.42223 0.317523 -0.849059 0.769415 0.834403
-0.0200729 1.35616 -0.220842 -0.523696 0.545199 -0.654599 0.778929 0.843038
-0.0710611 1.33888 -0.200849 -0.506891 0.58289 -0.63506 0.757168 0.805619
-0.0300102 1.16976 -0.218575 0.425688 -0.339677 -0.838695 0.639997 0.868712
-0.0263476 1.12345 -0.193776 0.622388 -0.35967 -0.695176 0.602697 0.880726
-0.00800991 1.18286 -0.207689 0.626994 -0.33749 -0.702125 0.650207 0.886493
0.0158091 1.30677 -0.243266 0.021574 -0.275134 -0.961164 0.887367 0.968605
0.0296736 1.32784 -0.252155 -0.215121 -0.377146 -0.900824 0.889548 0.948336
-0.00785923 1.34152 -0.231722 -0.479328 0.0858468 -0.873427 0.857159 0.958475
0.00945473 1.29085 -0.240077 0.187421 -0.196235 -0.962479 0.735704 0.880489
-0.0124302 1.30552 -0.234779 -0.28723 0.113586 -0.951103 0.742936 0.861264
-0.00786877 1.26252 -0.238527 0.0232869 -0.0964326 -0.995067 0.712241 0.872046
-0.00785923 1.34152 -0.231722 -0.479328 0.0858468 -0.873427 0.857159 0.958475
0.00980568 1.36752 -0.242728 -0.657623 0.315945 -0.683893 0.858072 0.933869
-0.0200729 1.35616 -0.220842 -0.523696 0.545199 -0.654599 0.841031 0.957376
0.00980568 1.36752 -0.242728 -0.657623 0.315945 -0.683893 0.858072 0.933869
-0.0127926 1.37182 -0.201536 -0.446189 0.854647 -0.265506 0.825062 0.946891
-0.0200729 1.35616 -0.220842 -0.523696 0.545199 -0.654599 0.841031 0.957376
0.0231056 1.30251 -0.235865 0.57917 -0.487348 -0.653494 0.745282 0.890322
0.0377398 1.28965 -0.208101 0.801342 -0.344161 -0.489289 0.733062 0.913036
0.0410261 1.30675 -0.219181 0.71488 -0.550079 -0.431694 0.747967 0.908884
0.013917 1.38305 -0.214847 -0.282825 0.937981 0.200501 0.834494 0.925433
-0.0127926 1.37182 -0.201536 -0.446189 0.854647 -0.265506 0.825062 0.946891
0.0147963 1.3842 -0.224201 -0.578547 0.796856 -0.17408 0.841421 0.924227
0.00659752 1.1693 -0.185817 0.732821 -0.338846 -0.590048 0.638423 0.904632
-0.0263476 1.12345 -0.193776 0.622388 -0.35967 -0.695176 0.602697 0.880726
0.0077877 1.1299 -0.159125 0.77894 -0.344319 -0.524115 0.605319 0.917248
-0.110737 1.32485 -0.0802692 -0.311254 0.789899 0.528376 0.22539 0.195521
-0.128181 1.32471 -0.0974722 -0.645216 0.741041 0.185889 0.217389 0.180016
-0.106359 1.34453 -0.114486 -0.505401 0.842098 0.188257 0.19798 0.194355
-0.165553 1.07071 -0.157298 -0.596615 -0.0643419 -0.799944 0.545436 0.774197
-0.192453 1.11358 -0.133976 -0.762787 0.0142429 -0.646493 0.570994 0.741206
-0.201889 1.04092 -0.121244 -0.756518 -0.0255395 -0.653474 0.516129 0.741362
-0.104729 0.926234 -0.168525 -0.263451 -0.0919909 -0.960277 0.447137 0.837145
-0.107037 0.984199 -0.174728 -0.281095 -0.132027 -0.950555 0.490195 0.830883
-0.136961 0.922824 -0.156469 -0.42183 -0.0892188 -0.902274 0.440547 0.812356
-0.0820374 0.986681 -0.180378 0.0820425 -0.172397 -0.981605 0.494848 0.849803
-0.079371 1.05065 -0.191641 -0.124943 -0.173183 -0.976932 0.543732 0.846389
-0.107037 0.984199 -0.174728 -0.281095 -0.132027 -0.950555 0.490195 0.830883
-0.0820374 0.986681 -0.180378 0.0820425 -0.172397 -0.981605 0.494848 0.849803
-0.107037 0.984199 -0.174728 -0.281095 -0.132027 -0.950555 0.490195 0.830883
-0.0866094 0.92465 -0.171843 0.0938552 -0.107 -0.989819 0.447741 0.850685
-0.0861588 0.833802 -0.164027 0.202412 -0.0441703 -0.978304 0.131613 0.505348
-0.0866094 0.92465 -0.171843 0.0938552 -0.107 -0.989819 0.0635549 0.49781
-0.0940413 0.864255 -0.166159 -0.153154 -0.0734964 -0.985465 0.108068 0.508449
-0.0566006 1.12966 -0.211147 -0.0518378 -0.230387 -0.971717 0.606797 0.854189
-0.079371 1.05065 -0.191641 -0.124943 -0.173183 -0.976932 0.543732 0.846389
-0.0623922 1.0844 -0.198162 0.287773 -0.297099 -0.91045 0.571255 0.855664
-0.0779452 1.13893 -0.208212 -0.278715 -0.149969 -0.948592 0.610427 0.837193
-0.079371 1.05065 -0.191641 -0.124943 -0.173183 -0.976932 0.543732 0.846389
-0.0566006 1.12966 -0.211147 -0.0518378 -0.230387 -0.971717 0.606797 0.854189
-0.0720315 0.981686 -0.175358 0.473442 -0.178432 -0.862563 0.491381 0.858292
-0.0866094 0.92465 -0.171843 0.0938552 -0.107 -0.989819 0.447741 0.850685
-0.0735302 0.925527 -0.166587 0.500438 -0.117036 -0.857826 0.448837 0.860969
-0.0605206 0.882557 -0.151928 0.614812 -0.0711867 -0.785454 0.098464 0.478822
-0.0401201 0.926332 -0.140595 0.684862 -0.108663 -0.720525 0.068653 0.456987
-0.0735302 0.925527 -0.166587 0.500438 -0.117036 -0.857826 0.0643593 0.48769
-0.0735302 0.925527 -0.166587 0.500438 -0.117036 -0.857826 0.0643593 0.48769
-0.0866094 0.92465 -0.171843 0.0938552 -0.107 -0.989819 0.0635549 0.49781
-0.0861588 0.833802 -0.164027 0.202412 -0.0441703 -0.978304 0.131613 0.505348
-0.07548 0.797982 -0.159114 0.509008 -0.00354797 -0.860755 0.159671 0.500456
-0.0443152 0.811763 -0.135693 0.661775 -0.0129798 -0.74959 0.153596 0.469991
-0.0605206 0.882557 -0.151928 0.614812 -0.0711867 -0.785454 0.098464 0.478822
-0.0506821 1.08619 -0.194094 0.475015 -0.328659 -0.816299 0.573155 0.864917
-0.0610766 1.04992 -0.186374 0.533953 -0.271323 -0.800799 0.54421 0.861118
-0.0460567 1.03663 -0.17071 0.628546 -0.248895 -0.736872 0.53356 0.87719
-0.0263476 1.12345 -0.193776 0.622388 -0.35967 -0.695176 0.602697 0.880726
-0.0506821 1.08619 -0.194094 0.475015 -0.328659 -0.816299 0.573155 0.864917
-0.0244665 1.08898 -0.173882 0.675389 -0.328332 -0.660339 0.574477 0.890008
0.0077877 1.1299 -0.159125 0.77894 -0.344319 -0.524115 0.605319 0.917248
-0.0263476 1.12345 -0.193776 0.622388 -0.35967 -0.695176 0.602697 0.880726
-0.0244665 1.08898 -0.173882 0.675389 -0.328332 -0.660339 0.574477 0.890008
-0.0244665 1.08898 -0.173882 0.675389 -0.328332 -0.660339 0.574477 0.890008
-0.0460567 1.03663 -0.17071 0.628546 -0.248895 -0.736872 0.53356 0.87719
-0.0178041 1.05394 -0.149993 0.740918 -0.267424 -0.616056 0.545747 0.904334
-0.0699556 0.579774 -0.165534 -0.00865403 0.0359766 -0.999315 0.323028 0.521155
-0.0847173 0.576664 -0.163154 -0.303674 0.00101423 -0.952775 0.323551 0.532438
-0.0726733 0.524272 -0.166382 -0.206325 -0.00559498 -0.978467 0.363622 0.529633
-0.0847173 0.576664 -0.163154 -0.303674 0.00101423 -0.952775 0.323551 0.532438
-0.0951143 0.671127 -0.159499 -0.313093 -0.0140601 -0.949618 0.252362 0.529318
-0.111192 0.581027 -0.150468 -0.476512 -0.0266412 -0.878764 0.317026 0.553378
-0.07548 0.797982 -0.159114 0.509008 -0.00354797 -0.860755 0.159671 0.500456
-0.0787748 0.715958 -0.160909 0.213372 0.0150937 -0.976854 0.220748 0.511943
-0.0736266 0.745414 -0.158601 0.490324 0.020488 -0.871299 0.199251 0.504573
-0.0914942 0.769885 -0.162071 -0.148866 -0.0324223 -0.988326 0.17898 0.515761
-0.107844 0.772409 -0.157515 -0.349956 -0.0444649 -0.93571 0.175434 0.52818
-0.0843195 0.687801 -0.161739 -0.0884002 0.0101838 -0.996033 0.241186 0.519192
-0.0914942 0.769885 -0.162071 -0.148866 -0.0324223 -0.988326 0.17898 0.515761
-0.0843195 0.687801 -0.161739 -0.0884002 0.0101838 -0.996033 0.241186 0.519192
-0.0787748 0.715958 -0.160909 0.213372 0.0150937 -0.976854 0.220748 0.511943
-0.0565014 0.565404 -0.164352 0.349569 0.0685401 -0.9344 0.335173 0.512954
-0.0843195 0.687801 -0.161739 -0.0884002 0.0101838 -0.996033 0.241186 0.519192
-0.0699556 0.579774 -0.165534 -0.00865403 0.0359766 -0.999315 0.323028 0.521155
-0.0951143 0.671127 -0.159499 -0.313093 -0.0140601 -0.949618 0.252362 0.529318
-0.0847173 0.576664 -0.163154 -0.303674 0.00101423 -0.952775 0.323551 0.532438
-0.0699556 0.579774 -0.165534 -0.00865403 0.0359766 -0.999315 0.323028 0.521155
-0.065817 0.674668 -0.157608 0.542518 0.0871513 -0.835511 0.253065 0.506254
-0.0787748 0.715958 -0.160909 0.213372 0.0150937 -0.976854 0.220748 0.511943
-0.0565014 0.565404 -0.164352 0.349569 0.0685401 -0.9344 0.335173 0.512954
-0.0302212 0.582194 -0.144822 0.594368 0.108024 -0.796905 0.325665 0.487505
-0.065817 0.674668 -0.157608 0.542518 0.0871513 -0.835511 0.253065 0.506254
-0.0565014 0.565404 -0.164352 0.349569 0.0685401 -0.9344 0.335173 0.512954
-0.0565066 0.46174 -0.168137 -0.0267653 0.00612428 -0.999623 0.411444 0.525182
-0.0699556 0.579774 -0.165534 -0.00865403 0.0359766 -0.999315 0.323028 0.521155
-0.0726733 0.524272 -0.166382 -0.206325 -0.00559498 -0.978467 0.363622 0.529633
-0.0565066 0.46174 -0.168137 -0.0267653 0.00612428 -0.999623 0.411444 0.525182
-0.0726733 0.524272 -0.166382 -0.206325 -0.00559498 -0.978467 0.363622 0.529633
-0.0674276 0.460068 -0.165899 -0.307686 -0.0499149 -0.950178 0.411382 0.533544
-0.0636153 0.339646 -0.16001 -0.456825 -0.0789139 -0.886049 0.125423 0.849182
-0.0615606 0.243603 -0.150235 -0.463519 -0.150556 -0.873203 0.19507 0.859522
-0.0419283 0.265788 -0.163586 -0.314318 -0.108659 -0.943079 0.180385 0.840585
-0.0891542 0.501439 -0.159269 -0.433565 -0.0488456 -0.899798 0.378395 0.54536
-0.0847173 0.576664 -0.163154 -0.303674 0.00101423 -0.952775 0.323551 0.532438
-0.111192 0.581027 -0.150468 -0.476512 -0.0266412 -0.878764 0.317026 0.553378
-0.0636153 0.339646 -0.16001 -0.456825 -0.0789139 -0.886049 0.125423 0.849182
-0.0413537 0.327053 -0.169029 -0.11843 -0.0445405 -0.991963 0.136846 0.83268
-0.0637851 0.394601 -0.163746 -0.382768 -0.0441484 -0.922789 0.0857177 0.841772
-0.044868 0.460259 -0.166539 0.282482 0.0395189 -0.958458 0.413878 0.51678
-0.0384541 0.460923 -0.163595 0.478979 0.0641375 -0.87548 0.414155 0.511526
-0.0565014 0.565404 -0.164352 0.349569 0.0685401 -0.9344 0.335173 0.512954
-0.044868 0.460259 -0.166539 0.282482 0.0395189 -0.958458 0.0402158 0.818385
-0.0565066 0.46174 -0.168137 -0.0267653 0.00612428 -0.999623 0.0375471 0.827299
-0.0494142 0.405501 -0.168539 -0.0692237 -0.00132738 -0.9976 0.0795786 0.828879
-0.044868 0.460259 -0.166539 0.282482 0.0395189 -0.958458 0.0402158 0.818385
-0.0367231 0.373754 -0.167047 0.373817 0.0604714 -0.925529 0.103954 0.823148
-0.0233178 0.409542 -0.158354 0.522871 0.0442948 -0.85126 0.0801127 0.806765
-0.0494142 0.405501 -0.168539 -0.0692237 -0.00132738 -0.9976 0.0795786 0.828879
-0.0271235 0.33451 -0.166714 0.368028 0.0385265 -0.929016 0.13324 0.821257
-0.0367231 0.373754 -0.167047 0.373817 0.0604714 -0.925529 0.103954 0.823148
-0.0184131 0.293429 -0.163502 0.401855 -0.000156969 -0.915704 0.163537 0.819642
0.0197744 0.332097 -0.134355 0.650509 0.0615613 -0.756999 0.143029 0.779463
-0.0271235 0.33451 -0.166714 0.368028 0.0385265 -0.929016 0.13324 0.821257
0.00700331 0.521641 -0.123553 0.716854 0.11309 -0.68799 0.374596 0.461606
0.0367532 0.447545 -0.0985062 0.854751 0.102914 -0.508733 0.432737 0.438679
0.020839 0.571764 -0.094641 0.835414 0.131071 -0.533763 0.339294 0.435149
0.0197744 0.332097 -0.134355 0.650509 0.0615613 -0.756999 0.143029 0.779463
0.0260534 0.446895 -0.114075 0.773081 0.0959767 -0.627004 0.0617725 0.751037
0.0103278 0.391063 -0.135963 0.624128 0.0757362 -0.777643 0.0989216 0.778253
-0.00912952 0.243661 -0.156967 0.50079 -0.0536902 -0.863902 0.200124 0.818509
-0.0243654 0.229376 -0.162791 0.0750348 -0.134533 -0.988064 0.207741 0.831899
-0.007658 0.185653 -0.149032 0.506253 -0.168364 -0.84579 0.240975 0.823623
-0.007658 0.185653 -0.149032 0.506253 -0.168364 -0.84579 0.240975 0.823623
-0.0243654 0.229376 -0.162791 0.0750348 -0.134533 -0.988064 0.207741 0.831899
-0.0207233 0.165292 -0.151094 0.207348 -0.243205 -0.947554 0.252931 0.835791
-0.0262356 0.0951935 -0.122962 -0.371687 -0.422148 -0.826825 0.304506 0.845769
-0.0274897 0.160527 -0.149315 -0.274243 -0.293692 -0.915716 0.255825 0.840826
-0.0436878 0.125257 -0.123703 -0.530535 -0.354273 -0.77008 0.283318 0.858958
-0.0262356 0.0951935 -0.122962 -0.371687 -0.422148 -0.826825 0.304506 0.845769
-0.0171108 0.108477 -0.130983 0.198139 -0.367506 -0.908669 0.294966 0.837723
-0.0274897 0.160527 -0.149315 -0.274243 -0.293692 -0.915716 0.255825 0.840826
0.017149 0.27522 -0.138669 0.633262 -0.00126293 -0.773936 0.182916 0.790712
-0.0184131 0.293429 -0.163502 0.401855 -0.000156969 -0.915704 0.163537 0.819642
-0.00912952 0.243661 -0.156967 0.50079 -0.0536902 -0.863902 0.200124 0.818509
-0.00683498 0.0887931 -0.115085 0.608674 -0.32565 -0.723511 0.312579 0.830968
0.0128813 0.0790431 -0.0901082 0.73445 -0.284823 -0.616003 0.328971 0.811995
0.00246716 0.114709 -0.117145 0.66663 -0.291989 -0.685818 0.296561 0.819549
0.0393829 0.215315 -0.115274 0.772856 -0.0890549 -0.628302 0.231325 0.777644
0.017149 0.27522 -0.138669 0.633262 -0.00126293 -0.773936 0.182916 0.790712
0.0219393 0.221251 -0.133 0.646166 -0.085657 -0.758375 0.222205 0.794053
-0.19561 1.19654 -0.111894 -0.928144 0.258344 -0.267968 0.283682 0.0884529
-0.182218 1.23637 -0.102569 -0.912313 0.405692 -0.0556703 0.26245 0.115469
-0.208058 1.17118 -0.0797145 -0.949928 0.310569 -0.0343986 0.318685 0.094664
-0.192453 1.11358 -0.133976 -0.762787 0.0142429 -0.646493 0.570994 0.741206
-0.187714 1.18968 -0.13211 -0.846624 0.144871 -0.512093 0.626552 0.729915
-0.211042 1.12743 -0.104274 -0.887915 0.0973018 -0.449598 0.575883 0.713485
-0.192453 1.11358 -0.133976 -0.762787 0.0142429 -0.646493 0.570994 0.741206
-0.211042 1.12743 -0.104274 -0.887915 0.0973018 -0.449598 0.575883 0.713485
-0.217296 1.08169 -0.099299 -0.867403 0.0467742 -0.495404 0.54155 0.715265
-0.19561 1.19654 -0.111894 -0.928144 0.258344 -0.267968 0.629077 0.713249
-0.187714 1.18968 -0.13211 -0.846624 0.144871 -0.512093 0.626552 0.729915
-0.174712 1.2462 -0.129252 -0.888803 0.368814 -0.27204 0.669836 0.725359
-0.208058 1.17118 -0.0797145 -0.949928 0.310569 -0.0343986 0.318685 0.094664
-0.224706 1.11017 -0.0671117 -0.977661 0.210176 0.00210812 0.369261 0.0801565
-0.217383 1.13782 -0.0846801 -0.959512 0.205734 -0.192382 0.341504 0.0780042
-0.182218 1.23637 -0.102569 -0.912313 0.405692 -0.0556703 0.26245 0.115469
-0.19561 1.19654 -0.111894 -0.928144 0.258344 -0.267968 0.283682 0.0884529
-0.174712 1.2462 -0.129252 -0.888803 0.368814 -0.27204 0.239318 0.109918
-0.217383 1.13782 -0.0846801 -0.959512 0.205734 -0.192382 0.341504 0.0780042
-0.19561 1.19654 -0.111894 -0.928144 0.258344 -0.267968 0.283682 0.0884529
-0.208058 1.17118 -0.0797145 -0.949928 0.310569 -0.0343986 0.318685 0.094664
-0.173643 1.23321 -0.0281672 -0.604473 0.522565 0.601281 0.301483 0.156449
-0.179071 1.23209 -0.0350628 -0.816558 0.470823 0.334005 0.299547 0.150276
-0.156697 1.28333 -0.064605 -0.750714 0.592985 0.291198 0.256584 0.163085
-0.197106 1.19716 -0.0493705 -0.92312 0.369415 0.106689 0.315199 0.12501
-0.176561 1.24698 -0.0621648 -0.889174 0.448911 0.0885961 0.278037 0.142527
-0.179071 1.23209 -0.0350628 -0.816558 0.470823 0.334005 0.299547 0.150276
-0.209783 1.15925 -0.0446479 -0.95032 0.289528 0.114303 0.342466 0.112182
-0.197106 1.19716 -0.0493705 -0.92312 0.369415 0.106689 0.315199 0.12501
-0.200053 1.17192 -0.0131645 -0.8445 0.369975 0.387218 0.345926 0.137823
-0.156697 1.28333 -0.064605 -0.750714 0.592985 0.291198 0.256584 0.163085
-0.146577 1.26926 -0.0386469 -0.457616 0.612574 0.644469 0.275411 0.175134
-0.173643 1.23321 -0.0281672 -0.604473 0.522565 0.601281 0.301483 0.156449
-0.195431 1.16337 -0.00138283 -0.666066 0.365886 0.649987 0.355115 0.144398
-0.200053 1.17192 -0.0131645 -0.8445 0.369975 0.387218 0.345926 0.137823
-0.173643 1.23321 -0.0281672 -0.604473 0.522565 0.601281 0.301483 0.156449
-0.200053 1.17192 -0.0131645 -0.8445 0.369975 0.387218 0.345926 0.137823
-0.209661 1.09756 0.0165977 -0.742149 0.283779 0.607194 0.404266 0.136328
-0.215728 1.11164 -0.00497627 -0.926933 0.240604 0.28793 0.388784 0.123434
-0.145296 0.836056 -0.144714 -0.480565 -0.0755491 -0.873699 0.124465 0.552093
-0.136961 0.922824 -0.156469 -0.42183 -0.0892188 -0.902274 0.0609946 0.536275
-0.183837 0.927111 -0.129844 -0.612175 -0.0772258 -0.786942 0.0535169 0.575282
-0.183837 0.927111 -0.129844 -0.612175 -0.0772258 -0.786942 0.436142 0.772201
-0.136961 0.922824 -0.156469 -0.42183 -0.0892188 -0.902274 0.440547 0.812356
-0.143548 0.977754 -0.159826 -0.453384 -0.105285 -0.885075 0.480426 0.80232
-0.183837 0.927111 -0.129844 -0.612175 -0.0772258 -0.786942 0.0535169 0.575282
-0.213704 0.931484 -0.100568 -0.775586 -0.0497835 -0.629275 0.0473549 0.605855
-0.2165 0.889342 -0.093456 -0.775003 -0.0620067 -0.628908 0.0782107 0.6137
-0.201889 1.04092 -0.121244 -0.756518 -0.0255395 -0.653474 0.516129 0.741362
-0.217296 1.08169 -0.099299 -0.867403 0.0467742 -0.495404 0.54155 0.715265
-0.22459 1.0101 -0.0886827 -0.859837 -0.00506042 -0.510543 0.487741 0.717208
-0.183837 0.927111 -0.129844 -0.612175 -0.0772258 -0.786942 0.436142 0.772201
-0.183846 0.989027 -0.134946 -0.630607 -0.0707218 -0.772873 0.48188 0.765811
-0.213704 0.931484 -0.100568 -0.775586 -0.0497835 -0.629275 0.433041 0.740956
-0.217612 0.820696 -0.0843079 -0.785985 -0.0626895 -0.615059 0.128552 0.623674
-0.183962 0.813979 -0.116949 -0.628619 -0.0663308 -0.774879 0.137026 0.589251
-0.183837 0.927111 -0.129844 -0.612175 -0.0772258 -0.786942 0.0535169 0.575282
-0.22459 1.0101 -0.0886827 -0.859837 -0.00506042 -0.510543 0.487741 0.717208
-0.213704 0.931484 -0.100568 -0.775586 -0.0497835 -0.629275 0.433041 0.740956
-0.201889 1.04092 -0.121244 -0.756518 -0.0255395 -0.653474 0.516129 0.741362
-0.23095 1.05274 -0.0741222 -0.929311 0.0429483 -0.366793 0.516254 0.698957
-0.217296 1.08169 -0.099299 -0.867403 0.0467742 -0.495404 0.54155 0.715265
-0.22987 1.08009 -0.0722041 -0.970182 0.124401 -0.208017 0.536032 0.693745
-0.239296 0.986675 -0.0584435 -0.949802 0.0205975 -0.312171 0.465585 0.69632
-0.233511 0.93975 -0.0702314 -0.886296 -0.0250821 -0.462439 0.433429 0.713151
-0.22459 1.0101 -0.0886827 -0.859837 -0.00506042 -0.510543 0.487741 0.717208
-0.233511 0.93975 -0.0702314 -0.886296 -0.0250821 -0.462439 0.433429 0.713151
-0.213704 0.931484 -0.100568 -0.775586 -0.0497835 -0.629275 0.433041 0.740956
-0.22459 1.0101 -0.0886827 -0.859837 -0.00506042 -0.510543 0.487741 0.717208
-0.239083 1.01573 -0.0531125 -0.994567 0.0854171 -0.0594952 0.444582 0.0652862
-0.238053 0.990018 -0.0273132 -0.981615 0.0806009 0.173018 0.469811 0.0787395
-0.242967 0.952645 -0.0459566 -0.998221 0.0205117 -0.0559839 0.493048 0.0576962
-0.242114 0.936355 -0.0492415 -0.952749 -0.012086 -0.303519 0.427452 0.697091
-0.239296 0.986675 -0.0584435 -0.949802 0.0205975 -0.312171 0.465585 0.69632
-0.242967 0.952645 -0.0459566 -0.998221 0.0205117 -0.0559839 0.438814 0.692094
-0.234588 0.871937 -0.064054 -0.885975 -0.0460138 -0.461444 0.0890167 0.640218
-0.233511 0.93975 -0.0702314 -0.886296 -0.0250821 -0.462439 0.0390625 0.632205
-0.242114 0.936355 -0.0492415 -0.952749 -0.012086 -0.303519 0.040381 0.649218
-0.242114 0.936355 -0.0492415 -0.952749 -0.012086 -0.303519 0.56218 0.278238
-0.242967 0.952645 -0.0459566 -0.998221 0.0205117 -0.0559839 0.550153 0.281278
-0.243045 0.883968 -0.0437083 -0.989592 -0.0147301 -0.143147 0.601535 0.280532
-0.238856 0.840003 -0.0505695 -0.928407 -0.0601412 -0.366666 0.11183 0.652277
-0.243045 0.883968 -0.0437083 -0.989592 -0.0147301 -0.143147 0.078915 0.655962
-0.241422 0.828622 -0.0375142 -0.996491 -0.0446544 -0.0707886 0.119575 0.66263
-0.238019 0.782634 -0.0209017 -0.987807 -0.0524541 0.146577 0.678279 0.295627
-0.227468 0.816929 0.0307198 -0.951482 -0.0322275 0.306013 0.653457 0.335368
-0.230692 0.762662 0.00824547 -0.967747 -0.0717132 0.241501 0.693438 0.317868
-0.220076 1.02344 0.0295601 -0.820099 0.152961 0.551398 0.458688 0.128405
-0.217358 1.07417 0.0143533 -0.891667 0.192805 0.40958 0.419763 0.128027
-0.209661 1.09756 0.0165977 -0.742149 0.283779 0.607194 0.404266 0.136328
-0.201876 1.07525 0.0313897 -0.553278 0.246315 0.795746 0.423054 0.145176
-0.220076 1.02344 0.0295601 -0.820099 0.152961 0.551398 0.458688 0.128405
-0.209661 1.09756 0.0165977 -0.742149 0.283779 0.607194 0.404266 0.136328
-0.220076 1.02344 0.0295601 -0.820099 0.152961 0.551398 0.458688 0.128405
-0.203301 1.00448 0.0472727 -0.530345 0.160443 0.832461 0.475688 0.144659
-0.218279 0.933994 0.0476146 -0.688248 0.111286 0.716889 0.525962 0.12724
-0.223337 0.891807 0.0457711 -0.869888 0.0316292 0.492234 0.598472 0.349159
-0.223993 0.933924 0.0401864 -0.891963 0.064969 0.447416 0.567012 0.346982
-0.218279 0.933994 0.0476146 -0.688248 0.111286 0.716889 0.567275 0.353984
-0.218279 0.933994 0.0476146 -0.688248 0.111286 0.716889 0.567275 0.353984
-0.207434 0.933039 0.0556669 -0.519619 0.134664 0.843719 0.568182 0.364224
-0.213958 0.894979 0.0558772 -0.617508 0.0749678 0.782984 0.596555 0.359437
-0.215584 0.834351 0.0576682 -0.745037 -0.00273224 0.667017 0.64134 0.357754
-0.223337 0.891807 0.0457711 -0.869888 0.0316292 0.492234 0.598472 0.349159
-0.213958 0.894979 0.0558772 -0.617508 0.0749678 0.782984 0.596555 0.359437
-0.173257 0.59583 -0.111635 -0.642898 -0.0563721 -0.763875 0.298466 0.605546
-0.195421 0.62371 -0.0907099 -0.775434 -0.0703001 -0.627503 0.275249 0.625351
-0.178934 0.551236 -0.102406 -0.737229 -0.0939427 -0.66908 0.330456 0.617755
-0.202093 0.722897 -0.0937111 -0.745417 -0.0605539 -0.663842 0.201956 0.61807
-0.217612 0.820696 -0.0843079 -0.785985 -0.0626895 -0.615059 0.128552 0.623674
-0.22954 0.778649 -0.0612841 -0.861246 -0.0649966 -0.504014 0.157866 0.64563
-0.235631 0.749556 -0.0450001 -0.936739 -0.0794812 -0.340886 0.178176 0.660181
-0.220856 0.719652 -0.0670443 -0.845874 -0.076516 -0.527866 0.20192 0.642566
-0.22954 0.778649 -0.0612841 -0.861246 -0.0649966 -0.504014 0.157866 0.64563
-0.222082 0.611659 -0.0395474 -0.98838 -0.139883 -0.0594863 0.280057 0.669462
-0.219944 0.61287 -0.0492787 -0.933133 -0.11136 -0.34185 0.279655 0.661993
-0.235631 0.749556 -0.0450001 -0.936739 -0.0794812 -0.340886 0.178176 0.660181
-0.222082 0.611659 -0.0395474 -0.98838 -0.139883 -0.0594863 0.280057 0.669462
-0.20815 0.534291 -0.0385365 -0.978694 -0.202742 -0.0324776 0.33853 0.671544
-0.20938 0.550628 -0.0531306 -0.936772 -0.174787 -0.303162 0.326488 0.660548
-0.241209 0.856968 -0.0230179 -0.989275 -0.0166008 0.145122 0.622378 0.295043
-0.238019 0.782634 -0.0209017 -0.987807 -0.0524541 0.146577 0.678279 0.295627
-0.241422 0.828622 -0.0375142 -0.996491 -0.0446544 -0.0707886 0.643479 0.283621
-0.222082 0.611659 -0.0395474 -0.98838 -0.139883 -0.0594863 0.807859 0.285558
-0.228123 0.677268 -0.0203314 -0.977544 -0.11747 0.174955 0.75768 0.297635
-0.2203 0.60914 -0.0268092 -0.976019 -0.152122 0.155712 0.809354 0.295322
-0.235014 0.721865 -0.0340767 -0.994923 -0.100199 -0.00937919 0.724126 0.286271
-0.230692 0.762662 0.00824547 -0.967747 -0.0717132 0.241501 0.693438 0.317868
-0.228123 0.677268 -0.0203314 -0.977544 -0.11747 0.174955 0.75768 0.297635
-0.216818 0.75583 0.0514555 -0.885275 -0.0766452 0.458709 0.699084 0.351474
-0.204941 0.654521 0.050776 -0.873646 -0.126509 0.469828 0.774381 0.353427
-0.21963 0.710812 0.030323 -0.948877 -0.109427 0.296072 0.732358 0.335562
-0.21154 0.645279 0.0276752 -0.945528 -0.134161 0.296611 0.781395 0.335656
-0.21963 0.710812 0.030323 -0.948877 -0.109427 0.296072 0.732358 0.335562
-0.204941 0.654521 0.050776 -0.873646 -0.126509 0.469828 0.774381 0.353427
-0.186936 0.539235 0.044517 -0.85323 -0.178168 0.490158 0.860891 0.354817
-0.197042 0.645966 0.05967 -0.662497 -0.128405 0.737977 0.781007 0.362021
-0.181491 0.536635 0.0505123 -0.674403 -0.175512 0.7172 0.863073 0.360763
-0.197042 0.645966 0.05967 -0.662497 -0.128405 0.737977 0.781007 0.362021
-0.204941 0.654521 0.050776 -0.873646 -0.126509 0.469828 0.774381 0.353427
-0.216818 0.75583 0.0514555 -0.885275 -0.0766452 0.458709 0.699084 0.351474
-0.129298 0.462253 -0.132688 -0.553559 -0.0831174 -0.828652 0.0292969 0.890422
-0.139314 0.397689 -0.117414 -0.660709 -0.11747 -0.741394 0.0764026 0.909012
-0.091413 0.386882 -0.148523 -0.509297 -0.0771065 -0.85713 0.0883147 0.866655
-0.133705 0.240167 -0.0962062 -0.772261 -0.183735 -0.608157 0.196022 0.925759
-0.144997 0.288443 -0.0929244 -0.800787 -0.128628 -0.584975 0.158733 0.93185
-0.16276 0.294959 -0.065412 -0.926417 -0.162604 -0.339577 0.153935 0.955896
-0.155618 0.454497 -0.111545 -0.699839 -0.112279 -0.705421 0.404376 0.610472
-0.187409 0.519083 -0.0837996 -0.843984 -0.140301 -0.517693 0.352735 0.635365
-0.170544 0.452192 -0.0920734 -0.819119 -0.141517 -0.555892 0.404042 0.628734
-0.174266 0.369173 -0.0599017 -0.938071 -0.120144 -0.324942 0.0964102 0.961298
-0.16276 0.294959 -0.065412 -0.926417 -0.162604 -0.339577 0.153935 0.955896
-0.160173 0.334889 -0.0801241 -0.838006 -0.108816 -0.5347 0.122755 0.944269
-0.192132 0.472422 -0.0613151 -0.924155 -0.16885 -0.342678 0.386148 0.654881
-0.1997 0.511399 -0.053679 -0.930336 -0.165426 -0.327275 0.356513 0.660016
-0.194506 0.467911 -0.0456657 -0.977193 -0.203548 -0.0605134 0.389028 0.666769
-0.182877 0.416421 -0.052722 -0.966846 -0.183048 -0.178052 0.0603583 0.967608
-0.172833 0.398982 -0.0719078 -0.888408 -0.130069 -0.440242 0.073724 0.951796
-0.184935 0.445746 -0.0646453 -0.904109 -0.172221 -0.391059 0.0379474 0.959395
-0.172833 0.398982 -0.0719078 -0.888408 -0.130069 -0.440242 0.073724 0.951796
-0.159616 0.404128 -0.0954454 -0.798535 -0.13889 -0.585705 0.0703616 0.931257
-0.170544 0.452192 -0.0920734 -0.819119 -0.141517 -0.555892 0.033726 0.935757
-0.174266 0.369173 -0.0599017 -0.938071 -0.120144 -0.324942 0.0964102 0.961298
-0.172435 0.334816 -0.0506058 -0.984947 -0.150685 -0.0846928 0.123002 0.968237
-0.16276 0.294959 -0.065412 -0.926417 -0.162604 -0.339577 0.153935 0.955896
-0.20815 0.534291 -0.0385365 -0.978694 -0.202742 -0.0324776 0.33853 0.671544
-0.194506 0.467911 -0.0456657 -0.977193 -0.203548 -0.0605134 0.389028 0.666769
-0.1997 0.511399 -0.053679 -0.930336 -0.165426 -0.327275 0.356513 0.660016
-0.192132 0.472422 -0.0613151 -0.924155 -0.16885 -0.342678 0.386148 0.654881
-0.187409 0.519083 -0.0837996 -0.843984 -0.140301 -0.517693 0.352735 0.635365
-0.1997 0.511399 -0.053679 -0.930336 -0.165426 -0.327275 0.356513 0.660016
-0.194506 0.467911 -0.0456657 -0.977193 -0.203548 -0.0605134 0.389028 0.666769
-0.184935 0.445746 -0.0646453 -0.904109 -0.172221 -0.391059 0.40667 0.652179
-0.192132 0.472422 -0.0613151 -0.924155 -0.16885 -0.342678 0.386148 0.654881
-0.188619 0.440914 -0.0507746 -0.971046 -0.187321 -0.148257 0.845621 0.765348
-0.192016 0.466334 -0.0244374 -0.966312 -0.206956 0.153004 0.871925 0.756923
-0.186216 0.429193 -0.0353403 -0.979622 -0.186649 0.074184 0.843171 0.751023
-0.182877 0.416421 -0.052722 -0.966846 -0.183048 -0.178052 0.0603583 0.967608
-0.174266 0.369173 -0.0599017 -0.938071 -0.120144 -0.324942 0.0964102 0.961298
-0.172833 0.398982 -0.0719078 -0.888408 -0.130069 -0.440242 0.073724 0.951796
-0.179294 0.387678 -0.0478768 -0.988617 -0.138365 -0.0590828 0.810431 0.744761
-0.170072 0.333198 -0.0287981 -0.970376 -0.17138 0.170294 0.7801 0.713087
-0.172435 0.334816 -0.0506058 -0.984947 -0.150685 -0.0846928 0.773214 0.727917
-0.159326 0.268537 -0.0554996 -0.976151 -0.211297 -0.0498229 0.725649 0.705337
-0.172435 0.334816 -0.0506058 -0.984947 -0.150685 -0.0846928 0.773214 0.727917
-0.170072 0.333198 -0.0287981 -0.970376 -0.17138 0.170294 0.7801 0.713087
-0.178323 0.389177 -0.0222526 -0.975706 -0.160326 0.149308 0.820539 0.72841
-0.179294 0.387678 -0.0478768 -0.988617 -0.138365 -0.0590828 0.810431 0.744761
-0.182877 0.416421 -0.052722 -0.966846 -0.183048 -0.178052 0.828172 0.757942
-0.187164 0.481772 0.011384 -0.942039 -0.194827 0.273139 0.894524 0.73764
-0.178903 0.485717 0.0386691 -0.847481 -0.200622 0.491454 0.906431 0.719551
-0.17398 0.462878 0.036736 -0.805725 -0.228449 0.546459 0.890544 0.712266
-0.187164 0.481772 0.011384 -0.942039 -0.194827 0.273139 0.904913 0.332509
-0.1983 0.560661 0.0259809 -0.932197 -0.171276 0.318862 0.844952 0.338598
-0.186936 0.539235 0.044517 -0.85323 -0.178168 0.490158 0.860891 0.354817
-0.187164 0.481772 0.011384 -0.942039 -0.194827 0.273139 0.904913 0.332509
-0.186936 0.539235 0.044517 -0.85323 -0.178168 0.490158 0.860891 0.354817
-0.178903 0.485717 0.0386691 -0.847481 -0.200622 0.491454 0.901392 0.353783
-0.142174 0.265421 0.0182037 -0.870028 -0.209804 0.446131 0.752001 0.655334
-0.156883 0.338671 0.0208001 -0.895504 -0.190341 0.402298 0.801413 0.680674
-0.13911 0.310547 0.0373964 -0.651132 -0.172075 0.739201 0.788843 0.65647
-0.17398 0.462878 0.036736 -0.805725 -0.228449 0.546459 0.890544 0.712266
-0.168413 0.473734 0.0466084 -0.627603 -0.226889 0.744739 0.901265 0.707374
-0.151474 0.460541 0.0547366 -0.518495 -0.165831 0.838846 0.896006 0.690742
-0.166995 0.393207 0.0235085 -0.907549 -0.159139 0.388625 0.839025 0.698021
-0.176898 0.437336 0.0174141 -0.920498 -0.181531 0.34602 0.866846 0.717398
-0.162916 0.438277 0.040803 -0.739606 -0.164076 0.652734 0.875595 0.698411
-0.156883 0.338671 0.0208001 -0.895504 -0.190341 0.402298 0.801413 0.680674
-0.156642 0.37497 0.0361218 -0.765988 -0.159861 0.622662 0.83104 0.681858
-0.13911 0.310547 0.0373964 -0.651132 -0.172075 0.739201 0.788843 0.65647
-0.104907 0.153138 -0.0912728 -0.686147 -0.369514 -0.626627 0.265262 0.911236
-0.11607 0.194627 -0.0999477 -0.712662 -0.276777 -0.644599 0.231637 0.91476
-0.132804 0.194563 -0.0784843 -0.815399 -0.279031 -0.507214 0.23329 0.934591
-0.132804 0.194563 -0.0784843 -0.815399 -0.279031 -0.507214 0.23329 0.934591
-0.138636 0.192999 -0.0657125 -0.909323 -0.282678 -0.305327 0.23595 0.944646
-0.124752 0.147495 -0.0582585 -0.916735 -0.373281 -0.14233 0.274831 0.938845
-0.0436878 0.125257 -0.123703 -0.530535 -0.354273 -0.77008 0.283318 0.858958
-0.0274897 0.160527 -0.149315 -0.274243 -0.293692 -0.915716 0.255825 0.840826
-0.0829573 0.152977 -0.111922 -0.567577 -0.361898 -0.739518 0.263221 0.889224
-0.0984221 0.0981234 -0.062474 -0.763816 -0.463039 -0.449645 0.314183 0.915532
-0.0422192 0.0631163 -0.0904365 -0.569114 -0.405357 -0.715399 0.333945 0.865342
-0.083971 0.120325 -0.0910628 -0.610805 -0.41871 -0.672011 0.291329 0.896765
-0.0984221 0.0981234 -0.062474 -0.763816 -0.463039 -0.449645 0.314183 0.915532
-0.11848 0.145393 -0.0695877 -0.781015 -0.369258 -0.503652 0.274479 0.928996
-0.111606 0.120485 -0.0598018 -0.86836 -0.437581 -0.233397 0.296895 0.927454
-0.140343 0.192901 -0.0555179 -0.956132 -0.292462 -0.0166775 0.674385 0.671247
-0.138636 0.192999 -0.0657125 -0.909323 -0.282678 -0.305327 0.669398 0.677089
-0.150617 0.235402 -0.0629969 -0.949077 -0.238589 -0.205738 0.69879 0.69567
-0.0868454 0.0727389 -0.0508459 -0.878609 -0.461277 -0.123571 0.337993 0.910617
-0.068758 0.0349145 -0.0477991 -0.827715 -0.514673 -0.223606 0.367736 0.893109
-0.0799646 0.0659596 -0.0587268 -0.738473 -0.424849 -0.523604 0.340551 0.901395
-0.0799646 0.0659596 -0.0587268 -0.738473 -0.424849 -0.523604 0.340551 0.901395
-0.068758 0.0349145 -0.0477991 -0.827715 -0.514673 -0.223606 0.367736 0.893109
-0.0631542 0.0330355 -0.0589299 -0.719522 -0.47123 -0.510128 0.364373 0.884472
-0.102617 0.103444 -0.0364389 -0.893874 -0.437467 0.0980398 0.627282 0.61057
-0.111606 0.120485 -0.0598018 -0.86836 -0.437581 -0.233397 0.625345 0.633485
-0.124752 0.147495 -0.0582585 -0.916735 -0.373281 -0.14233 0.643575 0.648916
-0.0984221 0.0981234 -0.062474 -0.763816 -0.463039 -0.449645 0.314183 0.915532
-0.111606 0.120485 -0.0598018 -0.86836 -0.437581 -0.233397 0.296895 0.927454
-0.0868454 0.0727389 -0.0508459 -0.878609 -0.461277 -0.123571 0.337993 0.910617
-0.102617 0.103444 -0.0364389 -0.893874 -0.437467 0.0980398 0.627282 0.61057
-0.124752 0.147495 -0.0582585 -0.916735 -0.373281 -0.14233 0.643575 0.648916
-0.125945 0.161523 -0.0267024 -0.9244 -0.344062 0.164639 0.667232 0.638404
-0.150352 0.231985 -0.0517273 -0.969287 -0.243435 0.034974 0.701968 0.687455
-0.159326 0.268537 -0.0554996 -0.976151 -0.211297 -0.0498229 0.725649 0.705337
-0.153414 0.258174 -0.0225821 -0.954817 -0.223833 0.195508 0.731608 0.680276
-0.142072 0.208154 -0.0337305 -0.950671 -0.271544 0.149961 0.693972 0.665406
-0.150352 0.231985 -0.0517273 -0.969287 -0.243435 0.034974 0.701968 0.687455
-0.153414 0.258174 -0.0225821 -0.954817 -0.223833 0.195508 0.731608 0.680276
-0.0289478 0.0176829 -0.0779493 -0.424288 -0.568594 -0.704755 0.366779 0.854623
-0.0114708 0.00935748 -0.0836685 -0.0584859 -0.849069 -0.525035 0.368502 0.842062
-0.0422192 0.0631163 -0.0904365 -0.569114 -0.405357 -0.715399 0.333945 0.865342
-0.0486002 0.010019 -0.0455332 -0.509561 -0.852435 -0.117058 0.572234 0.542668
-0.068758 0.0349145 -0.0477991 -0.827715 -0.514673 -0.223606 0.581689 0.568873
-0.0684452 0.0306576 -0.0328512 -0.81332 -0.573523 0.0978914 0.58965 0.561172
-0.0684452 0.0306576 -0.0328512 -0.81332 -0.573523 0.0978914 0.58965 0.561172
-0.068758 0.0349145 -0.0477991 -0.827715 -0.514673 -0.223606 0.581689 0.568873
-0.0868454 0.0727389 -0.0508459 -0.878609 -0.461277 -0.123571 0.600619 0.597445
-0.0905409 0.0875986 -0.0104754 -0.8582 -0.425856 0.286599 0.631535 0.586571
-0.0868454 0.0727389 -0.0508459 -0.878609 -0.461277 -0.123571 0.600619 0.597445
-0.102617 0.103444 -0.0364389 -0.893874 -0.437467 0.0980398 0.627282 0.61057
-0.0107098 0.00964831 -0.07196 0.138216 -0.976182 -0.167226 0.374961 0.841626
-0.042594 0.0107505 -0.0649261 -0.458347 -0.759069 -0.462312 0.375971 0.864538
-0.0176563 0.00565425 -0.0573008 0.0269964 -0.996522 -0.0788361 0.384854 0.846642
-0.0176563 0.00565425 -0.0573008 0.0269964 -0.996522 -0.0788361 0.384854 0.846642
-0.042594 0.0107505 -0.0649261 -0.458347 -0.759069 -0.462312 0.375971 0.864538
-0.0277214 0.00729243 -0.0434687 -0.0177066 -0.998095 0.0591062 0.394483 0.855288
-0.0470476 0.00813295 -0.030453 -0.469117 -0.865401 0.176096 0.582776 0.538607
-0.0486002 0.010019 -0.0455332 -0.509561 -0.852435 -0.117058 0.572234 0.542668
-0.0576906 0.0227498 -0.0239322 -0.630738 -0.64926 0.425007 0.591948 0.549481
-0.0576906 0.0227498 -0.0239322 -0.630738 -0.64926 0.425007 0.591948 0.549481
-0.0684452 0.0306576 -0.0328512 -0.81332 -0.573523 0.0978914 0.58965 0.561172
-0.0702152 0.0456439 -0.0134883 -0.704341 -0.521057 0.482083 0.608153 0.561906
-0.127112 0.202229 0.0156713 -0.844702 -0.256182 0.469945 0.710575 0.631204
-0.112635 0.179388 0.0250897 -0.638036 -0.296681 0.710556 0.700617 0.613006
-0.11689 0.154621 0.00255203 -0.862307 -0.355425 0.360694 0.676287 0.617145
-0.127112 0.202229 0.0156713 -0.844702 -0.256182 0.469945 0.710575 0.631204
-0.12646 0.233502 0.0290098 -0.695781 -0.198826 0.690187 0.735578 0.633832
-0.112635 0.179388 0.0250897 -0.638036 -0.296681 0.710556 0.700617 0.613006
0.00364304 0.0111437 -0.0566249 0.472327 -0.863735 -0.175695 0.383367 0.829549
-0.0107098 0.00964831 -0.07196 0.138216 -0.976182 -0.167226 0.374961 0.841626
-0.0176563 0.00565425 -0.0573008 0.0269964 -0.996522 -0.0788361 0.384854 0.846642
-0.0107098 0.00964831 -0.07196 0.138216 -0.976182 -0.167226 0.374961 0.841626
0.0122452 0.0231656 -0.0674387 0.747743 -0.490163 -0.447908 0.371162 0.821537
-0.00529671 0.0119311 -0.0829473 0.543811 -0.667956 -0.50804 0.368085 0.838646
-0.0277214 0.00729243 -0.0434687 -0.0177066 -0.998095 0.0591062 0.394483 0.855288
2.47955e-05 0.00986379 -0.0404539 0.290282 -0.944573 0.153358 0.395581 0.830144
-0.0176563 0.00565425 -0.0573008 0.0269964 -0.996522 -0.0788361 0.384854 0.846642
-0.0436115 0.0239101 -0.0117996 -0.429876 -0.552763 0.713905 0.600029 0.538859
-0.0236902 0.0207219 -0.00593853 0.0427472 -0.621959 0.781882 0.602899 0.524397
-0.0392866 0.00895974 -0.0195868 -0.254627 -0.8317 0.493396 0.589487 0.533336
-0.0563936 0.100667 0.0198653 -0.244368 -0.347847 0.905145 0.656001 0.558686
-0.0421467 0.0411304 0.00114775 -0.272597 -0.443777 0.85367 0.615206 0.539654
-0.0709963 0.0600779 -0.00170565 -0.571824 -0.431246 0.697886 0.621398 0.563367
-0.0964499 0.141632 0.0191307 -0.503317 -0.364481 0.78347 0.676307 0.595281
-0.0751276 0.0977339 0.0116143 -0.422667 -0.339694 0.840214 0.648735 0.572469
-0.100836 0.125402 0.0064702 -0.719875 -0.399457 0.567639 0.660951 0.597666
-0.0709963 0.0600779 -0.00170565 -0.571824 -0.431246 0.697886 0.621398 0.563367
-0.100836 0.125402 0.0064702 -0.719875 -0.399457 0.567639 0.660951 0.597666
-0.0751276 0.0977339 0.0116143 -0.422667 -0.339694 0.840214 0.648735 0.572469
-0.11689 0.154621 0.00255203 -0.862307 -0.355425 0.360694 0.676287 0.617145
-0.112635 0.179388 0.0250897 -0.638036 -0.296681 0.710556 0.700617 0.613006
-0.100836 0.125402 0.0064702 -0.719875 -0.399457 0.567639 0.660951 0.597666
0.131469 1.43263 -0.325983 -0.285187 0.164066 -0.944325 0.912525 0.827174
0.125528 1.45053 -0.318828 -0.570101 0.538422 -0.620553 0.899192 0.819892
0.106405 1.43777 -0.31488 -0.52361 0.425178 -0.738279 0.894805 0.837012
0.0875854 1.43284 -0.26884 -0.397582 0.857004 0.32783 0.862521 0.854292
0.0973406 1.43841 -0.304144 -0.673752 0.641552 -0.366701 0.886139 0.842206
0.116472 1.45686 -0.292194 -0.249707 0.92641 0.281798 0.877244 0.822342
0.174602 1.45295 -0.333942 -0.0452593 -0.0276095 -0.998594 0.931174 0.796203
0.149576 1.46375 -0.337519 -0.241539 0.458096 -0.855457 0.912908 0.80186
0.159332 1.4402 -0.32858 -0.116004 -0.10746 -0.987419 0.927886 0.811539
0.193891 1.45551 -0.336506 0.816964 0.300695 -0.492089 0.941933 0.786273
0.159332 1.4402 -0.32858 -0.116004 -0.10746 -0.987419 0.927886 0.811539
0.166245 1.42365 -0.330133 0.231149 -0.24434 -0.941737 0.939182 0.818972
0.138705 1.44936 -0.328053 -0.398945 -0.0943219 -0.912111 0.910789 0.81469
0.131469 1.43263 -0.325983 -0.285187 0.164066 -0.944325 0.912525 0.827174
0.159332 1.4402 -0.32858 -0.116004 -0.10746 -0.987419 0.927886 0.811539
0.0856009 1.38814 -0.234131 0.54965 0.257546 0.794704 0.0629131 0.139267
0.0709324 1.40375 -0.234378 0.249369 0.621147 0.742962 0.0472997 0.136156
0.0961771 1.42665 -0.260257 0.227437 0.608402 0.760342 0.0415074 0.16768
0.165967 1.4077 -0.309271 0.683859 -0.729178 0.0252133 0.953323 0.835774
0.1686 1.41336 -0.306016 0.842675 -0.169831 0.510936 0.957164 0.832631
0.178991 1.42951 -0.325517 0.86562 -0.446896 0.2258 0.948189 0.811545
0.1686 1.41336 -0.306016 0.842675 -0.169831 0.510936 0.0762932 0.222247
0.145497 1.42697 -0.289931 0.561386 0.319529 0.763379 0.0590487 0.20668
0.159081 1.45346 -0.314744 0.510587 0.230122 0.828459 0.0466071 0.232779
0.124867 1.42209 -0.275045 0.501938 0.352699 0.789723 0.054855 0.187887
0.104692 1.39001 -0.249293 0.626488 0.144131 0.765989 0.0684711 0.156583
0.0961771 1.42665 -0.260257 0.227437 0.608402 0.760342 0.0415074 0.16768
0.0961771 1.42665 -0.260257 0.227437 0.608402 0.760342 0.0415074 0.16768
0.124919 1.45971 -0.297325 -0.0321548 0.946137 0.322166 0.0298994 0.208878
0.124867 1.42209 -0.275045 0.501938 0.352699 0.789723 0.054855 0.187887
0.0856009 1.38814 -0.234131 0.54965 0.257546 0.794704 0.0629131 0.139267
0.0961771 1.42665 -0.260257 0.227437 0.608402 0.760342 0.0415074 0.16768
0.104692 1.39001 -0.249293 0.626488 0.144131 0.765989 0.0684711 0.156583
0.0756989 1.35236 -0.264546 0.446066 -0.833106 -0.327047 0.914316 0.915434
0.099287 1.36437 -0.249796 0.722225 -0.658949 0.210184 0.937041 0.910536
0.123385 1.38338 -0.274177 0.597222 -0.797411 0.0863823 0.944129 0.882347
0.145497 1.42697 -0.289931 0.561386 0.319529 0.763379 0.0590487 0.20668
0.131856 1.39879 -0.272979 0.659629 0.0208451 0.751303 0.0726114 0.183943
0.124867 1.42209 -0.275045 0.501938 0.352699 0.789723 0.054855 0.187887
0.131856 1.39879 -0.272979 0.659629 0.0208451 0.751303 0.0726114 0.183943
0.14161 1.39674 -0.283699 0.715908 -0.487871 0.499457 0.0781128 0.193337
0.117216 1.38296 -0.261933 0.750821 -0.323527 0.575845 0.0783786 0.166855
0.117216 1.38296 -0.261933 0.750821 -0.323527 0.575845 0.0783786 0.166855
0.104692 1.39001 -0.249293 0.626488 0.144131 0.765989 0.0684711 0.156583
0.131856 1.39879 -0.272979 0.659629 0.0208451 0.751303 0.0726114 0.183943
0.0825014 1.35994 -0.229366 0.730761 -0.0797051 0.677964 0.080772 0.127535
0.117216 1.38296 -0.261933 0.750821 -0.323527 0.575845 0.0783786 0.166855
0.099287 1.36437 -0.249796 0.722225 -0.658949 0.210184 0.0856033 0.146965
0.0424681 1.40039 -0.237567 -0.457996 0.880292 0.123799 0.0316785 0.121259
0.0724449 1.41316 -0.245941 -0.126273 0.802745 0.582799 0.0402405 0.144799
0.0345182 1.38419 -0.207761 0.00477748 0.800874 0.598813 0.0462059 0.0995361
0.0345182 1.38419 -0.207761 0.00477748 0.800874 0.598813 0.0462059 0.0995361
0.0724449 1.41316 -0.245941 -0.126273 0.802745 0.582799 0.0402405 0.144799
0.0709324 1.40375 -0.234378 0.249369 0.621147 0.742962 0.0472997 0.136156
0.0424681 1.40039 -0.237567 -0.457996 0.880292 0.123799 0.848498 0.900095
0.013917 1.38305 -0.214847 -0.282825 0.937981 0.200501 0.834494 0.925433
0.0147963 1.3842 -0.224201 -0.578547 0.796856 -0.17408 0.841421 0.924227
0.0410261 1.30675 -0.219181 0.71488 -0.550079 -0.431694 0.747967 0.908884
0.0377398 1.28965 -0.208101 0.801342 -0.344161 -0.489289 0.733062 0.913036
0.0516825 1.30258 -0.188978 0.994946 -0.0996924 0.0119545 0.740543 0.931784
0.0123329 1.25747 -0.223481 0.66903 -0.309874 -0.675557 0.709234 0.890938
0.0377398 1.28965 -0.208101 0.801342 -0.344161 -0.489289 0.733062 0.913036
0.0231056 1.30251 -0.235865 0.57917 -0.487348 -0.653494 0.745282 0.890322
0.0345182 1.38419 -0.207761 0.00477748 0.800874 0.598813 0.0462059 0.0995361
-0.0103884 1.37334 -0.194913 -0.176223 0.978739 0.104955 0.0298105 0.0678498
0.013917 1.38305 -0.214847 -0.282825 0.937981 0.200501 0.0318979 0.091693
-0.143249 1.29542 -0.0647087 -0.51793 0.695722 0.497715 0.249518 0.173801
-0.156697 1.28333 -0.064605 -0.750714 0.592985 0.291198 0.256584 0.163085
-0.128181 1.32471 -0.0974722 -0.645216 0.741041 0.185889 0.217389 0.180016
-0.110737 1.32485 -0.0802692 -0.311254 0.789899 0.528376 0.22539 0.195521
-0.122118 1.30674 -0.0633898 -0.3449 0.721737 0.600117 0.243134 0.189343
-0.143249 1.29542 -0.0647087 -0.51793 0.695722 0.497715 0.249518 0.173801
0.0508862 1.32587 -0.233851 0.573217 -0.747022 -0.33672 0.911648 0.950797
0.099287 1.36437 -0.249796 0.722225 -0.658949 0.210184 0.937041 0.910536
0.0756989 1.35236 -0.264546 0.446066 -0.833106 -0.327047 0.914316 0.915434
0.0466108 1.38564 -0.210544 0.278691 0.565272 0.776401 0.0507008 0.107608
0.0328093 1.36469 -0.192717 0.533312 0.410868 0.739436 0.0593629 0.0861767
0.0345182 1.38419 -0.207761 0.00477748 0.800874 0.598813 0.0462059 0.0995361
0.0547314 1.3164 -0.201697 0.903571 -0.428369 -0.0077178 0.753428 0.926008
0.0410261 1.30675 -0.219181 0.71488 -0.550079 -0.431694 0.747967 0.908884
0.0516825 1.30258 -0.188978 0.994946 -0.0996924 0.0119545 0.740543 0.931784
0.0328093 1.36469 -0.192717 0.533312 0.410868 0.739436 0.0593629 0.0861767
0.0143309 1.3599 -0.174977 0.564535 0.535469 0.628151 0.0565481 0.0670121
0.00265026 1.36603 -0.172004 0.283628 0.83907 0.464237 0.0486126 0.0610405
0.0328093 1.36469 -0.192717 0.533312 0.410868 0.739436 0.0593629 0.0861767
0.0466108 1.38564 -0.210544 0.278691 0.565272 0.776401 0.0507008 0.107608
0.0495176 1.34955 -0.199308 0.608752 0.252372 0.75215 0.0753338 0.0937224
-0.110737 1.32485 -0.0802692 -0.311254 0.789899 0.528376 0.22539 0.195521
-0.106359 1.34453 -0.114486 -0.505401 0.842098 0.188257 0.19798 0.194355
-0.0895052 1.34736 -0.108363 -0.193913 0.890107 0.412442 0.199037 0.207417
0.099287 1.36437 -0.249796 0.722225 -0.658949 0.210184 0.937041 0.910536
0.0710049 1.34016 -0.230796 0.662012 -0.746239 -0.0697663 0.926317 0.939134
0.0706043 1.34084 -0.220574 0.85094 -0.48632 0.198479 0.931924 0.943901
0.0825014 1.35994 -0.229366 0.730761 -0.0797051 0.677964 0.080772 0.127535
0.0856009 1.38814 -0.234131 0.54965 0.257546 0.794704 0.0629131 0.139267
0.104692 1.39001 -0.249293 0.626488 0.144131 0.765989 0.0684711 0.156583
0.0856009 1.38814 -0.234131 0.54965 0.257546 0.794704 0.0629131 0.139267
0.0825014 1.35994 -0.229366 0.730761 -0.0797051 0.677964 0.080772 0.127535
0.0495176 1.34955 -0.199308 0.608752 0.252372 0.75215 0.0753338 0.0937224
0.0550547 1.32346 -0.196701 0.853787 -0.00480839 0.520601 0.0945424 0.0881543
0.0706043 1.34084 -0.220574 0.85094 -0.48632 0.198479 0.0901996 0.112374
0.0547314 1.3164 -0.201697 0.903571 -0.428369 -0.0077178 0.101066 0.0892572
0.0467806 1.30623 -0.178289 0.877079 0.227193 0.423221 0.172301 0.329045
0.0516825 1.30258 -0.188978 0.994946 -0.0996924 0.0119545 0.16807 0.337082
0.0481777 1.26353 -0.160807 0.98683 0.0139813 0.161153 0.207295 0.344904
0.00265026 1.36603 -0.172004 0.283628 0.83907 0.464237 0.146338 0.272209
0.0143309 1.3599 -0.174977 0.564535 0.535469 0.628151 0.147448 0.284167
0.00667572 1.34872 -0.155157 0.654645 0.575277 0.490405 0.16472 0.279954
0.0322809 1.16659 -0.138032 0.912437 -0.286285 -0.292403 0.630822 0.943912
0.0239859 1.16572 -0.15666 0.841206 -0.319972 -0.435879 0.63267 0.928964
0.0077877 1.1299 -0.159125 0.77894 -0.344319 -0.524115 0.605319 0.917248
-0.0494452 1.34568 -0.0977734 0.16601 0.820109 0.547596 0.202708 0.236913
-0.0661373 1.328 -0.0711941 0.080528 0.74706 0.659861 0.22554 0.227583
-0.0645704 1.3416 -0.0910919 -0.071422 0.860458 0.504491 0.209113 0.226931
0.0421572 1.20739 -0.131683 0.981442 -0.0508121 0.184904 0.260415 0.353907
0.0448837 1.26599 -0.151856 0.924403 0.13422 0.357021 0.211105 0.337985
0.0481777 1.26353 -0.160807 0.98683 0.0139813 0.161153 0.207295 0.344904
0.0315905 1.27882 -0.126712 0.86905 0.233019 0.436411 0.217168 0.31633
0.0186253 1.29886 -0.116139 0.777021 0.385816 0.497377 0.211808 0.298082
0.0267191 1.31637 -0.148015 0.778801 0.458115 0.428485 0.184814 0.303852
0.0322809 1.16659 -0.138032 0.912437 -0.286285 -0.292403 0.630822 0.943912
0.0460787 1.2431 -0.158521 0.971054 -0.179579 -0.1575 0.691551 0.94416
0.0380411 1.23687 -0.176519 0.869299 -0.276853 -0.409477 0.689362 0.929048
0.0267191 1.31637 -0.148015 0.778801 0.458115 0.428485 0.184814 0.303852
0.0186253 1.29886 -0.116139 0.777021 0.385816 0.497377 0.211808 0.298082
-0.000858307 1.32387 -0.112176 0.636128 0.554511 0.536525 0.201872 0.276505
-0.0106163 1.29362 -0.0768765 0.619094 0.428306 0.658237 0.236378 0.272911
-0.0250912 1.3359 -0.10196 0.471363 0.64671 0.599652 0.203093 0.255944
-0.000858307 1.32387 -0.112176 0.636128 0.554511 0.536525 0.201872 0.276505
-0.0661373 1.328 -0.0711941 0.080528 0.74706 0.659861 0.22554 0.227583
-0.0250912 1.3359 -0.10196 0.471363 0.64671 0.599652 0.203093 0.255944
-0.0391655 1.31069 -0.0676024 0.423508 0.570454 0.703721 0.23385 0.248698
0.0448837 1.26599 -0.151856 0.924403 0.13422 0.357021 0.211105 0.337985
0.0421572 1.20739 -0.131683 0.981442 -0.0508121 0.184904 0.260415 0.353907
0.0245905 1.24201 -0.0998328 0.854135 0.121027 0.505773 0.253922 0.317709
0.0186253 1.29886 -0.116139 0.777021 0.385816 0.497377 0.211808 0.298082
0.0113621 1.26862 -0.0884747 0.767529 0.248633 0.59083 0.243379 0.297367
-0.0106163 1.29362 -0.0768765 0.619094 0.428306 0.658237 0.236378 0.272911
0.0113621 1.26862 -0.0884747 0.767529 0.248633 0.59083 0.243379 0.297367
0.0186253 1.29886 -0.116139 0.777021 0.385816 0.497377 0.211808 0.298082
0.0315905 1.27882 -0.126712 0.86905 0.233019 0.436411 0.217168 0.31633
0.0308256 1.18931 -0.105131 0.89874 0.0183583 0.438098 0.286429 0.343046
0.0246749 1.11542 -0.0953914 0.962 -0.0639642 0.26545 0.346016 0.359464
0.0177712 1.1297 -0.07858 0.893157 0.0188347 0.44935 0.341445 0.342386
-0.0262642 1.25521 -0.0442954 0.60735 0.290523 0.739406 0.273796 0.266595
0.0113621 1.26862 -0.0884747 0.767529 0.248633 0.59083 0.243379 0.297367
-0.00991154 1.23665 -0.0541544 0.722447 0.176168 0.668606 0.2799 0.284608
-0.0496931 1.27063 -0.0355639 0.420548 0.436322 0.795464 0.270245 0.246153
-0.075736 1.27621 -0.0291157 0.210457 0.51705 0.829679 0.271675 0.226969
-0.070735 1.30759 -0.0522461 0.187143 0.612399 0.768079 0.24467 0.226746
-0.0496931 1.27063 -0.0355639 0.420548 0.436322 0.795464 0.270245 0.246153
-0.0106163 1.29362 -0.0768765 0.619094 0.428306 0.658237 0.236378 0.272911
-0.0262642 1.25521 -0.0442954 0.60735 0.290523 0.739406 0.273796 0.266595
-0.0279503 1.19889 -0.0258014 0.676532 0.196124 0.709817 0.316097 0.274548
-0.00991154 1.23665 -0.0541544 0.722447 0.176168 0.668606 0.2799 0.284608
0.0140839 1.18793 -0.0760612 0.827218 0.0758049 0.556744 0.301116 0.321642
-0.00491333 0.986946 -0.108892 0.846249 -0.12771 -0.517254 0.49185 0.929998
-0.0243254 1.01441 -0.14326 0.736287 -0.193126 -0.648524 0.515233 0.902491
-0.0250378 0.967442 -0.133025 0.742217 -0.135238 -0.656372 0.479288 0.90542
0.0223932 1.09564 -0.0967074 0.980695 -0.164153 -0.106262 0.570988 0.95857
0.00797701 1.00724 -0.0888463 0.920774 -0.129753 -0.367884 0.504899 0.949315
0.0140014 1.02342 -0.0757961 0.974891 -0.137397 -0.175242 0.51527 0.961771
0.0246749 1.11542 -0.0953914 0.962 -0.0639642 0.26545 0.584995 0.963435
0.0140014 1.02342 -0.0757961 0.974891 -0.137397 -0.175242 0.51527 0.961771
0.0128055 1.00296 -0.0621725 0.978548 0.00981601 0.205786 0.498713 0.969119
0.00797701 1.00724 -0.0888463 0.920774 -0.129753 -0.367884 0.504899 0.949315
0.0125923 0.957448 -0.0623563 0.987052 -0.0358026 -0.156354 0.465572 0.964453
0.0140014 1.02342 -0.0757961 0.974891 -0.137397 -0.175242 0.51527 0.961771
0.00412965 0.909233 -0.0785059 0.909871 -0.0444466 -0.412504 0.431517 0.946989
0.0125923 0.957448 -0.0623563 0.987052 -0.0358026 -0.156354 0.465572 0.964453
0.00797701 1.00724 -0.0888463 0.920774 -0.129753 -0.367884 0.504899 0.949315
0.0136793 0.905113 -0.0503402 0.999036 0.0132646 -0.0418446 0.892702 0.0815382
0.0126746 0.848939 -0.0375041 0.914411 0.072046 0.398324 0.851089 0.0922077
0.0126321 0.920824 -0.0480357 0.954527 0.052235 0.293513 0.904457 0.0830306
0.0128055 1.00296 -0.0621725 0.978548 0.00981601 0.205786 0.442353 0.359375
0.0126321 0.920824 -0.0480357 0.954527 0.052235 0.293513 0.506094 0.366325
0.00738525 0.995697 -0.0460191 0.910144 0.0524331 0.410961 0.451952 0.348554
-0.00613701 0.628053 -0.117418 0.722169 0.126505 -0.680051 0.294595 0.457013
0.020839 0.571764 -0.094641 0.835414 0.131071 -0.533763 0.339294 0.435149
0.0134634 0.652223 -0.0858574 0.836694 0.122726 -0.533743 0.279267 0.427928
0.00712013 0.823936 -0.0695602 0.895683 0.0217215 -0.444162 0.153188 0.406145
-0.0148356 0.823385 -0.106029 0.78791 -0.00329575 -0.615782 0.149379 0.43769
-0.0074386 0.774323 -0.0980579 0.804568 0.0456984 -0.5921 0.186703 0.434676
0.0276021 0.642807 -0.0612807 0.902349 0.118935 -0.414272 0.288078 0.40735
0.0134634 0.652223 -0.0858574 0.836694 0.122726 -0.533743 0.279267 0.427928
0.020839 0.571764 -0.094641 0.835414 0.131071 -0.533763 0.339294 0.435149
0.0144128 0.836211 -0.050167 0.969543 0.0252635 -0.243614 0.146288 0.389577
0.00712013 0.823936 -0.0695602 0.895683 0.0217215 -0.444162 0.153188 0.406145
0.0131064 0.767586 -0.0629652 0.89489 0.0626321 -0.44187 0.195356 0.405127
0.0237597 0.732011 -0.0437042 0.965458 0.0884645 -0.245082 0.223044 0.391693
0.0188155 0.702713 -0.0643559 0.895543 0.106789 -0.43197 0.243219 0.408977
0.0276021 0.642807 -0.0612807 0.902349 0.118935 -0.414272 0.288078 0.40735
0.0276021 0.642807 -0.0612807 0.902349 0.118935 -0.414272 0.288078 0.40735
0.0383573 0.61203 -0.0441878 0.952569 0.128226 -0.275989 0.312016 0.393901
0.0237597 0.732011 -0.0437042 0.965458 0.0884645 -0.245082 0.223044 0.391693
0.0383573 0.61203 -0.0441878 0.952569 0.128226 -0.275989 0.312016 0.393901
0.0403955 0.533024 -0.068279 0.907561 0.125942 -0.400589 0.370165 0.41308
0.0491993 0.52487 -0.0468441 0.963665 0.119873 -0.238705 0.37725 0.396202
0.0258753 0.717515 -0.0369806 0.990696 0.108982 0.0815141 0.752569 0.0916951
0.0281827 0.681257 -0.0307264 0.881412 0.108776 0.459654 0.725416 0.0962331
0.0126746 0.848939 -0.0375041 0.914411 0.072046 0.398324 0.851089 0.0922077
0.00700331 0.521641 -0.123553 0.716854 0.11309 -0.68799 0.374596 0.461606
0.00945854 0.441304 -0.131757 0.654766 0.0805517 -0.751527 0.434072 0.471085
0.0260534 0.446895 -0.114075 0.773081 0.0959767 -0.627004 0.431947 0.452692
0.00945854 0.441304 -0.131757 0.654766 0.0805517 -0.751527 0.0623095 0.77053
0.0103278 0.391063 -0.135963 0.624128 0.0757362 -0.777643 0.0989216 0.778253
0.0260534 0.446895 -0.114075 0.773081 0.0959767 -0.627004 0.0617725 0.751037
0.0522938 0.372321 -0.084328 0.892314 0.0801096 -0.44425 0.12265 0.730141
0.0607548 0.280222 -0.0821581 0.893989 0.0294277 -0.447122 0.192432 0.738449
0.0654898 0.315424 -0.0652276 0.93632 0.0737709 -0.343311 0.169119 0.720823
0.0491993 0.52487 -0.0468441 0.963665 0.119873 -0.238705 0.37725 0.396202
0.0549898 0.484267 -0.0389035 0.960554 0.11244 0.254347 0.407904 0.390561
0.0455115 0.566846 -0.03857 0.992414 0.122045 0.0148267 0.345974 0.389729
0.0537648 0.438897 -0.065375 0.924254 0.107182 -0.366424 0.441118 0.411517
0.0595422 0.447576 -0.043945 0.99248 0.106741 -0.0599087 0.435395 0.394711
0.0491993 0.52487 -0.0468441 0.963665 0.119873 -0.238705 0.37725 0.396202
0.0549898 0.484267 -0.0389035 0.960554 0.11244 0.254347 0.407904 0.390561
0.0491993 0.52487 -0.0468441 0.963665 0.119873 -0.238705 0.37725 0.396202
0.0595422 0.447576 -0.043945 0.99248 0.106741 -0.0599087 0.435395 0.394711
0.0537648 0.438897 -0.065375 0.924254 0.107182 -0.366424 0.075594 0.70926
0.0604978 0.399479 -0.0577004 0.947327 0.0854528 -0.308657 0.106325 0.706714
0.0595422 0.447576 -0.043945 0.99248 0.106741 -0.0599087 0.0720966 0.691592
0.068738 0.352821 -0.0436223 0.995388 0.0902182 -0.032617 0.143918 0.700284
0.0522938 0.372321 -0.084328 0.892314 0.0801096 -0.44425 0.12265 0.730141
0.0654898 0.315424 -0.0652276 0.93632 0.0737709 -0.343311 0.169119 0.720823
0.0595422 0.447576 -0.043945 0.99248 0.106741 -0.0599087 0.930029 0.489912
0.0617599 0.409885 -0.0363307 0.8983 0.0928945 0.42945 0.901264 0.487914
0.0549898 0.484267 -0.0389035 0.960554 0.11244 0.254347 0.955849 0.500807
0.0549898 0.484267 -0.0389035 0.960554 0.11244 0.254347 0.577268 0.0878538
0.0417542 0.485639 -0.0188392 0.818327 0.0838015 0.568611 0.579222 0.10566
0.0428636 0.578327 -0.0332037 0.906529 0.104833 0.408919 0.647909 0.0926626
0.0578837 0.327316 -0.0207839 0.808523 0.0480443 0.5865 0.837726 0.486577
0.0617599 0.409885 -0.0363307 0.8983 0.0928945 0.42945 0.901264 0.487914
0.0731878 0.29287 -0.0406268 0.965692 0.0404266 0.256525 0.814248 0.463479
0.0532198 0.171313 -0.0811983 0.869731 -0.206872 -0.448076 0.271826 0.762773
0.0637646 0.165424 -0.0505475 0.963317 -0.2116 -0.165065 0.285347 0.742545
0.0656881 0.196643 -0.062 0.941951 -0.128517 -0.310179 0.259118 0.740817
0.0391579 0.0869372 -0.0547757 0.888297 -0.294544 -0.35238 0.3387 0.779889
0.0193825 0.0529407 -0.0695133 0.827309 -0.240902 -0.507471 0.353714 0.808133
0.0339565 0.065783 -0.0490863 0.956846 -0.280545 -0.0757694 0.356124 0.787164
0.0656881 0.196643 -0.062 0.941951 -0.128517 -0.310179 0.259118 0.740817
0.0685396 0.239365 -0.0643102 0.948615 -0.0271808 -0.315262 0.226812 0.731906
0.0571375 0.214441 -0.0871471 0.878158 -0.0820635 -0.47128 0.239426 0.754609
0.0514259 0.117515 -0.0391064 0.929737 -0.314454 0.191592 0.675451 0.462883
0.0339565 0.065783 -0.0490863 0.956846 -0.280545 -0.0757694 0.63163 0.466531
0.0313416 0.0897319 -0.0254397 0.736635 -0.279674 0.615753 0.653509 0.480854
0.0313416 0.0897319 -0.0254397 0.736635 -0.279674 0.615753 0.653509 0.480854
0.0339565 0.065783 -0.0490863 0.956846 -0.280545 -0.0757694 0.63163 0.466531
0.028574 0.0480395 -0.0416656 0.766185 0.0108145 0.642529 0.618492 0.475062
0.0734482 0.244402 -0.0395316 0.971749 -0.0234653 0.234848 0.228622 0.712965
0.0727711 0.286564 -0.0481224 0.979443 0.0281147 -0.199751 0.194391 0.71145
0.0685396 0.239365 -0.0643102 0.948615 -0.0271808 -0.315262 0.226812 0.731906
0.0679083 0.192421 -0.0377465 0.921145 -0.144042 0.361584 0.269289 0.725108
0.0724192 0.214322 -0.0422215 0.987832 -0.0867073 0.129109 0.251222 0.721738
0.0637646 0.165424 -0.0505475 0.963317 -0.2116 -0.165065 0.285347 0.742545
0.0510368 0.12458 -0.0555406 0.918019 -0.275238 -0.285456 0.312455 0.762957
0.0514259 0.117515 -0.0391064 0.929737 -0.314454 0.191592 0.323641 0.755448
0.0637646 0.165424 -0.0505475 0.963317 -0.2116 -0.165065 0.285347 0.742545
0.0654898 0.315424 -0.0652276 0.93632 0.0737709 -0.343311 0.169119 0.720823
0.0607548 0.280222 -0.0821581 0.893989 0.0294277 -0.447122 0.192432 0.738449
0.0727711 0.286564 -0.0481224 0.979443 0.0281147 -0.199751 0.194391 0.71145
0.0734482 0.244402 -0.0395316 0.971749 -0.0234653 0.234848 0.776815 0.458431
0.0679083 0.192421 -0.0377465 0.921145 -0.144042 0.361584 0.735813 0.457945
0.05651 0.244089 -0.0166892 0.783848 -0.0302048 0.620218 0.774564 0.47933
-0.117766 1.28496 -0.0386698 -0.287848 0.648241 0.704931 0.265347 0.19574
-0.146577 1.26926 -0.0386469 -0.457616 0.612574 0.644469 0.275411 0.175134
-0.143249 1.29542 -0.0647087 -0.51793 0.695722 0.497715 0.249518 0.173801
-0.195431 1.16337 -0.00138283 -0.666066 0.365886 0.649987 0.355115 0.144398
-0.189108 1.12235 0.0215888 -0.494427 0.320807 0.807852 0.388615 0.153287
-0.209661 1.09756 0.0165977 -0.742149 0.283779 0.607194 0.404266 0.136328
-0.209661 1.09756 0.0165977 -0.742149 0.283779 0.607194 0.404266 0.136328
-0.200053 1.17192 -0.0131645 -0.8445 0.369975 0.387218 0.345926 0.137823
-0.195431 1.16337 -0.00138283 -0.666066 0.365886 0.649987 0.355115 0.144398
-0.124823 1.23739 -0.00448155 -0.264413 0.495499 0.827386 0.305726 0.195647
-0.108688 1.24957 -0.00778794 -0.0480271 0.51605 0.855211 0.296624 0.206332
-0.122648 1.18941 0.0201871 -0.0167262 0.377714 0.925771 0.342629 0.201268
-0.0920258 1.29711 -0.0414832 -0.0729252 0.658865 0.748718 0.256295 0.213227
-0.075736 1.27621 -0.0291157 0.210457 0.51705 0.829679 0.271675 0.226969
-0.108688 1.24957 -0.00778794 -0.0480271 0.51605 0.855211 0.296624 0.206332
-0.137634 1.1625 0.0287986 -0.169573 0.336008 0.926468 0.362742 0.19219
-0.138792 1.19911 0.0121474 -0.292314 0.435051 0.851636 0.335029 0.188466
-0.122648 1.18941 0.0201871 -0.0167262 0.377714 0.925771 0.342629 0.201268
-0.0279503 1.19889 -0.0258014 0.676532 0.196124 0.709817 0.316097 0.274548
-0.0432496 1.16249 -0.00260758 0.591264 0.216517 0.776871 0.348416 0.265482
-0.0701475 1.18051 0.0097003 0.438823 0.259902 0.860166 0.342281 0.241
-0.108743 1.1434 0.0331595 0.171063 0.275666 0.94591 0.375084 0.214834
-0.142035 1.0995 0.0486388 -0.0951582 0.267582 0.958825 0.409283 0.192592
-0.137634 1.1625 0.0287986 -0.169573 0.336008 0.926468 0.362742 0.19219
-0.112465 1.07059 0.0525901 0.192296 0.21993 0.956375 0.428604 0.216439
-0.108743 1.1434 0.0331595 0.171063 0.275666 0.94591 0.375084 0.214834
-0.0794683 1.13296 0.027509 0.384142 0.235617 0.892703 0.378856 0.237947
-0.200286 0.887669 0.0648642 -0.469798 0.103469 0.876689 0.60232 0.371449
-0.162136 0.90992 0.0803556 -0.321987 0.101047 0.941336 0.586565 0.402414
-0.157234 0.845122 0.0868583 -0.270625 0.0539269 0.961173 0.635067 0.406624
-0.140059 1.02688 0.0657563 0.0408213 0.193361 0.980278 0.46261 0.197034
-0.142035 1.0995 0.0486388 -0.0951582 0.267582 0.958825 0.409283 0.192592
-0.112465 1.07059 0.0525901 0.192296 0.21993 0.956375 0.428604 0.216439
-0.155364 1.02764 0.0644784 -0.235292 0.202167 0.950666 0.462201 0.185155
-0.160909 1.11334 0.0385385 -0.346007 0.299216 0.889241 0.398215 0.177111
-0.142035 1.0995 0.0486388 -0.0951582 0.267582 0.958825 0.409283 0.192592
-0.142435 0.957572 0.07792 0.0199432 0.137379 0.990318 0.550921 0.416689
-0.14666 0.908102 0.0839467 -0.0321665 0.101955 0.994269 0.58808 0.41423
-0.162136 0.90992 0.0803556 -0.321987 0.101047 0.941336 0.586565 0.402414
-0.14666 0.908102 0.0839467 -0.0321665 0.101955 0.994269 0.58808 0.41423
-0.142435 0.957572 0.07792 0.0199432 0.137379 0.990318 0.550921 0.416689
-0.112461 0.94885 0.0739846 0.277306 0.113683 0.954032 0.556823 0.439453
-0.0828519 0.991348 0.0563481 0.449744 0.129498 0.88372 0.48362 0.244991
-0.0804129 0.941205 0.0610003 0.468255 0.0941485 0.878563 0.520486 0.250966
-0.112461 0.94885 0.0739846 0.277306 0.113683 0.954032 0.518996 0.22225
-0.109681 0.998097 0.0659332 0.2608 0.155781 0.952741 0.482012 0.222072
-0.112461 0.94885 0.0739846 0.277306 0.113683 0.954032 0.518996 0.22225
-0.142435 0.957572 0.07792 0.0199432 0.137379 0.990318 0.514389 0.196956
-0.0315051 0.933834 0.0235214 0.750171 0.0735521 0.657141 0.917005 0.145363
-0.0242798 0.884097 0.0200944 0.77851 0.0543123 0.625278 0.879628 0.141968
-0.0491323 0.862286 0.0473564 0.645645 0.0590513 0.761351 0.865007 0.170332
-0.0745318 0.891777 0.062917 0.492428 0.0781533 0.866837 0.888527 0.190871
-0.0804129 0.941205 0.0610003 0.468255 0.0941485 0.878563 0.92563 0.191048
-0.0501375 0.937289 0.0415051 0.631102 0.0831965 0.771226 0.920747 0.164482
-0.218617 0.796142 0.0528355 -0.84226 -0.0358146 0.537881 0.669339 0.352617
-0.215584 0.834351 0.0576682 -0.745037 -0.00273224 0.667017 0.64134 0.357754
-0.19875 0.764849 0.0693994 -0.500632 -0.0181668 0.86547 0.693327 0.370833
-0.194262 0.704118 0.067699 -0.507097 -0.0730155 0.858791 0.738334 0.370132
-0.209378 0.759546 0.0617037 -0.687501 -0.0444828 0.72482 0.696685 0.360916
-0.19875 0.764849 0.0693994 -0.500632 -0.0181668 0.86547 0.693327 0.370833
-0.172503 0.822215 0.0811191 -0.391805 0.0130826 0.919955 0.651733 0.39395
-0.19875 0.764849 0.0693994 -0.500632 -0.0181668 0.86547 0.693327 0.370833
-0.197644 0.832853 0.0695901 -0.479394 0.0287666 0.877128 0.643091 0.373692
-0.19875 0.764849 0.0693994 -0.500632 -0.0181668 0.86547 0.693327 0.370833
-0.148343 0.791141 0.090888 -0.186252 0.0071929 0.982476 0.675848 0.412422
-0.161446 0.742487 0.0847688 -0.35709 -0.0341317 0.933446 0.711745 0.399644
-0.194262 0.704118 0.067699 -0.507097 -0.0730155 0.858791 0.738334 0.370132
-0.19875 0.764849 0.0693994 -0.500632 -0.0181668 0.86547 0.693327 0.370833
-0.161446 0.742487 0.0847688 -0.35709 -0.0341317 0.933446 0.711745 0.399644
-0.148343 0.791141 0.090888 -0.186252 0.0071929 0.982476 0.675848 0.412422
-0.142938 0.832077 0.0895238 0.00329136 0.0643642 0.997921 0.645053 0.417348
-0.129734 0.801763 0.0899682 0.131365 0.0420358 0.990442 0.66846 0.42646
-0.138427 0.77101 0.0915389 -0.0233874 -0.00637689 0.999706 0.803425 0.251243
-0.108204 0.777969 0.0864434 0.27677 0.0442135 0.959919 0.806432 0.228022
-0.12103 0.697723 0.0909276 0.115079 0.00568034 0.99334 0.747768 0.24344
-0.11634 0.577284 0.0877433 -0.0716978 -0.0844259 0.993847 0.838504 0.419827
-0.128719 0.591604 0.0864105 -0.296791 -0.0940383 0.950301 0.826679 0.412179
-0.121323 0.637971 0.0906763 -0.00788803 -0.0319849 0.999457 0.792877 0.422317
-0.0958843 0.560952 0.0846963 0.16826 -0.0397276 0.984942 0.852988 0.432949
-0.0937061 0.522002 0.0829473 0.109715 -0.0708151 0.991437 0.882024 0.429897
-0.106471 0.518683 0.082829 -0.104239 -0.104439 0.989053 0.882986 0.420103
-0.135482 0.689503 0.090992 -0.167061 -0.0330156 0.985394 0.742631 0.254725
-0.141799 0.740569 0.0913219 -0.171172 -0.0102484 0.985188 0.781034 0.255875
-0.12103 0.697723 0.0909276 0.115079 0.00568034 0.99334 0.747768 0.24344
-0.121323 0.637971 0.0906763 -0.00788803 -0.0319849 0.999457 0.703371 0.247525
-0.135482 0.689503 0.090992 -0.167061 -0.0330156 0.985394 0.742631 0.254725
-0.12103 0.697723 0.0909276 0.115079 0.00568034 0.99334 0.747768 0.24344
-0.121323 0.637971 0.0906763 -0.00788803 -0.0319849 0.999457 0.703371 0.247525
-0.0903232 0.621594 0.0849528 0.277649 -0.00027729 0.960683 0.68925 0.225133
-0.107222 0.603122 0.0881591 0.146988 -0.0303163 0.988674 0.676568 0.238978
-0.0554723 0.76251 0.0606809 0.614841 0.0663381 0.785856 0.791397 0.185189
-0.0201353 0.805465 0.0217788 0.770029 0.0675391 0.634424 0.820954 0.14415
-0.0218763 0.713181 0.0338795 0.718079 0.0657787 0.692846 0.752539 0.15578
-0.0312042 0.581598 0.0523963 0.641029 0.053563 0.765645 0.655604 0.176999
-0.0272801 0.513145 0.0536244 0.583216 0.0298818 0.811767 0.604536 0.179145
-0.0524766 0.558146 0.0695317 0.505122 0.021412 0.862783 0.639728 0.198604
-0.0754595 0.717137 0.0768309 0.459264 0.04549 0.887134 0.759102 0.20671
-0.0903232 0.621594 0.0849528 0.277649 -0.00027729 0.960683 0.68925 0.225133
-0.0944967 0.699494 0.084959 0.298328 0.0220184 0.95421 0.747303 0.223149
-0.100644 0.433698 0.0749989 -0.256304 -0.110531 0.960256 0.888645 0.645007
-0.151474 0.460541 0.0547366 -0.518495 -0.165831 0.838846 0.896006 0.690742
-0.12739 0.470578 0.0682335 -0.405063 -0.138831 0.903687 0.909533 0.672334
-0.0694885 0.42814 0.0727406 0.249419 -0.0415397 0.967504 0.889996 0.620761
-0.0463099 0.359394 0.0643542 0.304845 -0.00740026 0.952373 0.844047 0.592344
-0.0757785 0.354137 0.0699272 0.0357791 -0.0634148 0.997346 0.835434 0.613697
-0.0757785 0.354137 0.0699272 0.0357791 -0.0634148 0.997346 0.835434 0.613697
-0.0604095 0.342204 0.0676036 0.174804 -0.0247186 0.984293 0.829519 0.600466
-0.0477872 0.288785 0.0628376 0.217993 -0.0623817 0.973955 0.793477 0.582731
-0.0951471 0.486512 0.0802698 0.0174102 -0.0744923 0.99707 0.92808 0.64948
-0.100644 0.433698 0.0749989 -0.256304 -0.110531 0.960256 0.888645 0.645007
-0.105279 0.482879 0.0785351 -0.247558 -0.11426 0.962112 0.923618 0.656533
-0.0951471 0.486512 0.0802698 0.0174102 -0.0744923 0.99707 0.92808 0.64948
-0.0757785 0.354137 0.0699272 0.0357791 -0.0634148 0.997346 0.835434 0.613697
-0.0853815 0.340462 0.0677409 -0.237427 -0.115362 0.964531 0.82394 0.618533
-0.0694885 0.42814 0.0727406 0.249419 -0.0415397 0.967504 0.889996 0.620761
-0.0532713 0.497096 0.0690382 0.433341 -0.0171665 0.901067 0.942896 0.618175
-0.0475731 0.441198 0.0657589 0.397054 -0.0117804 0.91772 0.903047 0.605462
-0.0765438 0.492272 0.0778537 0.249865 -0.0476625 0.967107 0.906187 0.439105
-0.0951471 0.486512 0.0802698 0.0174102 -0.0744923 0.99707 0.908057 0.424594
-0.106471 0.518683 0.082829 -0.104239 -0.104439 0.989053 0.882986 0.420103
-0.0765438 0.492272 0.0778537 0.249865 -0.0476625 0.967107 0.592187 0.221398
-0.0937061 0.522002 0.0829473 0.109715 -0.0708151 0.991437 0.615311 0.233046
-0.071563 0.548822 0.0784798 0.33529 -0.012984 0.942025 0.634034 0.214785
-0.0167613 0.446354 0.0485871 0.555358 0.0283057 0.831129 0.911816 0.579781
-0.0475731 0.441198 0.0657589 0.397054 -0.0117804 0.91772 0.903047 0.605462
-0.0532713 0.497096 0.0690382 0.433341 -0.0171665 0.901067 0.942896 0.618175
0.0067997 0.451063 0.0298882 0.689116 0.0536328 0.722664 0.919438 0.55803
0.0247359 0.375103 0.0163507 0.737088 0.0437466 0.67438 0.8671 0.530286
0.00221395 0.364113 0.0383446 0.61953 0.0227505 0.784643 0.855026 0.552004
0.00364304 0.0111437 -0.0566249 0.472327 -0.863735 -0.175695 0.383367 0.829549
0.026145 0.0254472 -0.0356185 0.854355 -0.467321 0.22735 0.388374 0.804421
0.0122452 0.0231656 -0.0674387 0.747743 -0.490163 -0.447908 0.371162 0.821537
0.00364304 0.0111437 -0.0566249 0.472327 -0.863735 -0.175695 0.383367 0.829549
-0.0176563 0.00565425 -0.0573008 0.0269964 -0.996522 -0.0788361 0.384854 0.846642
2.47955e-05 0.00986379 -0.0404539 0.290282 -0.944573 0.153358 0.395581 0.830144
-0.0436115 0.0239101 -0.0117996 -0.429876 -0.552763 0.713905 0.600029 0.538859
-0.0709963 0.0600779 -0.00170565 -0.571824 -0.431246 0.697886 0.621398 0.563367
-0.0421467 0.0411304 0.00114775 -0.272597 -0.443777 0.85367 0.615206 0.539654
-0.0236902 0.0207219 -0.00593853 0.0427472 -0.621959 0.781882 0.602899 0.524397
-0.0436115 0.0239101 -0.0117996 -0.429876 -0.552763 0.713905 0.600029 0.538859
-0.0421467 0.0411304 0.00114775 -0.272597 -0.443777 0.85367 0.615206 0.539654
0.026145 0.0254472 -0.0356185 0.854355 -0.467321 0.22735 0.601261 0.48322
-0.00203228 0.0251526 -0.00877786 0.446095 -0.465697 0.764281 0.606663 0.510029
0.0157671 0.0527986 -0.0210822 0.70991 -0.136546 0.690929 0.624974 0.49238
0.000730515 0.0136737 -0.0275197 0.328662 -0.866083 0.376671 0.592057 0.50351
0.026145 0.0254472 -0.0356185 0.854355 -0.467321 0.22735 0.601261 0.48322
2.47955e-05 0.00986379 -0.0404539 0.290282 -0.944573 0.153358 0.582538 0.500615
-0.0305824 0.0450132 0.00439358 0.0403779 -0.323826 0.945255 0.620106 0.531946
-0.0420189 0.0951179 0.0197215 0.0273784 -0.331188 0.943167 0.65482 0.547008
-0.0273609 0.0817232 0.0122082 0.352456 -0.238757 0.904859 0.646661 0.533725
0.0157671 0.0527986 -0.0210822 0.70991 -0.136546 0.690929 0.624974 0.49238
0.0313416 0.0897319 -0.0254397 0.736635 -0.279674 0.615753 0.653509 0.480854
0.028574 0.0480395 -0.0416656 0.766185 0.0108145 0.642529 0.618492 0.475062
0.0157671 0.0527986 -0.0210822 0.70991 -0.136546 0.690929 0.624974 0.49238
-0.00246143 0.0855085 -0.000235558 0.537039 -0.221121 0.81406 0.650595 0.512598
0.0313416 0.0897319 -0.0254397 0.736635 -0.279674 0.615753 0.653509 0.480854
-0.063242 0.247896 0.0611916 -0.0272113 -0.127588 0.991454 0.762247 0.587395
-0.0476398 0.213465 0.0553546 0.138467 -0.165582 0.976427 0.740426 0.570644
-0.0657253 0.200804 0.0524139 -0.204354 -0.225135 0.952656 0.72844 0.581261
0.0241661 0.117336 -0.00921416 0.617837 -0.264574 0.740458 0.675472 0.49313
-0.00246143 0.0855085 -0.000235558 0.537039 -0.221121 0.81406 0.650595 0.512598
-0.00969028 0.118101 0.015502 0.482229 -0.290797 0.826373 0.674833 0.52475
-0.0348873 0.13082 0.0314009 0.252937 -0.305932 0.917839 0.682309 0.547464
-0.00763893 0.158446 0.0295999 0.453319 -0.267408 0.850291 0.70537 0.531096
-0.00969028 0.118101 0.015502 0.482229 -0.290797 0.826373 0.674833 0.52475
-0.00763893 0.158446 0.0295999 0.453319 -0.267408 0.850291 0.70537 0.531096
-0.0348873 0.13082 0.0314009 0.252937 -0.305932 0.917839 0.682309 0.547464
-0.0230894 0.191998 0.0447917 0.321678 -0.193972 0.926767 0.728234 0.549013
-0.0657253 0.200804 0.0524139 -0.204354 -0.225135 0.952656 0.72844 0.581261
-0.0753784 0.255905 0.0600801 -0.292337 -0.13989 0.946028 0.765618 0.597478
-0.063242 0.247896 0.0611916 -0.0272113 -0.127588 0.991454 0.762247 0.587395
0.0353785 0.19249 0.00302696 0.711489 -0.121119 0.69218 0.733686 0.496209
0.00621319 0.239766 0.0352192 0.58839 -0.0659672 0.805882 0.765702 0.53203
0.0303278 0.246076 0.0137923 0.713913 -0.0419066 0.698979 0.772973 0.509204
-0.00103951 0.190061 0.0339704 0.534556 -0.159058 0.830031 0.729074 0.531113
0.0353785 0.19249 0.00302696 0.711489 -0.121119 0.69218 0.733686 0.496209
0.0151072 0.16098 0.0143383 0.620236 -0.227274 0.750769 0.708759 0.511361
0.05651 0.244089 -0.0166892 0.783848 -0.0302048 0.620218 0.774564 0.47933
0.0366406 0.298393 0.00758052 0.743888 0.018045 0.668061 0.812489 0.508743
0.0578837 0.327316 -0.0207839 0.808523 0.0480443 0.5865 0.837726 0.486577
material
0.2 0.2 0.2 0
1 1 1 1
0.2 0.2 0.2 20
texture assets\banana\Banana_tklkaixiw_Mid_2K_BaseColor.jpg
